Record_ID,State,District,Crop,Year,Avg_Temperature_C,Humidity_pct,Rainfall_mm,Fertilizer_Used_kg_ha,Yield_tons_per_ha
1001,Punjab,Ludhiana,Wheat,2019,21.7,70.0,428.4,138.7,4.0
1002,Punjab,Ludhiana,Rice,2019,27.4,70.0,619.2,86.6,2.81
1003,Punjab,Ludhiana,Maize,2019,26.2,70.0,368.4,166.4,3.74
1004,Punjab,Ludhiana,Cotton,2019,20.2,70.0,682.7,105.3,2.22
1005,Punjab,Patiala,Wheat,2019,21.4,70.0,549.7,190.0,4.31
1006,Punjab,Patiala,Rice,2019,18.9,70.0,839.9,158.3,3.53
1007,Punjab,Patiala,Maize,2019,28.6,70.0,746.3,116.7,2.93
1008,Punjab,Patiala,Cotton,2019,23.1,70.0,665.9,112.9,2.48
1009,Uttar Pradesh,Kanpur,Wheat,2019,36.7,70.0,140.8,15.3,0.29
1010,Uttar Pradesh,Kanpur,Rice,2019,27.6,70.0,910.0,144.0,3.57
1011,Uttar Pradesh,Kanpur,Maize,2019,28.3,70.0,872.6,96.6,3.21
1012,Uttar Pradesh,Kanpur,Cotton,2019,24.2,70.0,526.2,101.3,2.24
1013,Uttar Pradesh,Varanasi,Wheat,2019,21.3,70.0,336.0,216.9,4.42
1014,Uttar Pradesh,Varanasi,Rice,2019,40.1,70.0,73.8,22.8,0.33
1015,Uttar Pradesh,Varanasi,Maize,2019,18.5,70.0,430.6,153.0,3.66
1016,Uttar Pradesh,Varanasi,Cotton,2019,19.7,70.0,955.7,66.2,2.2
1017,West Bengal,Hooghly,Wheat,2019,19.1,70.0,469.3,184.5,4.78
1018,West Bengal,Hooghly,Rice,2019,27.4,70.0,921.0,158.4,3.85
1019,West Bengal,Hooghly,Maize,2019,26.5,70.0,457.0,148.1,3.63
1020,West Bengal,Hooghly,Cotton,2019,22.4,70.0,365.6,140.1,2.7
1021,West Bengal,Bardhaman,Wheat,2019,20.3,70.0,644.8,223.6,4.58
1022,West Bengal,Bardhaman,Rice,2019,28.2,70.0,974.5,128.3,3.71
1023,West Bengal,Bardhaman,Maize,2019,24.8,70.0,787.2,149.5,3.18
1024,West Bengal,Bardhaman,Cotton,2019,39.9,70.0,124.1,26.3,0.1
1025,Maharashtra,Nashik,Wheat,2019,25.8,70.0,858.8,256.8,4.67
1026,Maharashtra,Nashik,Rice,2019,23.6,70.0,325.2,130.6,3.04
1027,Maharashtra,Nashik,Maize,2019,20.6,70.0,839.0,108.8,3.24
1028,Maharashtra,Nashik,Cotton,2019,37.3,70.0,101.6,29.3,0.68
1029,Maharashtra,Pune,Wheat,2019,24.6,70.0,475.2,140.4,3.53
1030,Maharashtra,Pune,Rice,2019,27.1,70.0,549.2,98.4,3.47
1031,Maharashtra,Pune,Maize,2019,35.7,70.0,97.4,21.1,0.1
1032,Maharashtra,Pune,Cotton,2019,22.5,70.0,331.7,94.8,1.71
1033,Tamil Nadu,Thanjavur,Wheat,2019,25.0,70.0,318.6,197.0,4.66
1034,Tamil Nadu,Thanjavur,Rice,2019,29.5,70.0,570.3,148.5,3.97
1035,Tamil Nadu,Thanjavur,Maize,2019,28.5,70.0,740.3,110.8,3.63
1036,Tamil Nadu,Thanjavur,Cotton,2019,22.1,70.0,843.5,109.7,2.52
1037,Andhra Pradesh,Kurnool,Wheat,2019,18.1,70.0,572.4,164.7,4.49
1038,Andhra Pradesh,Kurnool,Rice,2019,26.1,70.0,530.1,145.5,4.34
1039,Andhra Pradesh,Kurnool,Maize,2019,28.7,70.0,609.1,124.0,3.24
1040,Andhra Pradesh,Kurnool,Cotton,2019,40.8,70.0,57.3,21.0,0.1
1041,Punjab,Ludhiana,Wheat,2020,19.3,70.0,934.4,156.4,4.36
1042,Punjab,Ludhiana,Rice,2020,22.5,70.0,973.5,144.4,3.91
1043,Punjab,Ludhiana,Maize,2020,25.6,70.0,666.2,125.3,3.21
1044,Punjab,Ludhiana,Cotton,2020,20.3,70.0,494.2,181.4,2.51
1045,Punjab,Patiala,Wheat,2020,28.9,70.0,413.8,181.4,3.8
1046,Punjab,Patiala,Rice,2020,28.1,70.0,978.9,101.7,3.79
1047,Punjab,Patiala,Maize,2020,30.0,70.0,999.8,67.9,2.48
1048,Punjab,Patiala,Cotton,2020,26.1,70.0,460.0,108.6,2.31
1049,Uttar Pradesh,Kanpur,Wheat,2020,24.6,70.0,896.5,149.5,4.12
1050,Uttar Pradesh,Kanpur,Rice,2020,18.2,70.0,395.5,127.7,3.85
1051,Uttar Pradesh,Kanpur,Maize,2020,22.8,70.0,848.6,101.2,3.04
1052,Uttar Pradesh,Kanpur,Cotton,2020,20.9,70.0,743.4,45.2,2.19
1053,Uttar Pradesh,Varanasi,Wheat,2020,37.4,70.0,68.2,19.2,0.1
1054,Uttar Pradesh,Varanasi,Rice,2020,19.4,70.0,362.1,146.6,3.83
1055,Uttar Pradesh,Varanasi,Maize,2020,29.1,70.0,911.5,136.4,3.58
1056,Uttar Pradesh,Varanasi,Cotton,2020,25.4,70.0,639.2,82.2,2.27
1057,West Bengal,Hooghly,Wheat,2020,23.4,70.0,375.0,144.8,3.82
1058,West Bengal,Hooghly,Rice,2020,19.4,70.0,529.2,132.6,3.91
1059,West Bengal,Hooghly,Maize,2020,26.9,70.0,710.8,126.3,3.64
1060,West Bengal,Hooghly,Cotton,2020,25.3,70.0,990.6,132.5,2.07
1061,West Bengal,Bardhaman,Wheat,2020,28.8,70.0,421.4,144.4,3.83
1062,West Bengal,Bardhaman,Rice,2020,20.1,70.0,480.5,129.5,3.8
1063,West Bengal,Bardhaman,Maize,2020,23.1,70.0,526.6,121.0,2.95
1064,West Bengal,Bardhaman,Cotton,2020,35.4,70.0,103.3,14.4,0.11
1065,Maharashtra,Nashik,Wheat,2020,22.2,70.0,588.3,149.7,4.46
1066,Maharashtra,Nashik,Rice,2020,27.5,70.0,397.8,158.9,3.55
1067,Maharashtra,Nashik,Maize,2020,22.7,70.0,914.0,78.7,3.09
1068,Maharashtra,Nashik,Cotton,2020,28.8,70.0,462.5,62.5,1.8
1069,Maharashtra,Pune,Wheat,2020,19.7,70.0,534.4,187.5,4.31
1070,Maharashtra,Pune,Rice,2020,26.9,70.0,473.9,162.7,3.85
1071,Maharashtra,Pune,Maize,2020,40.9,70.0,61.1,24.6,0.25
1072,Maharashtra,Pune,Cotton,2020,26.3,70.0,748.8,102.6,1.88
1073,Tamil Nadu,Thanjavur,Wheat,2020,25.0,70.0,407.3,157.8,4.71
1074,Tamil Nadu,Thanjavur,Rice,2020,36.1,70.0,120.7,27.7,1.42
1075,Tamil Nadu,Thanjavur,Maize,2020,29.8,70.0,379.3,108.0,3.42
1076,Tamil Nadu,Thanjavur,Cotton,2020,18.1,70.0,862.0,118.6,2.34
1077,Andhra Pradesh,Kurnool,Wheat,2020,20.7,70.0,616.6,184.9,4.06
1078,Andhra Pradesh,Kurnool,Rice,2020,25.6,70.0,706.4,129.1,3.32
1079,Andhra Pradesh,Kurnool,Maize,2020,42.0,70.0,58.5,12.4,0.47
1080,Andhra Pradesh,Kurnool,Cotton,2020,38.3,70.0,53.7,5.7,0.14
1081,Punjab,Ludhiana,Wheat,2021,28.3,70.0,427.3,155.7,3.9
1082,Punjab,Ludhiana,Rice,2021,20.7,70.0,319.0,118.6,2.94
1083,Punjab,Ludhiana,Maize,2021,26.7,70.0,470.2,116.1,3.48
1084,Punjab,Ludhiana,Cotton,2021,19.0,70.0,309.1,121.7,2.27
1085,Punjab,Patiala,Wheat,2021,25.5,70.0,487.6,167.3,3.68
1086,Punjab,Patiala,Rice,2021,23.8,70.0,907.9,102.6,3.34
1087,Punjab,Patiala,Maize,2021,29.8,70.0,884.5,116.1,3.34
1088,Punjab,Patiala,Cotton,2021,28.0,70.0,756.0,100.7,2.11
1089,Uttar Pradesh,Kanpur,Wheat,2021,24.2,70.0,568.2,209.6,4.64
1090,Uttar Pradesh,Kanpur,Rice,2021,37.0,70.0,88.9,7.4,0.36
1091,Uttar Pradesh,Kanpur,Maize,2021,20.6,70.0,812.8,98.8,3.02
1092,Uttar Pradesh,Kanpur,Cotton,2021,26.7,70.0,352.6,104.0,2.58
1093,Uttar Pradesh,Varanasi,Wheat,2021,25.1,70.0,490.5,187.2,4.31
1094,Uttar Pradesh,Varanasi,Rice,2021,27.7,70.0,812.6,125.6,3.5
1095,Uttar Pradesh,Varanasi,Maize,2021,24.8,70.0,426.4,145.3,3.08
1096,Uttar Pradesh,Varanasi,Cotton,2021,18.4,70.0,880.2,155.1,2.52
1097,West Bengal,Hooghly,Wheat,2021,38.8,70.0,81.5,2.0,0.28
1098,West Bengal,Hooghly,Rice,2021,27.6,70.0,957.3,149.2,4.04
1099,West Bengal,Hooghly,Maize,2021,27.2,70.0,988.9,154.2,3.15
1100,West Bengal,Hooghly,Cotton,2021,20.8,70.0,507.4,118.0,2.25
1101,West Bengal,Bardhaman,Wheat,2021,41.6,70.0,71.8,20.4,0.3
1102,West Bengal,Bardhaman,Rice,2021,20.8,70.0,658.9,177.7,3.92
1103,West Bengal,Bardhaman,Maize,2021,19.8,70.0,787.2,95.8,3.27
1104,West Bengal,Bardhaman,Cotton,2021,21.2,70.0,914.2,144.9,2.59
1105,Maharashtra,Nashik,Wheat,2021,24.0,70.0,806.4,176.4,4.32
1106,Maharashtra,Nashik,Rice,2021,26.1,70.0,543.5,121.1,2.58
1107,Maharashtra,Nashik,Maize,2021,26.2,70.0,788.2,142.6,3.58
1108,Maharashtra,Nashik,Cotton,2021,28.0,70.0,872.6,128.2,2.34
1109,Maharashtra,Pune,Wheat,2021,24.5,70.0,743.8,180.0,4.45
1110,Maharashtra,Pune,Rice,2021,19.2,70.0,952.4,126.4,3.66
1111,Maharashtra,Pune,Maize,2021,35.3,70.0,112.1,10.4,0.24
1112,Maharashtra,Pune,Cotton,2021,30.0,70.0,491.5,94.1,2.65
1113,Tamil Nadu,Thanjavur,Wheat,2021,29.4,70.0,491.3,158.2,4.41
1114,Tamil Nadu,Thanjavur,Rice,2021,22.9,70.0,988.8,129.3,4.22
1115,Tamil Nadu,Thanjavur,Maize,2021,29.6,70.0,631.2,115.7,3.15
1116,Tamil Nadu,Thanjavur,Cotton,2021,18.4,70.0,391.9,130.8,2.74
1117,Andhra Pradesh,Kurnool,Wheat,2021,20.4,70.0,601.2,200.8,4.47
1118,Andhra Pradesh,Kurnool,Rice,2021,18.9,70.0,308.1,129.7,3.71
1119,Andhra Pradesh,Kurnool,Maize,2021,23.8,70.0,327.7,172.6,3.8
1120,Andhra Pradesh,Kurnool,Cotton,2021,38.9,70.0,120.2,18.5,0.1
1121,Punjab,Ludhiana,Wheat,2022,20.4,70.0,860.4,168.8,4.03
1122,Punjab,Ludhiana,Rice,2022,40.6,70.0,121.4,26.1,1.25
1123,Punjab,Ludhiana,Maize,2022,19.0,70.0,812.1,137.2,3.52
1124,Punjab,Ludhiana,Cotton,2022,36.3,70.0,83.7,29.3,0.15
1125,Punjab,Patiala,Wheat,2022,26.2,70.0,439.7,205.4,4.74
1126,Punjab,Patiala,Rice,2022,29.9,70.0,559.7,99.7,3.51
1127,Punjab,Patiala,Maize,2022,25.1,70.0,493.8,183.3,3.74
1128,Punjab,Patiala,Cotton,2022,21.0,70.0,644.6,137.8,2.48
1129,Uttar Pradesh,Kanpur,Wheat,2022,21.1,70.0,978.6,181.0,4.33
1130,Uttar Pradesh,Kanpur,Rice,2022,23.2,70.0,880.2,154.0,3.98
1131,Uttar Pradesh,Kanpur,Maize,2022,27.7,70.0,890.9,122.0,3.02
1132,Uttar Pradesh,Kanpur,Cotton,2022,18.5,70.0,955.6,102.5,2.4
1133,Uttar Pradesh,Varanasi,Wheat,2022,24.2,70.0,618.3,152.2,3.91
1134,Uttar Pradesh,Varanasi,Rice,2022,35.7,70.0,147.0,20.2,0.15
1135,Uttar Pradesh,Varanasi,Maize,2022,28.4,70.0,732.5,140.9,3.97
1136,Uttar Pradesh,Varanasi,Cotton,2022,25.9,70.0,374.6,167.3,2.59
1137,West Bengal,Hooghly,Wheat,2022,21.9,70.0,582.9,194.1,4.75
1138,West Bengal,Hooghly,Rice,2022,18.1,70.0,681.1,154.3,4.06
1139,West Bengal,Hooghly,Maize,2022,20.7,70.0,561.3,59.1,2.61
1140,West Bengal,Hooghly,Cotton,2022,38.6,70.0,136.3,11.4,0.11
1141,West Bengal,Bardhaman,Wheat,2022,27.2,70.0,725.5,192.4,3.76
1142,West Bengal,Bardhaman,Rice,2022,23.8,70.0,371.0,162.9,3.99
1143,West Bengal,Bardhaman,Maize,2022,21.3,70.0,801.3,79.2,3.23
1144,West Bengal,Bardhaman,Cotton,2022,24.8,70.0,374.8,102.3,2.43
1145,Maharashtra,Nashik,Wheat,2022,28.6,70.0,873.4,174.9,3.97
1146,Maharashtra,Nashik,Rice,2022,27.4,70.0,465.8,146.1,3.57
1147,Maharashtra,Nashik,Maize,2022,20.0,70.0,710.6,136.6,3.11
1148,Maharashtra,Nashik,Cotton,2022,25.1,70.0,573.6,133.6,2.77
1149,Maharashtra,Pune,Wheat,2022,35.9,70.0,149.1,20.8,1.05
1150,Maharashtra,Pune,Rice,2022,36.3,70.0,139.4,2.6,0.1
1151,Maharashtra,Pune,Maize,2022,25.8,70.0,916.1,83.7,2.7
1152,Maharashtra,Pune,Cotton,2022,24.7,70.0,342.1,149.7,2.59
1153,Tamil Nadu,Thanjavur,Wheat,2022,27.5,70.0,765.4,196.9,4.1
1154,Tamil Nadu,Thanjavur,Rice,2022,19.1,70.0,736.5,151.4,3.86
1155,Tamil Nadu,Thanjavur,Maize,2022,29.2,70.0,361.3,114.6,3.58
1156,Tamil Nadu,Thanjavur,Cotton,2022,29.9,70.0,647.9,139.3,2.47
1157,Andhra Pradesh,Kurnool,Wheat,2022,27.7,70.0,907.6,172.6,4.36
1158,Andhra Pradesh,Kurnool,Rice,2022,40.8,70.0,114.1,29.3,0.31
1159,Andhra Pradesh,Kurnool,Maize,2022,38.5,70.0,67.5,22.9,1.12
1160,Andhra Pradesh,Kurnool,Cotton,2022,23.3,70.0,654.3,99.3,2.38
1161,Punjab,Ludhiana,Wheat,2023,29.9,70.0,340.7,186.4,4.56
1162,Punjab,Ludhiana,Rice,2023,26.3,70.0,370.7,117.6,3.46
1163,Punjab,Ludhiana,Maize,2023,23.1,70.0,668.9,87.9,3.12
1164,Punjab,Ludhiana,Cotton,2023,23.0,70.0,307.7,128.0,2.36
1165,Punjab,Patiala,Wheat,2023,20.9,70.0,308.5,165.0,4.4
1166,Punjab,Patiala,Rice,2023,37.3,70.0,65.0,14.6,0.28
1167,Punjab,Patiala,Maize,2023,27.4,70.0,968.7,75.3,2.64
1168,Punjab,Patiala,Cotton,2023,28.7,70.0,761.5,145.8,2.44
1169,Uttar Pradesh,Kanpur,Wheat,2023,18.5,70.0,776.2,157.1,4.18
1170,Uttar Pradesh,Kanpur,Rice,2023,37.5,70.0,123.8,28.7,0.1
1171,Uttar Pradesh,Kanpur,Maize,2023,18.3,70.0,485.5,97.0,2.97
1172,Uttar Pradesh,Kanpur,Cotton,2023,25.7,70.0,842.2,71.7,2.04
1173,Uttar Pradesh,Varanasi,Wheat,2023,27.0,70.0,707.7,166.4,4.62
1174,Uttar Pradesh,Varanasi,Rice,2023,39.3,70.0,93.9,13.0,0.35
1175,Uttar Pradesh,Varanasi,Maize,2023,28.3,70.0,871.2,88.7,3.4
1176,Uttar Pradesh,Varanasi,Cotton,2023,25.9,70.0,843.5,117.0,2.46
1177,West Bengal,Hooghly,Wheat,2023,24.1,70.0,449.5,186.2,4.39
1178,West Bengal,Hooghly,Rice,2023,28.5,70.0,782.2,168.1,3.81
1179,West Bengal,Hooghly,Maize,2023,19.2,70.0,994.3,124.6,3.16
1180,West Bengal,Hooghly,Cotton,2023,27.4,70.0,548.8,86.1,2.46
1181,West Bengal,Bardhaman,Wheat,2023,28.6,70.0,805.4,117.1,3.25
1182,West Bengal,Bardhaman,Rice,2023,18.8,70.0,749.6,88.3,3.34
1183,West Bengal,Bardhaman,Maize,2023,24.0,70.0,877.5,164.0,3.98
1184,West Bengal,Bardhaman,Cotton,2023,38.1,70.0,101.7,23.7,0.1
1185,Maharashtra,Nashik,Wheat,2023,29.2,70.0,998.8,158.7,3.63
1186,Maharashtra,Nashik,Rice,2023,24.9,70.0,568.7,169.2,3.49
1187,Maharashtra,Nashik,Maize,2023,23.2,70.0,481.5,126.6,2.87
1188,Maharashtra,Nashik,Cotton,2023,23.2,70.0,647.5,85.7,2.18
1189,Maharashtra,Pune,Wheat,2023,18.8,70.0,969.6,193.4,4.28
1190,Maharashtra,Pune,Rice,2023,23.4,70.0,831.6,123.6,3.62
1191,Maharashtra,Pune,Maize,2023,35.2,70.0,140.0,10.4,0.22
1192,Maharashtra,Pune,Cotton,2023,24.8,70.0,438.7,128.9,2.21
1193,Tamil Nadu,Thanjavur,Wheat,2023,28.2,70.0,475.7,165.0,4.18
1194,Tamil Nadu,Thanjavur,Rice,2023,19.0,70.0,680.5,121.6,3.59
1195,Tamil Nadu,Thanjavur,Maize,2023,18.7,70.0,681.8,121.7,2.77
1196,Tamil Nadu,Thanjavur,Cotton,2023,24.2,70.0,829.7,111.2,2.24
1197,Andhra Pradesh,Kurnool,Wheat,2023,24.5,70.0,936.5,163.1,4.44
1198,Andhra Pradesh,Kurnool,Rice,2023,27.5,70.0,501.0,140.3,3.37
1199,Andhra Pradesh,Kurnool,Maize,2023,27.5,70.0,787.1,130.7,3.87
1200,Andhra Pradesh,Kurnool,Cotton,2023,28.6,70.0,358.4,131.9,2.13
1201,Punjab,Ludhiana,Wheat,2019,28.6,70.0,416.2,195.2,4.64
1202,Punjab,Ludhiana,Rice,2019,28.3,70.0,431.2,185.9,4.08
1203,Punjab,Ludhiana,Maize,2019,23.9,70.0,550.5,157.9,3.8
1204,Punjab,Ludhiana,Cotton,2019,22.2,70.0,399.4,83.6,2.22
1205,Punjab,Patiala,Wheat,2019,25.6,70.0,985.4,191.1,4.22
1206,Punjab,Patiala,Rice,2019,36.6,70.0,135.6,5.2,0.16
1207,Punjab,Patiala,Maize,2019,21.6,70.0,323.2,127.6,3.73
1208,Punjab,Patiala,Cotton,2019,26.0,70.0,935.0,133.1,2.58
1209,Uttar Pradesh,Kanpur,Wheat,2019,19.3,70.0,983.8,192.5,4.42
1210,Uttar Pradesh,Kanpur,Rice,2019,27.0,70.0,937.5,146.9,3.88
1211,Uttar Pradesh,Kanpur,Maize,2019,23.6,70.0,308.7,108.2,3.54
1212,Uttar Pradesh,Kanpur,Cotton,2019,28.7,70.0,715.3,100.5,2.22
1213,Uttar Pradesh,Varanasi,Wheat,2019,39.2,70.0,133.1,1.9,0.23
1214,Uttar Pradesh,Varanasi,Rice,2019,38.6,70.0,107.2,26.4,0.12
1215,Uttar Pradesh,Varanasi,Maize,2019,25.6,70.0,725.0,126.3,3.68
1216,Uttar Pradesh,Varanasi,Cotton,2019,29.4,70.0,756.6,82.0,2.59
1217,West Bengal,Hooghly,Wheat,2019,18.5,70.0,630.7,154.6,4.22
1218,West Bengal,Hooghly,Rice,2019,20.5,70.0,496.5,105.0,3.38
1219,West Bengal,Hooghly,Maize,2019,38.6,70.0,107.2,24.1,0.11
1220,West Bengal,Hooghly,Cotton,2019,28.5,70.0,655.2,108.0,2.27
1221,West Bengal,Bardhaman,Wheat,2019,25.3,70.0,799.8,166.9,3.42
1222,West Bengal,Bardhaman,Rice,2019,22.4,70.0,619.4,126.8,3.96
1223,West Bengal,Bardhaman,Maize,2019,39.7,70.0,144.2,10.6,0.1
1224,West Bengal,Bardhaman,Cotton,2019,28.8,70.0,384.4,151.1,2.57
1225,Maharashtra,Nashik,Wheat,2019,35.9,70.0,54.4,17.3,0.1
1226,Maharashtra,Nashik,Rice,2019,21.3,70.0,771.1,148.1,3.9
1227,Maharashtra,Nashik,Maize,2019,22.5,70.0,707.5,99.9,3.26
1228,Maharashtra,Nashik,Cotton,2019,22.2,70.0,923.1,124.2,2.48
1229,Maharashtra,Pune,Wheat,2019,26.1,70.0,517.9,164.1,3.71
1230,Maharashtra,Pune,Rice,2019,18.3,70.0,639.9,98.1,3.24
1231,Maharashtra,Pune,Maize,2019,19.4,70.0,930.1,95.1,3.06
1232,Maharashtra,Pune,Cotton,2019,22.1,70.0,569.9,120.2,2.62
1233,Tamil Nadu,Thanjavur,Wheat,2019,21.1,70.0,511.6,158.1,4.61
1234,Tamil Nadu,Thanjavur,Rice,2019,25.5,70.0,610.8,115.9,3.39
1235,Tamil Nadu,Thanjavur,Maize,2019,23.7,70.0,327.6,126.7,3.6
1236,Tamil Nadu,Thanjavur,Cotton,2019,27.5,70.0,387.4,124.8,2.57
1237,Andhra Pradesh,Kurnool,Wheat,2019,21.4,70.0,562.7,159.2,4.28
1238,Andhra Pradesh,Kurnool,Rice,2019,22.9,70.0,986.5,154.2,3.13
1239,Andhra Pradesh,Kurnool,Maize,2019,25.5,70.0,657.3,139.2,3.9
1240,Andhra Pradesh,Kurnool,Cotton,2019,22.3,70.0,509.6,96.2,2.54
1241,Punjab,Ludhiana,Wheat,2020,27.0,70.0,400.0,152.1,3.86
1242,Punjab,Ludhiana,Rice,2020,22.9,70.0,354.4,168.2,3.87
1243,Punjab,Ludhiana,Maize,2020,18.9,70.0,509.7,113.7,3.26
1244,Punjab,Ludhiana,Cotton,2020,29.2,70.0,862.4,120.7,2.41
1245,Punjab,Patiala,Wheat,2020,22.3,70.0,722.4,168.0,3.94
1246,Punjab,Patiala,Rice,2020,26.6,70.0,469.4,82.9,2.87
1247,Punjab,Patiala,Maize,2020,21.4,70.0,647.7,125.3,3.24
1248,Punjab,Patiala,Cotton,2020,35.3,70.0,101.1,0.0,0.21
1249,Uttar Pradesh,Kanpur,Wheat,2020,37.5,70.0,60.2,9.5,0.13
1250,Uttar Pradesh,Kanpur,Rice,2020,29.6,70.0,564.1,149.2,3.75
1251,Uttar Pradesh,Kanpur,Maize,2020,36.2,70.0,50.4,21.1,1.07
1252,Uttar Pradesh,Kanpur,Cotton,2020,18.6,70.0,750.9,122.9,2.64
1253,Uttar Pradesh,Varanasi,Wheat,2020,18.6,70.0,558.9,134.7,3.61
1254,Uttar Pradesh,Varanasi,Rice,2020,20.6,70.0,916.1,197.4,4.2
1255,Uttar Pradesh,Varanasi,Maize,2020,22.7,70.0,751.4,173.3,3.42
1256,Uttar Pradesh,Varanasi,Cotton,2020,18.2,70.0,884.8,118.6,2.0
1257,West Bengal,Hooghly,Wheat,2020,35.1,70.0,109.5,15.9,0.1
1258,West Bengal,Hooghly,Rice,2020,29.7,70.0,664.9,154.7,3.84
1259,West Bengal,Hooghly,Maize,2020,37.1,70.0,51.8,8.0,0.2
1260,West Bengal,Hooghly,Cotton,2020,22.8,70.0,620.6,159.4,2.42
1261,West Bengal,Bardhaman,Wheat,2020,29.5,70.0,340.5,187.3,3.7
1262,West Bengal,Bardhaman,Rice,2020,25.5,70.0,398.6,132.6,3.75
1263,West Bengal,Bardhaman,Maize,2020,41.4,70.0,84.5,7.8,0.41
1264,West Bengal,Bardhaman,Cotton,2020,29.5,70.0,394.0,117.7,2.58
1265,Maharashtra,Nashik,Wheat,2020,24.6,70.0,621.8,167.0,3.7
1266,Maharashtra,Nashik,Rice,2020,25.1,70.0,605.9,84.6,3.04
1267,Maharashtra,Nashik,Maize,2020,41.7,70.0,144.4,27.2,0.33
1268,Maharashtra,Nashik,Cotton,2020,26.0,70.0,748.4,123.7,2.28
1269,Maharashtra,Pune,Wheat,2020,28.2,70.0,525.2,148.9,4.04
1270,Maharashtra,Pune,Rice,2020,22.8,70.0,502.2,149.3,3.56
1271,Maharashtra,Pune,Maize,2020,22.3,70.0,694.9,85.7,2.65
1272,Maharashtra,Pune,Cotton,2020,29.4,70.0,497.7,110.4,2.2
1273,Tamil Nadu,Thanjavur,Wheat,2020,29.4,70.0,925.9,199.8,4.76
1274,Tamil Nadu,Thanjavur,Rice,2020,22.0,70.0,430.3,134.9,3.4
1275,Tamil Nadu,Thanjavur,Maize,2020,37.3,70.0,133.6,24.3,0.26
1276,Tamil Nadu,Thanjavur,Cotton,2020,27.2,70.0,389.5,126.2,2.42
1277,Andhra Pradesh,Kurnool,Wheat,2020,37.1,70.0,80.4,6.8,0.32
1278,Andhra Pradesh,Kurnool,Rice,2020,27.8,70.0,798.8,96.6,3.69
1279,Andhra Pradesh,Kurnool,Maize,2020,24.5,70.0,354.9,108.9,2.93
1280,Andhra Pradesh,Kurnool,Cotton,2020,27.1,70.0,800.1,137.9,2.54
1281,Punjab,Ludhiana,Wheat,2021,23.5,70.0,800.0,166.1,4.12
1282,Punjab,Ludhiana,Rice,2021,22.0,70.0,541.7,153.1,3.96
1283,Punjab,Ludhiana,Maize,2021,26.8,70.0,850.3,133.4,3.72
1284,Punjab,Ludhiana,Cotton,2021,24.6,70.0,872.0,94.2,2.6
1285,Punjab,Patiala,Wheat,2021,28.4,70.0,392.2,187.7,4.36
1286,Punjab,Patiala,Rice,2021,24.9,70.0,737.4,136.0,3.64
1287,Punjab,Patiala,Maize,2021,22.9,70.0,812.9,116.9,2.67
1288,Punjab,Patiala,Cotton,2021,26.1,70.0,749.2,70.7,1.84
1289,Uttar Pradesh,Kanpur,Wheat,2021,29.8,70.0,602.4,159.6,4.55
1290,Uttar Pradesh,Kanpur,Rice,2021,22.8,70.0,542.6,161.5,3.59
1291,Uttar Pradesh,Kanpur,Maize,2021,18.9,70.0,722.5,101.0,2.71
1292,Uttar Pradesh,Kanpur,Cotton,2021,21.8,70.0,727.0,132.4,2.63
1293,Uttar Pradesh,Varanasi,Wheat,2021,26.2,70.0,790.8,121.1,4.22
1294,Uttar Pradesh,Varanasi,Rice,2021,20.3,70.0,887.9,143.3,3.4
1295,Uttar Pradesh,Varanasi,Maize,2021,18.1,70.0,806.4,93.3,3.72
1296,Uttar Pradesh,Varanasi,Cotton,2021,21.0,70.0,309.6,153.9,2.53
1297,West Bengal,Hooghly,Wheat,2021,19.0,70.0,771.0,171.5,4.03
1298,West Bengal,Hooghly,Rice,2021,24.3,70.0,816.5,147.2,3.73
1299,West Bengal,Hooghly,Maize,2021,26.0,70.0,926.7,96.3,3.44
1300,West Bengal,Hooghly,Cotton,2021,29.2,70.0,754.5,116.9,2.3
1301,West Bengal,Bardhaman,Wheat,2021,40.4,70.0,60.5,27.8,0.1
1302,West Bengal,Bardhaman,Rice,2021,26.2,70.0,869.9,132.3,3.67
1303,West Bengal,Bardhaman,Maize,2021,37.5,70.0,85.7,16.1,0.22
1304,West Bengal,Bardhaman,Cotton,2021,19.2,70.0,913.4,112.5,2.2
1305,Maharashtra,Nashik,Wheat,2021,27.0,70.0,901.1,134.6,3.74
1306,Maharashtra,Nashik,Rice,2021,20.0,70.0,382.3,120.2,3.3
1307,Maharashtra,Nashik,Maize,2021,25.3,70.0,663.5,145.0,2.84
1308,Maharashtra,Nashik,Cotton,2021,24.5,70.0,600.3,122.0,2.55
1309,Maharashtra,Pune,Wheat,2021,19.4,70.0,672.8,181.3,4.0
1310,Maharashtra,Pune,Rice,2021,20.5,70.0,927.0,128.9,3.4
1311,Maharashtra,Pune,Maize,2021,36.8,70.0,118.9,18.9,0.25
1312,Maharashtra,Pune,Cotton,2021,37.3,70.0,98.5,25.3,0.75
1313,Tamil Nadu,Thanjavur,Wheat,2021,20.4,70.0,931.2,181.9,4.63
1314,Tamil Nadu,Thanjavur,Rice,2021,23.2,70.0,862.7,85.9,3.19
1315,Tamil Nadu,Thanjavur,Maize,2021,25.9,70.0,805.9,69.3,3.18
1316,Tamil Nadu,Thanjavur,Cotton,2021,27.6,70.0,826.2,96.8,2.29
1317,Andhra Pradesh,Kurnool,Wheat,2021,27.0,70.0,923.3,173.0,4.83
1318,Andhra Pradesh,Kurnool,Rice,2021,23.7,70.0,409.5,168.2,3.72
1319,Andhra Pradesh,Kurnool,Maize,2021,24.1,70.0,935.5,110.1,3.18
1320,Andhra Pradesh,Kurnool,Cotton,2021,29.3,70.0,484.8,134.3,2.63
1321,Punjab,Ludhiana,Wheat,2022,25.9,70.0,485.2,173.5,4.43
1322,Punjab,Ludhiana,Rice,2022,18.4,70.0,481.7,143.0,3.84
1323,Punjab,Ludhiana,Maize,2022,21.9,70.0,921.7,126.5,3.32
1324,Punjab,Ludhiana,Cotton,2022,28.3,70.0,864.7,99.4,2.34
1325,Punjab,Patiala,Wheat,2022,36.6,70.0,115.4,9.4,0.16
1326,Punjab,Patiala,Rice,2022,38.9,70.0,112.0,25.1,0.34
1327,Punjab,Patiala,Maize,2022,22.7,70.0,795.2,152.3,3.42
1328,Punjab,Patiala,Cotton,2022,29.8,70.0,996.9,83.7,2.37
1329,Uttar Pradesh,Kanpur,Wheat,2022,22.5,70.0,774.3,165.6,4.42
1330,Uttar Pradesh,Kanpur,Rice,2022,20.2,70.0,719.5,113.5,3.57
1331,Uttar Pradesh,Kanpur,Maize,2022,27.6,70.0,886.7,167.6,3.44
1332,Uttar Pradesh,Kanpur,Cotton,2022,25.0,70.0,944.9,121.5,2.12
1333,Uttar Pradesh,Varanasi,Wheat,2022,39.6,70.0,138.3,26.4,0.27
1334,Uttar Pradesh,Varanasi,Rice,2022,23.6,70.0,981.4,148.6,4.1
1335,Uttar Pradesh,Varanasi,Maize,2022,20.8,70.0,447.6,104.0,3.33
1336,Uttar Pradesh,Varanasi,Cotton,2022,27.6,70.0,494.9,98.7,2.32
1337,West Bengal,Hooghly,Wheat,2022,20.5,70.0,343.8,161.1,3.67
1338,West Bengal,Hooghly,Rice,2022,19.6,70.0,862.7,131.6,3.45
1339,West Bengal,Hooghly,Maize,2022,21.7,70.0,621.7,85.3,2.85
1340,West Bengal,Hooghly,Cotton,2022,28.3,70.0,843.9,130.9,2.39
1341,West Bengal,Bardhaman,Wheat,2022,23.8,70.0,644.8,218.3,4.12
1342,West Bengal,Bardhaman,Rice,2022,20.4,70.0,388.2,179.2,3.64
1343,West Bengal,Bardhaman,Maize,2022,22.5,70.0,686.9,98.1,3.24
1344,West Bengal,Bardhaman,Cotton,2022,21.4,70.0,878.0,98.1,1.99
1345,Maharashtra,Nashik,Wheat,2022,24.7,70.0,360.9,164.2,4.4
1346,Maharashtra,Nashik,Rice,2022,21.2,70.0,474.8,138.3,3.17
1347,Maharashtra,Nashik,Maize,2022,37.5,70.0,95.8,4.6,0.32
1348,Maharashtra,Nashik,Cotton,2022,27.1,70.0,626.4,100.7,2.0
1349,Maharashtra,Pune,Wheat,2022,20.5,70.0,321.3,143.9,4.17
1350,Maharashtra,Pune,Rice,2022,24.6,70.0,324.4,97.0,3.44
1351,Maharashtra,Pune,Maize,2022,21.4,70.0,725.8,121.1,3.1
1352,Maharashtra,Pune,Cotton,2022,26.1,70.0,465.9,93.5,2.28
1353,Tamil Nadu,Thanjavur,Wheat,2022,18.4,70.0,541.6,181.2,4.54
1354,Tamil Nadu,Thanjavur,Rice,2022,29.4,70.0,893.7,167.0,3.93
1355,Tamil Nadu,Thanjavur,Maize,2022,21.1,70.0,610.0,135.0,3.94
1356,Tamil Nadu,Thanjavur,Cotton,2022,23.4,70.0,977.7,102.5,1.86
1357,Andhra Pradesh,Kurnool,Wheat,2022,27.8,70.0,933.1,200.4,4.65
1358,Andhra Pradesh,Kurnool,Rice,2022,20.2,70.0,433.4,185.5,4.09
1359,Andhra Pradesh,Kurnool,Maize,2022,21.6,70.0,645.0,90.5,2.75
1360,Andhra Pradesh,Kurnool,Cotton,2022,25.9,70.0,813.1,162.5,2.68
1361,Punjab,Ludhiana,Wheat,2023,23.6,70.0,703.8,171.8,4.21
1362,Punjab,Ludhiana,Rice,2023,41.6,70.0,79.6,17.0,0.26
1363,Punjab,Ludhiana,Maize,2023,20.7,70.0,620.6,125.1,3.22
1364,Punjab,Ludhiana,Cotton,2023,22.4,70.0,545.6,106.8,2.6
1365,Punjab,Patiala,Wheat,2023,22.6,70.0,454.9,158.9,3.98
1366,Punjab,Patiala,Rice,2023,18.4,70.0,672.1,142.7,3.44
1367,Punjab,Patiala,Maize,2023,23.0,70.0,347.9,121.7,2.98
1368,Punjab,Patiala,Cotton,2023,37.8,70.0,105.1,10.6,0.19
1369,Uttar Pradesh,Kanpur,Wheat,2023,26.1,70.0,589.2,153.0,4.1
1370,Uttar Pradesh,Kanpur,Rice,2023,24.7,70.0,915.5,136.4,3.8
1371,Uttar Pradesh,Kanpur,Maize,2023,24.4,70.0,826.7,117.1,3.22
1372,Uttar Pradesh,Kanpur,Cotton,2023,23.2,70.0,891.3,164.4,2.7
1373,Uttar Pradesh,Varanasi,Wheat,2023,21.9,70.0,701.1,164.4,4.36
1374,Uttar Pradesh,Varanasi,Rice,2023,29.9,70.0,486.1,151.3,3.75
1375,Uttar Pradesh,Varanasi,Maize,2023,24.6,70.0,515.1,117.2,3.17
1376,Uttar Pradesh,Varanasi,Cotton,2023,25.9,70.0,311.6,113.8,2.27
1377,West Bengal,Hooghly,Wheat,2023,18.5,70.0,335.4,188.3,4.13
1378,West Bengal,Hooghly,Rice,2023,37.8,70.0,108.8,1.2,0.34
1379,West Bengal,Hooghly,Maize,2023,18.6,70.0,684.9,85.8,2.96
1380,West Bengal,Hooghly,Cotton,2023,28.4,70.0,536.2,121.5,2.23
1381,West Bengal,Bardhaman,Wheat,2023,37.8,70.0,83.4,13.3,0.1
1382,West Bengal,Bardhaman,Rice,2023,22.3,70.0,487.7,144.3,4.28
1383,West Bengal,Bardhaman,Maize,2023,41.2,70.0,76.0,19.2,0.1
1384,West Bengal,Bardhaman,Cotton,2023,27.9,70.0,771.2,99.2,1.81
1385,Maharashtra,Nashik,Wheat,2023,19.9,70.0,994.8,165.7,4.47
1386,Maharashtra,Nashik,Rice,2023,23.1,70.0,587.8,205.6,3.68
1387,Maharashtra,Nashik,Maize,2023,27.8,70.0,311.3,167.6,3.55
1388,Maharashtra,Nashik,Cotton,2023,41.1,70.0,75.3,23.0,0.11
1389,Maharashtra,Pune,Wheat,2023,21.3,70.0,600.3,224.5,4.69
1390,Maharashtra,Pune,Rice,2023,19.6,70.0,342.0,169.4,3.87
1391,Maharashtra,Pune,Maize,2023,35.1,70.0,96.5,10.0,0.32
1392,Maharashtra,Pune,Cotton,2023,37.1,70.0,67.5,16.4,0.11
1393,Tamil Nadu,Thanjavur,Wheat,2023,39.2,70.0,59.0,2.1,0.28
1394,Tamil Nadu,Thanjavur,Rice,2023,28.8,70.0,788.5,145.0,3.91
1395,Tamil Nadu,Thanjavur,Maize,2023,25.1,70.0,743.6,163.6,3.66
1396,Tamil Nadu,Thanjavur,Cotton,2023,35.7,70.0,63.5,10.3,0.1
1397,Andhra Pradesh,Kurnool,Wheat,2023,18.2,70.0,478.1,199.7,4.88
1398,Andhra Pradesh,Kurnool,Rice,2023,25.3,70.0,566.0,134.2,3.91
1399,Andhra Pradesh,Kurnool,Maize,2023,41.1,70.0,103.2,13.3,0.14
1400,Andhra Pradesh,Kurnool,Cotton,2023,21.8,70.0,777.5,164.5,2.34
1401,Punjab,Ludhiana,Wheat,2019,41.1,70.0,125.3,21.0,1.14
1402,Punjab,Ludhiana,Rice,2019,19.5,70.0,437.4,140.2,3.44
1403,Punjab,Ludhiana,Maize,2019,27.8,70.0,746.4,113.7,3.09
1404,Punjab,Ludhiana,Cotton,2019,25.0,70.0,866.9,96.4,1.96
1405,Punjab,Patiala,Wheat,2019,28.9,70.0,551.0,210.7,4.11
1406,Punjab,Patiala,Rice,2019,21.0,70.0,954.3,157.5,4.17
1407,Punjab,Patiala,Maize,2019,25.9,70.0,413.3,65.3,2.74
1408,Punjab,Patiala,Cotton,2019,35.4,70.0,114.8,13.3,0.1
1409,Uttar Pradesh,Kanpur,Wheat,2019,19.5,70.0,536.7,148.0,4.92
1410,Uttar Pradesh,Kanpur,Rice,2019,27.6,70.0,541.8,146.8,3.87
1411,Uttar Pradesh,Kanpur,Maize,2019,23.2,70.0,406.0,106.0,3.07
1412,Uttar Pradesh,Kanpur,Cotton,2019,29.3,70.0,493.9,140.6,2.82
1413,Uttar Pradesh,Varanasi,Wheat,2019,38.6,70.0,90.5,1.2,0.37
1414,Uttar Pradesh,Varanasi,Rice,2019,23.3,70.0,392.5,165.1,3.93
1415,Uttar Pradesh,Varanasi,Maize,2019,40.7,70.0,54.8,13.3,0.38
1416,Uttar Pradesh,Varanasi,Cotton,2019,25.2,70.0,849.1,90.7,2.35
1417,West Bengal,Hooghly,Wheat,2019,18.7,70.0,429.4,189.5,4.32
1418,West Bengal,Hooghly,Rice,2019,20.2,70.0,414.4,152.3,4.08
1419,West Bengal,Hooghly,Maize,2019,19.7,70.0,887.4,73.8,3.02
1420,West Bengal,Hooghly,Cotton,2019,18.5,70.0,751.9,162.0,2.54
1421,West Bengal,Bardhaman,Wheat,2019,22.6,70.0,399.8,169.2,3.83
1422,West Bengal,Bardhaman,Rice,2019,20.1,70.0,534.8,168.0,3.94
1423,West Bengal,Bardhaman,Maize,2019,35.7,70.0,73.7,11.8,0.32
1424,West Bengal,Bardhaman,Cotton,2019,29.9,70.0,847.7,69.3,2.07
1425,Maharashtra,Nashik,Wheat,2019,27.6,70.0,426.6,155.3,3.77
1426,Maharashtra,Nashik,Rice,2019,26.3,70.0,341.7,135.8,3.45
1427,Maharashtra,Nashik,Maize,2019,19.9,70.0,393.1,128.4,2.47
1428,Maharashtra,Nashik,Cotton,2019,19.9,70.0,702.9,40.4,1.91
1429,Maharashtra,Pune,Wheat,2019,24.8,70.0,846.1,142.4,3.96
1430,Maharashtra,Pune,Rice,2019,21.1,70.0,393.2,159.4,3.81
1431,Maharashtra,Pune,Maize,2019,23.7,70.0,422.1,78.6,2.54
1432,Maharashtra,Pune,Cotton,2019,28.3,70.0,315.8,100.7,2.12
1433,Tamil Nadu,Thanjavur,Wheat,2019,20.2,70.0,700.5,171.5,4.55
1434,Tamil Nadu,Thanjavur,Rice,2019,19.0,70.0,730.8,158.9,3.41
1435,Tamil Nadu,Thanjavur,Maize,2019,18.2,70.0,952.9,141.7,3.69
1436,Tamil Nadu,Thanjavur,Cotton,2019,20.8,70.0,334.5,79.7,2.21
1437,Andhra Pradesh,Kurnool,Wheat,2019,21.8,70.0,832.0,181.1,4.51
1438,Andhra Pradesh,Kurnool,Rice,2019,26.3,70.0,836.1,124.5,3.65
1439,Andhra Pradesh,Kurnool,Maize,2019,38.0,70.0,81.2,15.1,0.27
1440,Andhra Pradesh,Kurnool,Cotton,2019,22.4,70.0,936.5,109.5,2.1
1441,Punjab,Ludhiana,Wheat,2020,27.7,70.0,521.9,123.0,3.83
1442,Punjab,Ludhiana,Rice,2020,26.2,70.0,961.5,157.7,3.7
1443,Punjab,Ludhiana,Maize,2020,19.6,70.0,903.0,180.8,3.2
1444,Punjab,Ludhiana,Cotton,2020,19.6,70.0,901.0,122.5,2.52
1445,Punjab,Patiala,Wheat,2020,22.6,70.0,894.4,189.7,4.94
1446,Punjab,Patiala,Rice,2020,27.9,70.0,622.6,189.9,4.02
1447,Punjab,Patiala,Maize,2020,26.7,70.0,915.5,97.7,3.31
1448,Punjab,Patiala,Cotton,2020,36.9,70.0,113.1,20.4,0.27
1449,Uttar Pradesh,Kanpur,Wheat,2020,24.2,70.0,540.9,136.5,4.4
1450,Uttar Pradesh,Kanpur,Rice,2020,23.0,70.0,716.8,118.0,3.63
1451,Uttar Pradesh,Kanpur,Maize,2020,27.0,70.0,479.7,82.5,3.4
1452,Uttar Pradesh,Kanpur,Cotton,2020,20.5,70.0,338.3,122.5,2.35
1453,Uttar Pradesh,Varanasi,Wheat,2020,40.1,70.0,56.8,3.6,0.22
1454,Uttar Pradesh,Varanasi,Rice,2020,19.3,70.0,803.1,139.8,3.03
1455,Uttar Pradesh,Varanasi,Maize,2020,40.6,70.0,89.2,1.2,0.1
1456,Uttar Pradesh,Varanasi,Cotton,2020,23.8,70.0,992.2,103.4,2.19
1457,West Bengal,Hooghly,Wheat,2020,27.9,70.0,536.1,118.7,3.96
1458,West Bengal,Hooghly,Rice,2020,41.3,70.0,137.6,11.3,0.13
1459,West Bengal,Hooghly,Maize,2020,19.5,70.0,848.2,90.0,2.75
1460,West Bengal,Hooghly,Cotton,2020,24.1,70.0,309.3,129.3,2.48
1461,West Bengal,Bardhaman,Wheat,2020,26.3,70.0,411.9,161.8,3.29
1462,West Bengal,Bardhaman,Rice,2020,19.0,70.0,682.9,109.1,3.8
1463,West Bengal,Bardhaman,Maize,2020,27.2,70.0,398.8,118.6,3.14
1464,West Bengal,Bardhaman,Cotton,2020,36.0,70.0,69.2,18.8,0.19
1465,Maharashtra,Nashik,Wheat,2020,19.8,70.0,549.2,161.3,4.19
1466,Maharashtra,Nashik,Rice,2020,25.2,70.0,750.0,129.2,3.49
1467,Maharashtra,Nashik,Maize,2020,28.6,70.0,376.9,155.8,3.19
1468,Maharashtra,Nashik,Cotton,2020,35.6,70.0,88.7,7.2,0.1
1469,Maharashtra,Pune,Wheat,2020,37.2,70.0,62.3,14.5,0.17
1470,Maharashtra,Pune,Rice,2020,21.9,70.0,941.5,178.6,4.38
1471,Maharashtra,Pune,Maize,2020,29.0,70.0,820.7,112.3,3.26
1472,Maharashtra,Pune,Cotton,2020,27.1,70.0,698.3,85.4,1.72
1473,Tamil Nadu,Thanjavur,Wheat,2020,28.1,70.0,863.6,196.5,4.71
1474,Tamil Nadu,Thanjavur,Rice,2020,20.2,70.0,744.3,151.6,4.03
1475,Tamil Nadu,Thanjavur,Maize,2020,26.6,70.0,977.1,160.6,3.49
1476,Tamil Nadu,Thanjavur,Cotton,2020,19.5,70.0,612.7,134.7,2.61
1477,Andhra Pradesh,Kurnool,Wheat,2020,27.2,70.0,811.9,157.3,3.96
1478,Andhra Pradesh,Kurnool,Rice,2020,22.7,70.0,718.1,134.0,3.8
1479,Andhra Pradesh,Kurnool,Maize,2020,26.5,70.0,415.8,104.8,3.81
1480,Andhra Pradesh,Kurnool,Cotton,2020,29.4,70.0,604.8,141.0,2.47
1481,Punjab,Ludhiana,Wheat,2021,25.2,70.0,695.1,137.1,4.26
1482,Punjab,Ludhiana,Rice,2021,25.5,70.0,766.7,122.7,3.53
1483,Punjab,Ludhiana,Maize,2021,19.0,70.0,430.0,165.4,3.2
1484,Punjab,Ludhiana,Cotton,2021,24.0,70.0,945.9,96.3,2.21
1485,Punjab,Patiala,Wheat,2021,38.4,70.0,124.1,16.6,0.1
1486,Punjab,Patiala,Rice,2021,35.5,70.0,92.9,14.5,0.2
1487,Punjab,Patiala,Maize,2021,21.1,70.0,890.8,92.3,2.9
1488,Punjab,Patiala,Cotton,2021,22.4,70.0,374.6,106.0,2.7
1489,Uttar Pradesh,Kanpur,Wheat,2021,23.8,70.0,619.0,151.8,4.51
1490,Uttar Pradesh,Kanpur,Rice,2021,22.1,70.0,474.8,198.5,4.01
1491,Uttar Pradesh,Kanpur,Maize,2021,29.2,70.0,778.2,145.1,3.59
1492,Uttar Pradesh,Kanpur,Cotton,2021,25.5,70.0,929.5,123.8,2.5
1493,Uttar Pradesh,Varanasi,Wheat,2021,27.1,70.0,428.8,168.6,4.08
1494,Uttar Pradesh,Varanasi,Rice,2021,20.5,70.0,989.3,134.6,3.82
1495,Uttar Pradesh,Varanasi,Maize,2021,19.0,70.0,919.7,123.4,2.98
1496,Uttar Pradesh,Varanasi,Cotton,2021,29.3,70.0,554.4,117.7,2.37
1497,West Bengal,Hooghly,Wheat,2021,21.4,70.0,571.1,148.1,4.08
1498,West Bengal,Hooghly,Rice,2021,29.4,70.0,426.5,163.8,4.1
1499,West Bengal,Hooghly,Maize,2021,18.7,70.0,459.8,106.4,2.93
1500,West Bengal,Hooghly,Cotton,2021,19.8,70.0,919.0,54.9,1.8
1501,West Bengal,Bardhaman,Wheat,2021,25.9,70.0,784.2,181.6,4.42
1502,West Bengal,Bardhaman,Rice,2021,27.6,70.0,707.4,139.3,3.36
1503,West Bengal,Bardhaman,Maize,2021,23.8,70.0,904.1,150.1,3.51
1504,West Bengal,Bardhaman,Cotton,2021,29.7,70.0,338.2,113.5,1.96
1505,Maharashtra,Nashik,Wheat,2021,27.4,70.0,508.5,162.3,4.16
1506,Maharashtra,Nashik,Rice,2021,23.5,70.0,923.8,138.3,3.56
1507,Maharashtra,Nashik,Maize,2021,18.3,70.0,599.8,126.3,3.2
1508,Maharashtra,Nashik,Cotton,2021,22.0,70.0,925.8,98.8,2.29
1509,Maharashtra,Pune,Wheat,2021,21.3,70.0,497.8,129.8,3.96
1510,Maharashtra,Pune,Rice,2021,37.1,70.0,58.7,9.5,0.12
1511,Maharashtra,Pune,Maize,2021,23.4,70.0,480.3,116.4,3.43
1512,Maharashtra,Pune,Cotton,2021,20.7,70.0,722.3,102.7,2.01
1513,Tamil Nadu,Thanjavur,Wheat,2021,23.2,70.0,542.9,180.3,4.63
1514,Tamil Nadu,Thanjavur,Rice,2021,24.1,70.0,457.1,159.4,3.78
1515,Tamil Nadu,Thanjavur,Maize,2021,26.6,70.0,708.2,82.9,2.87
1516,Tamil Nadu,Thanjavur,Cotton,2021,23.3,70.0,976.6,114.2,2.33
1517,Andhra Pradesh,Kurnool,Wheat,2021,23.9,70.0,520.9,185.0,4.79
1518,Andhra Pradesh,Kurnool,Rice,2021,20.9,70.0,988.3,151.4,3.27
1519,Andhra Pradesh,Kurnool,Maize,2021,20.5,70.0,817.7,151.2,3.76
1520,Andhra Pradesh,Kurnool,Cotton,2021,20.9,70.0,502.8,63.8,2.17
1521,Punjab,Ludhiana,Wheat,2022,27.6,70.0,968.3,198.0,4.5
1522,Punjab,Ludhiana,Rice,2022,22.3,70.0,891.4,139.4,3.77
1523,Punjab,Ludhiana,Maize,2022,27.7,70.0,512.9,128.1,2.92
1524,Punjab,Ludhiana,Cotton,2022,27.0,70.0,409.5,152.3,2.65
1525,Punjab,Patiala,Wheat,2022,24.2,70.0,742.2,151.2,4.42
1526,Punjab,Patiala,Rice,2022,36.8,70.0,82.3,15.1,0.1
1527,Punjab,Patiala,Maize,2022,27.2,70.0,865.6,117.3,3.43
1528,Punjab,Patiala,Cotton,2022,25.7,70.0,324.1,72.0,2.32
1529,Uttar Pradesh,Kanpur,Wheat,2022,19.3,70.0,414.3,151.9,3.73
1530,Uttar Pradesh,Kanpur,Rice,2022,35.3,70.0,61.2,2.3,0.54
1531,Uttar Pradesh,Kanpur,Maize,2022,19.4,70.0,797.2,124.2,3.31
1532,Uttar Pradesh,Kanpur,Cotton,2022,29.7,70.0,885.5,133.0,2.38
1533,Uttar Pradesh,Varanasi,Wheat,2022,27.9,70.0,553.6,196.3,4.91
1534,Uttar Pradesh,Varanasi,Rice,2022,24.3,70.0,518.2,128.2,3.61
1535,Uttar Pradesh,Varanasi,Maize,2022,40.0,70.0,116.2,20.5,0.15
1536,Uttar Pradesh,Varanasi,Cotton,2022,38.2,70.0,94.9,26.7,0.49
1537,West Bengal,Hooghly,Wheat,2022,36.7,70.0,137.7,25.2,0.1
1538,West Bengal,Hooghly,Rice,2022,37.4,70.0,93.8,25.3,0.29
1539,West Bengal,Hooghly,Maize,2022,25.1,70.0,339.9,115.4,3.06
1540,West Bengal,Hooghly,Cotton,2022,26.8,70.0,318.6,115.3,2.34
1541,West Bengal,Bardhaman,Wheat,2022,26.1,70.0,390.9,190.0,4.32
1542,West Bengal,Bardhaman,Rice,2022,28.0,70.0,792.3,163.8,4.14
1543,West Bengal,Bardhaman,Maize,2022,35.2,70.0,145.8,9.4,0.16
1544,West Bengal,Bardhaman,Cotton,2022,19.7,70.0,448.2,112.0,2.22
1545,Maharashtra,Nashik,Wheat,2022,25.1,70.0,778.4,195.5,4.26
1546,Maharashtra,Nashik,Rice,2022,24.8,70.0,548.2,146.9,3.93
1547,Maharashtra,Nashik,Maize,2022,21.6,70.0,773.8,121.8,3.17
1548,Maharashtra,Nashik,Cotton,2022,39.5,70.0,63.0,4.2,0.1
1549,Maharashtra,Pune,Wheat,2022,18.5,70.0,486.3,199.1,4.65
1550,Maharashtra,Pune,Rice,2022,27.4,70.0,374.9,161.3,3.93
1551,Maharashtra,Pune,Maize,2022,29.3,70.0,955.3,156.8,2.93
1552,Maharashtra,Pune,Cotton,2022,26.7,70.0,743.2,129.2,2.52
1553,Tamil Nadu,Thanjavur,Wheat,2022,25.2,70.0,583.6,194.5,4.35
1554,Tamil Nadu,Thanjavur,Rice,2022,36.9,70.0,71.1,30.0,0.3
1555,Tamil Nadu,Thanjavur,Maize,2022,27.8,70.0,490.2,129.7,3.52
1556,Tamil Nadu,Thanjavur,Cotton,2022,27.9,70.0,990.3,102.5,2.26
1557,Andhra Pradesh,Kurnool,Wheat,2022,40.0,70.0,94.6,25.3,0.22
1558,Andhra Pradesh,Kurnool,Rice,2022,23.7,70.0,997.4,129.4,3.14
1559,Andhra Pradesh,Kurnool,Maize,2022,23.0,70.0,741.0,171.7,3.52
1560,Andhra Pradesh,Kurnool,Cotton,2022,37.2,70.0,123.6,6.3,0.1
1561,Punjab,Ludhiana,Wheat,2023,24.2,70.0,618.8,174.6,4.37
1562,Punjab,Ludhiana,Rice,2023,20.5,70.0,711.9,141.2,3.71
1563,Punjab,Ludhiana,Maize,2023,23.9,70.0,613.7,94.8,2.59
1564,Punjab,Ludhiana,Cotton,2023,27.6,70.0,941.7,77.3,2.21
1565,Punjab,Patiala,Wheat,2023,22.0,70.0,940.4,145.4,4.14
1566,Punjab,Patiala,Rice,2023,23.4,70.0,736.1,139.5,3.61
1567,Punjab,Patiala,Maize,2023,19.0,70.0,662.1,165.6,3.6
1568,Punjab,Patiala,Cotton,2023,39.7,70.0,127.7,21.5,0.1
1569,Uttar Pradesh,Kanpur,Wheat,2023,22.9,70.0,496.9,127.5,4.0
1570,Uttar Pradesh,Kanpur,Rice,2023,25.4,70.0,853.1,136.7,3.82
1571,Uttar Pradesh,Kanpur,Maize,2023,41.6,70.0,90.0,24.3,1.1
1572,Uttar Pradesh,Kanpur,Cotton,2023,21.5,70.0,895.1,96.9,2.49
1573,Uttar Pradesh,Varanasi,Wheat,2023,24.5,70.0,309.3,157.4,4.23
1574,Uttar Pradesh,Varanasi,Rice,2023,36.2,70.0,114.8,4.5,0.1
1575,Uttar Pradesh,Varanasi,Maize,2023,27.6,70.0,477.2,105.3,3.11
1576,Uttar Pradesh,Varanasi,Cotton,2023,19.1,70.0,682.4,117.3,2.48
1577,West Bengal,Hooghly,Wheat,2023,27.5,70.0,549.2,179.6,4.27
1578,West Bengal,Hooghly,Rice,2023,19.9,70.0,599.3,103.9,3.86
1579,West Bengal,Hooghly,Maize,2023,24.4,70.0,965.2,114.9,3.55
1580,West Bengal,Hooghly,Cotton,2023,22.0,70.0,582.5,124.8,2.11
1581,West Bengal,Bardhaman,Wheat,2023,29.4,70.0,467.2,129.2,4.01
1582,West Bengal,Bardhaman,Rice,2023,29.6,70.0,613.1,94.8,3.57
1583,West Bengal,Bardhaman,Maize,2023,23.0,70.0,314.8,106.7,2.97
1584,West Bengal,Bardhaman,Cotton,2023,26.7,70.0,546.8,115.6,2.16
1585,Maharashtra,Nashik,Wheat,2023,25.9,70.0,791.7,130.2,4.15
1586,Maharashtra,Nashik,Rice,2023,21.4,70.0,405.9,118.7,3.56
1587,Maharashtra,Nashik,Maize,2023,23.6,70.0,861.3,141.6,3.47
1588,Maharashtra,Nashik,Cotton,2023,24.5,70.0,705.8,111.2,1.81
1589,Maharashtra,Pune,Wheat,2023,40.9,70.0,63.6,21.7,0.11
1590,Maharashtra,Pune,Rice,2023,18.7,70.0,990.6,107.2,3.31
1591,Maharashtra,Pune,Maize,2023,21.8,70.0,438.4,152.5,3.58
1592,Maharashtra,Pune,Cotton,2023,36.0,70.0,63.6,8.9,0.22
1593,Tamil Nadu,Thanjavur,Wheat,2023,20.5,70.0,889.5,189.8,4.79
1594,Tamil Nadu,Thanjavur,Rice,2023,36.8,70.0,144.8,2.7,0.21
1595,Tamil Nadu,Thanjavur,Maize,2023,36.1,70.0,130.3,23.2,0.1
1596,Tamil Nadu,Thanjavur,Cotton,2023,25.5,70.0,374.1,80.4,2.19
1597,Andhra Pradesh,Kurnool,Wheat,2023,36.2,70.0,105.4,27.3,1.26
1598,Andhra Pradesh,Kurnool,Rice,2023,27.1,70.0,818.4,124.9,3.74
1599,Andhra Pradesh,Kurnool,Maize,2023,18.2,70.0,536.2,122.9,3.62
1600,Andhra Pradesh,Kurnool,Cotton,2023,19.9,70.0,896.1,71.1,2.23
1601,Punjab,Ludhiana,Wheat,2019,39.1,70.0,104.9,2.0,0.27
1602,Punjab,Ludhiana,Rice,2019,26.6,70.0,833.5,117.4,3.29
1603,Punjab,Ludhiana,Maize,2019,29.4,70.0,572.6,126.8,3.62
1604,Punjab,Ludhiana,Cotton,2019,27.3,70.0,639.7,91.2,2.23
1605,Punjab,Patiala,Wheat,2019,26.0,70.0,667.0,110.3,4.05
1606,Punjab,Patiala,Rice,2019,24.1,70.0,732.7,140.1,3.54
1607,Punjab,Patiala,Maize,2019,20.9,70.0,656.1,110.3,3.23
1608,Punjab,Patiala,Cotton,2019,27.9,70.0,755.7,110.0,1.93
1609,Uttar Pradesh,Kanpur,Wheat,2019,29.0,70.0,698.5,152.5,4.28
1610,Uttar Pradesh,Kanpur,Rice,2019,23.6,70.0,468.2,112.1,3.29
1611,Uttar Pradesh,Kanpur,Maize,2019,29.2,70.0,536.9,100.4,3.3
1612,Uttar Pradesh,Kanpur,Cotton,2019,26.9,70.0,690.1,162.8,2.55
1613,Uttar Pradesh,Varanasi,Wheat,2019,23.3,70.0,530.7,151.6,4.26
1614,Uttar Pradesh,Varanasi,Rice,2019,29.3,70.0,658.5,138.2,4.0
1615,Uttar Pradesh,Varanasi,Maize,2019,41.4,70.0,88.6,12.7,0.2
1616,Uttar Pradesh,Varanasi,Cotton,2019,29.4,70.0,409.8,114.0,2.4
1617,West Bengal,Hooghly,Wheat,2019,24.7,70.0,842.3,202.2,4.45
1618,West Bengal,Hooghly,Rice,2019,38.8,70.0,109.5,1.0,0.25
1619,West Bengal,Hooghly,Maize,2019,25.4,70.0,433.9,115.6,3.34
1620,West Bengal,Hooghly,Cotton,2019,27.2,70.0,953.8,94.3,2.29
1621,West Bengal,Bardhaman,Wheat,2019,25.1,70.0,388.8,186.1,4.42
1622,West Bengal,Bardhaman,Rice,2019,21.6,70.0,722.7,152.1,3.61
1623,West Bengal,Bardhaman,Maize,2019,19.0,70.0,307.0,106.2,2.86
1624,West Bengal,Bardhaman,Cotton,2019,20.8,70.0,655.9,119.9,2.45
1625,Maharashtra,Nashik,Wheat,2019,24.7,70.0,889.1,147.8,4.3
1626,Maharashtra,Nashik,Rice,2019,27.7,70.0,431.9,168.7,3.44
1627,Maharashtra,Nashik,Maize,2019,22.0,70.0,609.4,89.1,2.96
1628,Maharashtra,Nashik,Cotton,2019,29.5,70.0,828.5,102.4,2.35
1629,Maharashtra,Pune,Wheat,2019,22.6,70.0,692.1,163.7,3.58
1630,Maharashtra,Pune,Rice,2019,24.8,70.0,559.3,134.0,3.72
1631,Maharashtra,Pune,Maize,2019,22.6,70.0,511.2,118.0,3.36
1632,Maharashtra,Pune,Cotton,2019,25.2,70.0,673.4,104.4,2.43
1633,Tamil Nadu,Thanjavur,Wheat,2019,21.0,70.0,834.9,191.8,4.75
1634,Tamil Nadu,Thanjavur,Rice,2019,35.8,70.0,122.5,15.1,0.16
1635,Tamil Nadu,Thanjavur,Maize,2019,26.4,70.0,689.1,81.4,2.75
1636,Tamil Nadu,Thanjavur,Cotton,2019,19.0,70.0,711.2,119.6,2.69
1637,Andhra Pradesh,Kurnool,Wheat,2019,28.8,70.0,929.0,144.8,4.58
1638,Andhra Pradesh,Kurnool,Rice,2019,37.2,70.0,75.1,12.5,0.26
1639,Andhra Pradesh,Kurnool,Maize,2019,40.3,70.0,139.4,22.4,0.31
1640,Andhra Pradesh,Kurnool,Cotton,2019,19.6,70.0,344.3,102.8,2.15
1641,Punjab,Ludhiana,Wheat,2020,21.7,70.0,905.1,207.1,4.91
1642,Punjab,Ludhiana,Rice,2020,25.9,70.0,818.6,139.2,3.37
1643,Punjab,Ludhiana,Maize,2020,27.8,70.0,621.5,109.2,3.57
1644,Punjab,Ludhiana,Cotton,2020,19.1,70.0,590.6,136.5,2.39
1645,Punjab,Patiala,Wheat,2020,19.1,70.0,536.2,161.4,4.26
1646,Punjab,Patiala,Rice,2020,20.9,70.0,302.7,128.4,3.25
1647,Punjab,Patiala,Maize,2020,22.9,70.0,995.0,106.1,3.11
1648,Punjab,Patiala,Cotton,2020,20.0,70.0,411.8,72.0,2.32
1649,Uttar Pradesh,Kanpur,Wheat,2020,21.4,70.0,600.9,157.2,4.36
1650,Uttar Pradesh,Kanpur,Rice,2020,26.8,70.0,521.2,117.7,3.85
1651,Uttar Pradesh,Kanpur,Maize,2020,21.4,70.0,627.2,110.6,3.58
1652,Uttar Pradesh,Kanpur,Cotton,2020,40.6,70.0,93.3,13.9,0.1
1653,Uttar Pradesh,Varanasi,Wheat,2020,20.8,70.0,391.6,122.1,4.18
1654,Uttar Pradesh,Varanasi,Rice,2020,20.6,70.0,438.1,162.7,4.25
1655,Uttar Pradesh,Varanasi,Maize,2020,19.9,70.0,733.4,127.4,3.49
1656,Uttar Pradesh,Varanasi,Cotton,2020,21.9,70.0,313.6,68.9,1.87
1657,West Bengal,Hooghly,Wheat,2020,22.7,70.0,512.4,175.5,4.14
1658,West Bengal,Hooghly,Rice,2020,23.2,70.0,899.1,127.0,4.09
1659,West Bengal,Hooghly,Maize,2020,29.3,70.0,625.8,117.9,3.37
1660,West Bengal,Hooghly,Cotton,2020,22.6,70.0,951.0,104.3,1.99
1661,West Bengal,Bardhaman,Wheat,2020,23.0,70.0,638.1,140.3,3.58
1662,West Bengal,Bardhaman,Rice,2020,22.9,70.0,730.7,132.7,3.4
1663,West Bengal,Bardhaman,Maize,2020,21.8,70.0,746.7,189.9,3.67
1664,West Bengal,Bardhaman,Cotton,2020,38.5,70.0,126.6,9.5,0.22
1665,Maharashtra,Nashik,Wheat,2020,20.7,70.0,395.6,158.5,3.8
1666,Maharashtra,Nashik,Rice,2020,24.4,70.0,969.2,192.3,3.44
1667,Maharashtra,Nashik,Maize,2020,23.6,70.0,762.3,127.9,3.0
1668,Maharashtra,Nashik,Cotton,2020,35.3,70.0,127.1,24.8,0.1
1669,Maharashtra,Pune,Wheat,2020,19.9,70.0,629.5,172.5,4.29
1670,Maharashtra,Pune,Rice,2020,39.7,70.0,108.0,27.9,0.17
1671,Maharashtra,Pune,Maize,2020,18.0,70.0,673.5,116.5,3.7
1672,Maharashtra,Pune,Cotton,2020,20.9,70.0,906.0,71.6,2.29
1673,Tamil Nadu,Thanjavur,Wheat,2020,29.8,70.0,328.0,202.9,4.37
1674,Tamil Nadu,Thanjavur,Rice,2020,21.2,70.0,885.3,168.8,3.86
1675,Tamil Nadu,Thanjavur,Maize,2020,22.6,70.0,952.9,77.1,2.91
1676,Tamil Nadu,Thanjavur,Cotton,2020,27.6,70.0,383.8,40.8,2.13
1677,Andhra Pradesh,Kurnool,Wheat,2020,25.2,70.0,391.7,172.4,4.39
1678,Andhra Pradesh,Kurnool,Rice,2020,24.0,70.0,352.1,108.7,3.2
1679,Andhra Pradesh,Kurnool,Maize,2020,23.8,70.0,602.9,97.9,3.32
1680,Andhra Pradesh,Kurnool,Cotton,2020,28.0,70.0,714.7,130.3,2.55
1681,Punjab,Ludhiana,Wheat,2021,37.9,70.0,141.8,21.6,0.25
1682,Punjab,Ludhiana,Rice,2021,23.8,70.0,587.0,172.6,3.79
1683,Punjab,Ludhiana,Maize,2021,36.1,70.0,117.1,13.8,0.38
1684,Punjab,Ludhiana,Cotton,2021,29.2,70.0,485.4,114.1,2.71
1685,Punjab,Patiala,Wheat,2021,28.7,70.0,973.7,203.5,4.49
1686,Punjab,Patiala,Rice,2021,25.6,70.0,587.7,120.4,3.01
1687,Punjab,Patiala,Maize,2021,37.6,70.0,138.7,14.5,0.3
1688,Punjab,Patiala,Cotton,2021,27.3,70.0,846.1,94.7,2.2
1689,Uttar Pradesh,Kanpur,Wheat,2021,24.1,70.0,640.5,194.3,4.64
1690,Uttar Pradesh,Kanpur,Rice,2021,19.4,70.0,662.9,139.1,4.01
1691,Uttar Pradesh,Kanpur,Maize,2021,21.2,70.0,419.5,100.4,2.94
1692,Uttar Pradesh,Kanpur,Cotton,2021,29.7,70.0,926.6,103.2,2.41
1693,Uttar Pradesh,Varanasi,Wheat,2021,25.4,70.0,631.4,132.9,4.35
1694,Uttar Pradesh,Varanasi,Rice,2021,27.7,70.0,414.0,151.3,3.94
1695,Uttar Pradesh,Varanasi,Maize,2021,26.6,70.0,330.7,110.0,3.31
1696,Uttar Pradesh,Varanasi,Cotton,2021,29.6,70.0,524.5,57.3,2.05
1697,West Bengal,Hooghly,Wheat,2021,24.8,70.0,724.2,166.0,4.18
1698,West Bengal,Hooghly,Rice,2021,41.6,70.0,78.4,16.3,0.26
1699,West Bengal,Hooghly,Maize,2021,37.5,70.0,98.7,4.8,0.29
1700,West Bengal,Hooghly,Cotton,2021,18.4,70.0,852.5,91.4,2.29
1701,West Bengal,Bardhaman,Wheat,2021,21.0,70.0,964.2,119.7,3.81
1702,West Bengal,Bardhaman,Rice,2021,28.3,70.0,450.7,180.0,3.98
1703,West Bengal,Bardhaman,Maize,2021,26.3,70.0,577.4,89.8,2.86
1704,West Bengal,Bardhaman,Cotton,2021,18.5,70.0,530.5,81.5,1.58
1705,Maharashtra,Nashik,Wheat,2021,23.8,70.0,894.7,171.5,3.66
1706,Maharashtra,Nashik,Rice,2021,18.9,70.0,384.7,194.9,3.65
1707,Maharashtra,Nashik,Maize,2021,19.1,70.0,527.8,166.1,3.17
1708,Maharashtra,Nashik,Cotton,2021,18.7,70.0,494.8,88.8,2.15
1709,Maharashtra,Pune,Wheat,2021,26.0,70.0,451.8,153.0,4.26
1710,Maharashtra,Pune,Rice,2021,24.5,70.0,639.7,148.2,3.47
1711,Maharashtra,Pune,Maize,2021,19.2,70.0,557.4,95.3,2.55
1712,Maharashtra,Pune,Cotton,2021,28.8,70.0,316.1,137.1,2.59
1713,Tamil Nadu,Thanjavur,Wheat,2021,24.7,70.0,795.6,124.6,4.18
1714,Tamil Nadu,Thanjavur,Rice,2021,30.0,70.0,909.9,135.5,3.03
1715,Tamil Nadu,Thanjavur,Maize,2021,22.5,70.0,557.8,100.7,2.86
1716,Tamil Nadu,Thanjavur,Cotton,2021,24.0,70.0,578.8,129.6,2.58
1717,Andhra Pradesh,Kurnool,Wheat,2021,23.1,70.0,775.1,83.9,3.8
1718,Andhra Pradesh,Kurnool,Rice,2021,18.9,70.0,902.8,180.2,3.95
1719,Andhra Pradesh,Kurnool,Maize,2021,35.9,70.0,62.5,25.0,1.08
1720,Andhra Pradesh,Kurnool,Cotton,2021,21.4,70.0,874.4,106.7,2.47
1721,Punjab,Ludhiana,Wheat,2022,39.1,70.0,111.3,10.6,0.19
1722,Punjab,Ludhiana,Rice,2022,22.2,70.0,852.3,126.0,3.71
1723,Punjab,Ludhiana,Maize,2022,29.3,70.0,792.8,103.5,2.96
1724,Punjab,Ludhiana,Cotton,2022,27.7,70.0,670.0,119.5,2.08
1725,Punjab,Patiala,Wheat,2022,19.8,70.0,679.6,152.8,3.87
1726,Punjab,Patiala,Rice,2022,19.4,70.0,300.9,162.8,4.08
1727,Punjab,Patiala,Maize,2022,19.4,70.0,926.3,126.1,3.12
1728,Punjab,Patiala,Cotton,2022,25.5,70.0,431.5,113.3,2.25
1729,Uttar Pradesh,Kanpur,Wheat,2022,29.7,70.0,821.1,116.6,3.77
1730,Uttar Pradesh,Kanpur,Rice,2022,23.3,70.0,922.8,183.7,4.12
1731,Uttar Pradesh,Kanpur,Maize,2022,18.7,70.0,736.3,131.1,2.97
1732,Uttar Pradesh,Kanpur,Cotton,2022,38.6,70.0,118.9,4.9,0.1
1733,Uttar Pradesh,Varanasi,Wheat,2022,25.7,70.0,633.9,171.7,4.46
1734,Uttar Pradesh,Varanasi,Rice,2022,28.5,70.0,785.0,92.4,3.37
1735,Uttar Pradesh,Varanasi,Maize,2022,29.6,70.0,824.5,117.0,3.17
1736,Uttar Pradesh,Varanasi,Cotton,2022,21.7,70.0,518.2,130.4,2.45
1737,West Bengal,Hooghly,Wheat,2022,21.3,70.0,540.8,167.2,4.58
1738,West Bengal,Hooghly,Rice,2022,37.6,70.0,53.3,25.2,0.37
1739,West Bengal,Hooghly,Maize,2022,18.1,70.0,951.6,105.7,3.26
1740,West Bengal,Hooghly,Cotton,2022,27.7,70.0,300.6,83.6,2.25
1741,West Bengal,Bardhaman,Wheat,2022,36.1,70.0,110.4,2.4,0.18
1742,West Bengal,Bardhaman,Rice,2022,19.9,70.0,763.7,167.4,3.82
1743,West Bengal,Bardhaman,Maize,2022,20.4,70.0,924.3,130.2,3.3
1744,West Bengal,Bardhaman,Cotton,2022,19.2,70.0,564.6,135.6,2.42
1745,Maharashtra,Nashik,Wheat,2022,24.2,70.0,928.1,188.2,3.86
1746,Maharashtra,Nashik,Rice,2022,23.1,70.0,453.5,154.5,3.12
1747,Maharashtra,Nashik,Maize,2022,41.9,70.0,62.3,1.1,0.27
1748,Maharashtra,Nashik,Cotton,2022,29.3,70.0,477.4,130.6,2.43
1749,Maharashtra,Pune,Wheat,2022,29.3,70.0,899.7,129.9,4.03
1750,Maharashtra,Pune,Rice,2022,23.5,70.0,410.8,127.9,3.49
1751,Maharashtra,Pune,Maize,2022,27.8,70.0,625.3,104.1,3.11
1752,Maharashtra,Pune,Cotton,2022,23.1,70.0,647.0,110.5,2.78
1753,Tamil Nadu,Thanjavur,Wheat,2022,28.1,70.0,305.9,134.8,3.8
1754,Tamil Nadu,Thanjavur,Rice,2022,39.5,70.0,88.7,19.6,0.55
1755,Tamil Nadu,Thanjavur,Maize,2022,24.0,70.0,405.3,55.4,2.53
1756,Tamil Nadu,Thanjavur,Cotton,2022,24.9,70.0,919.4,141.2,2.51
1757,Andhra Pradesh,Kurnool,Wheat,2022,23.0,70.0,916.5,114.3,4.16
1758,Andhra Pradesh,Kurnool,Rice,2022,40.0,70.0,114.8,12.3,0.17
1759,Andhra Pradesh,Kurnool,Maize,2022,25.2,70.0,838.5,136.9,3.45
1760,Andhra Pradesh,Kurnool,Cotton,2022,25.7,70.0,554.5,91.0,2.21
1761,Punjab,Ludhiana,Wheat,2023,29.4,70.0,495.2,155.2,4.29
1762,Punjab,Ludhiana,Rice,2023,36.1,70.0,133.2,20.1,0.18
1763,Punjab,Ludhiana,Maize,2023,25.6,70.0,987.9,107.2,2.92
1764,Punjab,Ludhiana,Cotton,2023,26.3,70.0,447.7,129.0,2.66
1765,Punjab,Patiala,Wheat,2023,20.7,70.0,758.3,142.1,3.9
1766,Punjab,Patiala,Rice,2023,39.8,70.0,122.0,3.1,0.15
1767,Punjab,Patiala,Maize,2023,35.3,70.0,119.4,7.7,0.27
1768,Punjab,Patiala,Cotton,2023,23.5,70.0,732.4,164.0,2.51
1769,Uttar Pradesh,Kanpur,Wheat,2023,20.7,70.0,878.4,162.6,4.95
1770,Uttar Pradesh,Kanpur,Rice,2023,21.3,70.0,369.3,128.1,3.62
1771,Uttar Pradesh,Kanpur,Maize,2023,26.3,70.0,972.2,129.5,3.33
1772,Uttar Pradesh,Kanpur,Cotton,2023,29.4,70.0,480.0,147.7,2.28
1773,Uttar Pradesh,Varanasi,Wheat,2023,26.2,70.0,812.9,155.3,3.95
1774,Uttar Pradesh,Varanasi,Rice,2023,20.6,70.0,399.3,135.6,4.01
1775,Uttar Pradesh,Varanasi,Maize,2023,28.9,70.0,672.6,107.4,3.55
1776,Uttar Pradesh,Varanasi,Cotton,2023,24.0,70.0,839.3,72.1,1.95
1777,West Bengal,Hooghly,Wheat,2023,25.5,70.0,503.0,174.7,4.65
1778,West Bengal,Hooghly,Rice,2023,26.2,70.0,561.5,129.8,3.73
1779,West Bengal,Hooghly,Maize,2023,22.5,70.0,751.4,83.6,3.08
1780,West Bengal,Hooghly,Cotton,2023,22.8,70.0,569.5,95.7,2.12
1781,West Bengal,Bardhaman,Wheat,2023,20.3,70.0,605.4,130.1,3.47
1782,West Bengal,Bardhaman,Rice,2023,18.5,70.0,811.4,145.5,3.78
1783,West Bengal,Bardhaman,Maize,2023,20.5,70.0,534.5,106.2,2.66
1784,West Bengal,Bardhaman,Cotton,2023,26.0,70.0,564.1,93.7,1.93
1785,Maharashtra,Nashik,Wheat,2023,37.7,70.0,105.8,0.5,0.16
1786,Maharashtra,Nashik,Rice,2023,28.8,70.0,368.3,104.1,3.47
1787,Maharashtra,Nashik,Maize,2023,27.6,70.0,616.3,64.1,2.97
1788,Maharashtra,Nashik,Cotton,2023,26.1,70.0,797.1,90.6,2.35
1789,Maharashtra,Pune,Wheat,2023,40.6,70.0,141.3,17.7,0.29
1790,Maharashtra,Pune,Rice,2023,27.8,70.0,315.4,123.6,3.67
1791,Maharashtra,Pune,Maize,2023,26.9,70.0,664.5,73.0,2.39
1792,Maharashtra,Pune,Cotton,2023,18.9,70.0,312.6,141.9,2.43
1793,Tamil Nadu,Thanjavur,Wheat,2023,27.9,70.0,319.8,190.8,4.49
1794,Tamil Nadu,Thanjavur,Rice,2023,23.7,70.0,656.0,124.2,3.85
1795,Tamil Nadu,Thanjavur,Maize,2023,26.4,70.0,391.7,172.8,3.85
1796,Tamil Nadu,Thanjavur,Cotton,2023,39.3,70.0,124.4,13.9,0.1
1797,Andhra Pradesh,Kurnool,Wheat,2023,27.9,70.0,849.6,148.0,4.7
1798,Andhra Pradesh,Kurnool,Rice,2023,21.8,70.0,438.1,128.2,3.85
1799,Andhra Pradesh,Kurnool,Maize,2023,24.2,70.0,617.4,102.5,3.3
1800,Andhra Pradesh,Kurnool,Cotton,2023,26.9,70.0,577.8,134.4,2.38
1801,Punjab,Ludhiana,Wheat,2019,26.0,70.0,419.5,149.6,3.99
1802,Punjab,Ludhiana,Rice,2019,26.6,70.0,971.5,111.8,3.22
1803,Punjab,Ludhiana,Maize,2019,25.0,70.0,952.1,148.8,3.83
1804,Punjab,Ludhiana,Cotton,2019,23.4,70.0,545.2,86.1,1.83
1805,Punjab,Patiala,Wheat,2019,36.8,70.0,107.2,4.5,0.21
1806,Punjab,Patiala,Rice,2019,41.0,70.0,56.4,17.6,0.14
1807,Punjab,Patiala,Maize,2019,25.8,70.0,444.8,78.5,2.84
1808,Punjab,Patiala,Cotton,2019,19.4,70.0,771.5,118.9,2.44
1809,Uttar Pradesh,Kanpur,Wheat,2019,29.5,70.0,531.0,187.2,4.65
1810,Uttar Pradesh,Kanpur,Rice,2019,20.1,70.0,610.5,139.6,4.08
1811,Uttar Pradesh,Kanpur,Maize,2019,26.6,70.0,952.5,115.8,3.3
1812,Uttar Pradesh,Kanpur,Cotton,2019,29.3,70.0,628.1,100.1,2.29
1813,Uttar Pradesh,Varanasi,Wheat,2019,19.8,70.0,980.6,126.9,3.75
1814,Uttar Pradesh,Varanasi,Rice,2019,21.0,70.0,523.5,153.2,4.13
1815,Uttar Pradesh,Varanasi,Maize,2019,24.4,70.0,598.5,108.2,3.35
1816,Uttar Pradesh,Varanasi,Cotton,2019,38.9,70.0,51.8,27.3,0.19
1817,West Bengal,Hooghly,Wheat,2019,25.9,70.0,863.0,217.9,4.92
1818,West Bengal,Hooghly,Rice,2019,22.9,70.0,589.2,68.3,2.84
1819,West Bengal,Hooghly,Maize,2019,24.5,70.0,639.7,134.8,3.57
1820,West Bengal,Hooghly,Cotton,2019,26.1,70.0,348.9,84.9,1.96
1821,West Bengal,Bardhaman,Wheat,2019,41.1,70.0,97.0,13.9,0.12
1822,West Bengal,Bardhaman,Rice,2019,22.2,70.0,670.8,186.3,4.42
1823,West Bengal,Bardhaman,Maize,2019,26.2,70.0,585.6,113.9,3.28
1824,West Bengal,Bardhaman,Cotton,2019,25.3,70.0,314.3,149.4,2.55
1825,Maharashtra,Nashik,Wheat,2019,27.6,70.0,866.3,140.3,4.14
1826,Maharashtra,Nashik,Rice,2019,23.4,70.0,675.3,167.8,3.66
1827,Maharashtra,Nashik,Maize,2019,22.5,70.0,708.7,101.6,3.0
1828,Maharashtra,Nashik,Cotton,2019,24.7,70.0,687.9,83.8,1.9
1829,Maharashtra,Pune,Wheat,2019,24.4,70.0,797.0,136.6,4.12
1830,Maharashtra,Pune,Rice,2019,37.2,70.0,108.5,10.1,0.22
1831,Maharashtra,Pune,Maize,2019,25.1,70.0,974.0,140.0,3.2
1832,Maharashtra,Pune,Cotton,2019,26.9,70.0,653.1,74.1,2.25
1833,Tamil Nadu,Thanjavur,Wheat,2019,28.1,70.0,922.4,190.1,4.59
1834,Tamil Nadu,Thanjavur,Rice,2019,28.4,70.0,572.0,139.7,3.64
1835,Tamil Nadu,Thanjavur,Maize,2019,23.5,70.0,476.4,130.8,3.22
1836,Tamil Nadu,Thanjavur,Cotton,2019,24.2,70.0,337.8,95.2,2.37
1837,Andhra Pradesh,Kurnool,Wheat,2019,41.7,70.0,67.4,7.5,0.13
1838,Andhra Pradesh,Kurnool,Rice,2019,27.6,70.0,415.1,129.6,3.56
1839,Andhra Pradesh,Kurnool,Maize,2019,29.4,70.0,588.0,113.9,2.92
1840,Andhra Pradesh,Kurnool,Cotton,2019,37.2,70.0,135.8,4.3,0.23
1841,Punjab,Ludhiana,Wheat,2020,18.7,70.0,927.1,210.1,4.78
1842,Punjab,Ludhiana,Rice,2020,27.2,70.0,633.6,116.5,3.37
1843,Punjab,Ludhiana,Maize,2020,19.5,70.0,328.4,87.5,2.97
1844,Punjab,Ludhiana,Cotton,2020,24.9,70.0,550.1,119.3,2.03
1845,Punjab,Patiala,Wheat,2020,21.1,70.0,574.0,177.4,4.36
1846,Punjab,Patiala,Rice,2020,29.0,70.0,709.0,99.9,3.28
1847,Punjab,Patiala,Maize,2020,18.5,70.0,607.3,121.3,3.06
1848,Punjab,Patiala,Cotton,2020,39.4,70.0,107.4,1.9,0.19
1849,Uttar Pradesh,Kanpur,Wheat,2020,29.0,70.0,545.2,203.7,4.2
1850,Uttar Pradesh,Kanpur,Rice,2020,37.6,70.0,83.3,2.8,0.24
1851,Uttar Pradesh,Kanpur,Maize,2020,26.4,70.0,807.4,107.6,2.89
1852,Uttar Pradesh,Kanpur,Cotton,2020,18.9,70.0,705.0,91.0,2.35
1853,Uttar Pradesh,Varanasi,Wheat,2020,25.5,70.0,746.6,203.9,4.71
1854,Uttar Pradesh,Varanasi,Rice,2020,23.3,70.0,880.4,102.3,3.79
1855,Uttar Pradesh,Varanasi,Maize,2020,35.9,70.0,66.4,17.8,0.5
1856,Uttar Pradesh,Varanasi,Cotton,2020,28.7,70.0,361.6,103.3,2.24
1857,West Bengal,Hooghly,Wheat,2020,27.4,70.0,904.8,141.0,4.09
1858,West Bengal,Hooghly,Rice,2020,21.9,70.0,537.4,136.4,3.89
1859,West Bengal,Hooghly,Maize,2020,24.7,70.0,308.2,94.2,3.67
1860,West Bengal,Hooghly,Cotton,2020,19.0,70.0,492.5,149.5,2.37
1861,West Bengal,Bardhaman,Wheat,2020,25.6,70.0,754.1,151.4,4.09
1862,West Bengal,Bardhaman,Rice,2020,23.7,70.0,538.3,137.7,4.06
1863,West Bengal,Bardhaman,Maize,2020,21.6,70.0,538.4,126.0,3.07
1864,West Bengal,Bardhaman,Cotton,2020,27.8,70.0,372.6,161.9,2.19
1865,Maharashtra,Nashik,Wheat,2020,37.7,70.0,101.8,9.2,0.16
1866,Maharashtra,Nashik,Rice,2020,23.5,70.0,883.3,148.7,3.14
1867,Maharashtra,Nashik,Maize,2020,21.1,70.0,983.2,108.2,3.23
1868,Maharashtra,Nashik,Cotton,2020,18.5,70.0,683.0,116.1,2.4
1869,Maharashtra,Pune,Wheat,2020,28.2,70.0,945.7,119.6,3.97
1870,Maharashtra,Pune,Rice,2020,28.6,70.0,392.3,153.5,3.57
1871,Maharashtra,Pune,Maize,2020,20.5,70.0,805.8,173.5,3.34
1872,Maharashtra,Pune,Cotton,2020,20.7,70.0,985.9,48.1,1.94
1873,Tamil Nadu,Thanjavur,Wheat,2020,41.6,70.0,58.6,8.7,0.5
1874,Tamil Nadu,Thanjavur,Rice,2020,27.7,70.0,401.3,163.2,4.37
1875,Tamil Nadu,Thanjavur,Maize,2020,25.2,70.0,633.0,96.3,3.48
1876,Tamil Nadu,Thanjavur,Cotton,2020,25.2,70.0,591.1,124.0,2.59
1877,Andhra Pradesh,Kurnool,Wheat,2020,23.8,70.0,526.0,212.5,4.9
1878,Andhra Pradesh,Kurnool,Rice,2020,22.9,70.0,548.6,101.1,3.49
1879,Andhra Pradesh,Kurnool,Maize,2020,29.2,70.0,388.3,158.7,3.47
1880,Andhra Pradesh,Kurnool,Cotton,2020,27.8,70.0,972.0,94.4,2.53
1881,Punjab,Ludhiana,Wheat,2021,20.8,70.0,439.9,147.8,3.95
1882,Punjab,Ludhiana,Rice,2021,26.7,70.0,791.5,142.0,3.4
1883,Punjab,Ludhiana,Maize,2021,29.3,70.0,699.4,134.5,3.58
1884,Punjab,Ludhiana,Cotton,2021,29.3,70.0,936.2,125.0,2.68
1885,Punjab,Patiala,Wheat,2021,35.9,70.0,134.7,27.3,0.19
1886,Punjab,Patiala,Rice,2021,22.6,70.0,923.2,136.8,3.42
1887,Punjab,Patiala,Maize,2021,38.5,70.0,60.1,0.6,0.44
1888,Punjab,Patiala,Cotton,2021,23.4,70.0,642.4,140.2,2.45
1889,Uttar Pradesh,Kanpur,Wheat,2021,20.9,70.0,529.1,178.6,3.88
1890,Uttar Pradesh,Kanpur,Rice,2021,18.5,70.0,867.5,147.7,4.06
1891,Uttar Pradesh,Kanpur,Maize,2021,26.6,70.0,566.8,134.3,2.99
1892,Uttar Pradesh,Kanpur,Cotton,2021,26.8,70.0,892.4,97.0,2.42
1893,Uttar Pradesh,Varanasi,Wheat,2021,29.4,70.0,695.6,196.3,4.63
1894,Uttar Pradesh,Varanasi,Rice,2021,19.7,70.0,823.6,146.7,4.19
1895,Uttar Pradesh,Varanasi,Maize,2021,24.7,70.0,557.5,130.9,3.0
1896,Uttar Pradesh,Varanasi,Cotton,2021,39.3,70.0,138.5,6.3,0.1
1897,West Bengal,Hooghly,Wheat,2021,27.2,70.0,787.0,147.3,4.55
1898,West Bengal,Hooghly,Rice,2021,28.1,70.0,679.1,127.3,3.58
1899,West Bengal,Hooghly,Maize,2021,27.5,70.0,354.8,141.5,3.31
1900,West Bengal,Hooghly,Cotton,2021,21.4,70.0,435.8,137.7,2.83
1901,West Bengal,Bardhaman,Wheat,2021,28.5,70.0,335.0,189.0,4.43
1902,West Bengal,Bardhaman,Rice,2021,24.4,70.0,563.2,117.5,3.98
1903,West Bengal,Bardhaman,Maize,2021,18.3,70.0,641.8,88.9,2.68
1904,West Bengal,Bardhaman,Cotton,2021,20.4,70.0,674.4,117.4,2.02
1905,Maharashtra,Nashik,Wheat,2021,21.2,70.0,718.7,163.1,4.42
1906,Maharashtra,Nashik,Rice,2021,21.4,70.0,844.0,210.7,4.01
1907,Maharashtra,Nashik,Maize,2021,21.6,70.0,508.2,156.3,3.41
1908,Maharashtra,Nashik,Cotton,2021,35.3,70.0,97.6,11.4,0.17
1909,Maharashtra,Pune,Wheat,2021,28.3,70.0,432.3,141.7,4.31
1910,Maharashtra,Pune,Rice,2021,29.5,70.0,869.2,153.4,3.62
1911,Maharashtra,Pune,Maize,2021,29.0,70.0,444.9,139.0,3.52
1912,Maharashtra,Pune,Cotton,2021,25.5,70.0,929.5,115.2,2.31
1913,Tamil Nadu,Thanjavur,Wheat,2021,36.3,70.0,84.8,1.3,0.1
1914,Tamil Nadu,Thanjavur,Rice,2021,24.7,70.0,815.2,163.6,4.17
1915,Tamil Nadu,Thanjavur,Maize,2021,24.4,70.0,681.2,129.1,3.45
1916,Tamil Nadu,Thanjavur,Cotton,2021,21.9,70.0,576.8,127.2,2.19
1917,Andhra Pradesh,Kurnool,Wheat,2021,23.3,70.0,592.9,164.1,4.3
1918,Andhra Pradesh,Kurnool,Rice,2021,35.8,70.0,83.4,14.1,0.27
1919,Andhra Pradesh,Kurnool,Maize,2021,39.5,70.0,123.3,28.4,0.29
1920,Andhra Pradesh,Kurnool,Cotton,2021,38.7,70.0,119.1,2.2,0.23
1921,Punjab,Ludhiana,Wheat,2022,18.7,70.0,371.7,172.8,4.33
1922,Punjab,Ludhiana,Rice,2022,36.9,70.0,72.1,1.5,0.16
1923,Punjab,Ludhiana,Maize,2022,38.6,70.0,129.1,10.7,0.27
1924,Punjab,Ludhiana,Cotton,2022,36.7,70.0,84.3,14.9,0.1
1925,Punjab,Patiala,Wheat,2022,26.8,70.0,443.8,195.3,4.43
1926,Punjab,Patiala,Rice,2022,23.3,70.0,433.3,162.6,3.96
1927,Punjab,Patiala,Maize,2022,22.6,70.0,333.3,99.0,2.5
1928,Punjab,Patiala,Cotton,2022,35.2,70.0,93.8,0.6,0.1
1929,Uttar Pradesh,Kanpur,Wheat,2022,25.1,70.0,671.5,143.5,3.98
1930,Uttar Pradesh,Kanpur,Rice,2022,20.3,70.0,961.5,159.0,3.47
1931,Uttar Pradesh,Kanpur,Maize,2022,23.5,70.0,847.9,146.3,3.34
1932,Uttar Pradesh,Kanpur,Cotton,2022,18.3,70.0,655.8,55.8,2.23
1933,Uttar Pradesh,Varanasi,Wheat,2022,29.6,70.0,884.9,168.5,4.12
1934,Uttar Pradesh,Varanasi,Rice,2022,27.7,70.0,672.4,169.2,4.2
1935,Uttar Pradesh,Varanasi,Maize,2022,20.3,70.0,688.4,96.2,3.1
1936,Uttar Pradesh,Varanasi,Cotton,2022,26.6,70.0,418.8,78.1,1.83
1937,West Bengal,Hooghly,Wheat,2022,19.7,70.0,388.0,191.4,4.35
1938,West Bengal,Hooghly,Rice,2022,18.4,70.0,306.5,182.9,4.0
1939,West Bengal,Hooghly,Maize,2022,23.9,70.0,374.5,102.5,3.53
1940,West Bengal,Hooghly,Cotton,2022,27.1,70.0,743.8,86.1,2.07
1941,West Bengal,Bardhaman,Wheat,2022,24.5,70.0,625.4,192.8,3.84
1942,West Bengal,Bardhaman,Rice,2022,27.2,70.0,679.7,165.6,3.53
1943,West Bengal,Bardhaman,Maize,2022,36.9,70.0,51.5,15.5,0.4
1944,West Bengal,Bardhaman,Cotton,2022,24.7,70.0,773.1,109.0,2.38
1945,Maharashtra,Nashik,Wheat,2022,26.4,70.0,970.0,173.1,4.23
1946,Maharashtra,Nashik,Rice,2022,23.9,70.0,438.9,213.4,3.59
1947,Maharashtra,Nashik,Maize,2022,29.9,70.0,413.8,152.7,3.53
1948,Maharashtra,Nashik,Cotton,2022,28.2,70.0,584.8,127.6,2.67
1949,Maharashtra,Pune,Wheat,2022,23.8,70.0,904.1,123.2,3.91
1950,Maharashtra,Pune,Rice,2022,26.3,70.0,864.2,125.4,3.29
1951,Maharashtra,Pune,Maize,2022,22.5,70.0,340.7,100.7,2.88
1952,Maharashtra,Pune,Cotton,2022,20.2,70.0,862.7,134.8,2.49
1953,Tamil Nadu,Thanjavur,Wheat,2022,40.8,70.0,118.0,21.5,0.13
1954,Tamil Nadu,Thanjavur,Rice,2022,40.9,70.0,89.1,27.5,0.1
1955,Tamil Nadu,Thanjavur,Maize,2022,28.4,70.0,494.5,155.9,3.72
1956,Tamil Nadu,Thanjavur,Cotton,2022,21.6,70.0,302.2,134.6,2.4
1957,Andhra Pradesh,Kurnool,Wheat,2022,21.2,70.0,531.6,137.6,4.07
1958,Andhra Pradesh,Kurnool,Rice,2022,26.9,70.0,544.6,133.5,4.04
1959,Andhra Pradesh,Kurnool,Maize,2022,24.8,70.0,644.3,143.5,3.57
1960,Andhra Pradesh,Kurnool,Cotton,2022,29.4,70.0,881.1,96.8,2.29
1961,Punjab,Ludhiana,Wheat,2023,21.5,70.0,527.4,213.9,4.4
1962,Punjab,Ludhiana,Rice,2023,22.5,70.0,452.0,136.0,3.44
1963,Punjab,Ludhiana,Maize,2023,27.1,70.0,834.1,115.6,3.32
1964,Punjab,Ludhiana,Cotton,2023,20.1,70.0,482.1,119.4,2.35
1965,Punjab,Patiala,Wheat,2023,19.2,70.0,693.9,181.6,4.48
1966,Punjab,Patiala,Rice,2023,24.3,70.0,586.9,97.5,2.73
1967,Punjab,Patiala,Maize,2023,25.8,70.0,403.7,88.7,2.91
1968,Punjab,Patiala,Cotton,2023,18.7,70.0,609.5,122.2,2.79
1969,Uttar Pradesh,Kanpur,Wheat,2023,23.0,70.0,801.3,167.5,4.56
1970,Uttar Pradesh,Kanpur,Rice,2023,25.1,70.0,568.0,154.7,3.53
1971,Uttar Pradesh,Kanpur,Maize,2023,24.1,70.0,482.8,148.8,3.63
1972,Uttar Pradesh,Kanpur,Cotton,2023,18.2,70.0,828.0,96.3,2.25
1973,Uttar Pradesh,Varanasi,Wheat,2023,20.8,70.0,995.5,185.2,4.32
1974,Uttar Pradesh,Varanasi,Rice,2023,38.3,70.0,53.2,16.6,0.42
1975,Uttar Pradesh,Varanasi,Maize,2023,28.7,70.0,574.0,160.1,3.49
1976,Uttar Pradesh,Varanasi,Cotton,2023,28.0,70.0,931.0,97.2,2.29
1977,West Bengal,Hooghly,Wheat,2023,24.0,70.0,541.2,172.1,4.39
1978,West Bengal,Hooghly,Rice,2023,26.7,70.0,738.7,110.8,3.59
1979,West Bengal,Hooghly,Maize,2023,20.0,70.0,912.3,87.4,2.75
1980,West Bengal,Hooghly,Cotton,2023,40.0,70.0,142.9,6.8,0.1
1981,West Bengal,Bardhaman,Wheat,2023,20.5,70.0,411.7,151.9,3.93
1982,West Bengal,Bardhaman,Rice,2023,40.5,70.0,140.6,17.1,0.28
1983,West Bengal,Bardhaman,Maize,2023,20.3,70.0,853.3,141.2,3.08
1984,West Bengal,Bardhaman,Cotton,2023,22.0,70.0,841.2,76.2,2.09
1985,Maharashtra,Nashik,Wheat,2023,19.9,70.0,976.9,143.5,4.03
1986,Maharashtra,Nashik,Rice,2023,19.0,70.0,911.4,125.0,3.68
1987,Maharashtra,Nashik,Maize,2023,22.6,70.0,615.9,129.4,3.48
1988,Maharashtra,Nashik,Cotton,2023,22.5,70.0,586.7,102.9,2.34
1989,Maharashtra,Pune,Wheat,2023,21.8,70.0,305.1,157.1,4.13
1990,Maharashtra,Pune,Rice,2023,20.8,70.0,935.6,160.4,3.46
1991,Maharashtra,Pune,Maize,2023,24.6,70.0,433.6,132.5,2.46
1992,Maharashtra,Pune,Cotton,2023,25.0,70.0,798.4,108.9,2.05
1993,Tamil Nadu,Thanjavur,Wheat,2023,41.0,70.0,85.0,12.5,0.22
1994,Tamil Nadu,Thanjavur,Rice,2023,38.4,70.0,102.1,27.8,0.2
1995,Tamil Nadu,Thanjavur,Maize,2023,28.6,70.0,743.6,98.3,3.17
1996,Tamil Nadu,Thanjavur,Cotton,2023,23.6,70.0,652.3,122.2,2.57
1997,Andhra Pradesh,Kurnool,Wheat,2023,21.1,70.0,795.6,150.4,4.38
1998,Andhra Pradesh,Kurnool,Rice,2023,26.9,70.0,335.8,147.7,3.88
1999,Andhra Pradesh,Kurnool,Maize,2023,29.7,70.0,437.0,128.2,3.2
2000,Andhra Pradesh,Kurnool,Cotton,2023,21.5,70.0,466.1,120.5,2.34
2001,Punjab,Ludhiana,Wheat,2019,25.2,70.0,613.8,164.6,4.65
2002,Punjab,Ludhiana,Rice,2019,22.4,70.0,935.5,146.7,4.27
2003,Punjab,Ludhiana,Maize,2019,21.2,70.0,981.0,67.8,2.86
2004,Punjab,Ludhiana,Cotton,2019,22.4,70.0,476.3,133.4,2.64
2005,Punjab,Patiala,Wheat,2019,37.6,70.0,66.2,27.3,1.01
2006,Punjab,Patiala,Rice,2019,26.6,70.0,392.5,145.7,3.43
2007,Punjab,Patiala,Maize,2019,35.3,70.0,74.5,23.1,0.16
2008,Punjab,Patiala,Cotton,2019,25.1,70.0,670.0,73.1,2.22
2009,Uttar Pradesh,Kanpur,Wheat,2019,19.5,70.0,491.5,210.0,4.08
2010,Uttar Pradesh,Kanpur,Rice,2019,26.5,70.0,817.9,123.1,3.24
2011,Uttar Pradesh,Kanpur,Maize,2019,28.7,70.0,349.7,146.3,3.39
2012,Uttar Pradesh,Kanpur,Cotton,2019,37.3,70.0,92.8,17.9,0.17
2013,Uttar Pradesh,Varanasi,Wheat,2019,22.9,70.0,933.8,163.1,3.94
2014,Uttar Pradesh,Varanasi,Rice,2019,19.3,70.0,656.9,148.8,3.35
2015,Uttar Pradesh,Varanasi,Maize,2019,23.2,70.0,895.2,134.5,3.53
2016,Uttar Pradesh,Varanasi,Cotton,2019,29.7,70.0,930.7,118.1,2.63
2017,West Bengal,Hooghly,Wheat,2019,28.7,70.0,352.5,217.0,4.15
2018,West Bengal,Hooghly,Rice,2019,24.6,70.0,790.1,129.3,3.88
2019,West Bengal,Hooghly,Maize,2019,20.5,70.0,582.6,125.1,3.36
2020,West Bengal,Hooghly,Cotton,2019,22.7,70.0,543.8,126.0,2.56
2021,West Bengal,Bardhaman,Wheat,2019,28.8,70.0,730.3,152.5,3.92
2022,West Bengal,Bardhaman,Rice,2019,20.6,70.0,819.7,151.8,3.53
2023,West Bengal,Bardhaman,Maize,2019,28.7,70.0,700.3,119.4,3.02
2024,West Bengal,Bardhaman,Cotton,2019,22.6,70.0,698.4,118.9,2.34
2025,Maharashtra,Nashik,Wheat,2019,23.3,70.0,917.4,197.4,4.08
2026,Maharashtra,Nashik,Rice,2019,36.3,70.0,70.5,6.5,0.3
2027,Maharashtra,Nashik,Maize,2019,41.7,70.0,97.6,8.6,0.34
2028,Maharashtra,Nashik,Cotton,2019,29.5,70.0,347.8,75.1,1.85
2029,Maharashtra,Pune,Wheat,2019,23.3,70.0,429.1,184.2,4.47
2030,Maharashtra,Pune,Rice,2019,29.3,70.0,501.0,123.0,3.71
2031,Maharashtra,Pune,Maize,2019,23.5,70.0,560.7,130.8,3.28
2032,Maharashtra,Pune,Cotton,2019,27.3,70.0,447.0,111.6,2.2
2033,Tamil Nadu,Thanjavur,Wheat,2019,25.0,70.0,616.1,145.9,4.31
2034,Tamil Nadu,Thanjavur,Rice,2019,20.2,70.0,752.6,154.2,4.23
2035,Tamil Nadu,Thanjavur,Maize,2019,25.6,70.0,856.7,155.5,3.26
2036,Tamil Nadu,Thanjavur,Cotton,2019,20.6,70.0,441.6,154.0,2.61
2037,Andhra Pradesh,Kurnool,Wheat,2019,19.0,70.0,805.7,188.2,4.6
2038,Andhra Pradesh,Kurnool,Rice,2019,22.9,70.0,538.6,170.3,4.23
2039,Andhra Pradesh,Kurnool,Maize,2019,37.0,70.0,58.9,29.6,0.19
2040,Andhra Pradesh,Kurnool,Cotton,2019,26.4,70.0,922.8,141.0,2.93
2041,Punjab,Ludhiana,Wheat,2020,28.2,70.0,947.3,133.7,4.02
2042,Punjab,Ludhiana,Rice,2020,28.7,70.0,702.5,135.7,3.36
2043,Punjab,Ludhiana,Maize,2020,25.0,70.0,898.7,133.7,3.61
2044,Punjab,Ludhiana,Cotton,2020,19.6,70.0,796.1,70.7,1.9
2045,Punjab,Patiala,Wheat,2020,18.5,70.0,978.7,165.8,4.24
2046,Punjab,Patiala,Rice,2020,21.6,70.0,937.2,72.9,3.26
2047,Punjab,Patiala,Maize,2020,24.2,70.0,720.1,100.9,2.86
2048,Punjab,Patiala,Cotton,2020,20.6,70.0,346.3,92.4,2.27
2049,Uttar Pradesh,Kanpur,Wheat,2020,37.9,70.0,110.9,19.7,0.1
2050,Uttar Pradesh,Kanpur,Rice,2020,26.6,70.0,492.4,112.8,3.01
2051,Uttar Pradesh,Kanpur,Maize,2020,41.0,70.0,137.3,17.3,0.33
2052,Uttar Pradesh,Kanpur,Cotton,2020,21.8,70.0,517.7,141.1,2.44
2053,Uttar Pradesh,Varanasi,Wheat,2020,24.7,70.0,791.7,155.6,4.25
2054,Uttar Pradesh,Varanasi,Rice,2020,20.3,70.0,760.2,132.7,3.1
2055,Uttar Pradesh,Varanasi,Maize,2020,26.3,70.0,698.5,146.9,4.1
2056,Uttar Pradesh,Varanasi,Cotton,2020,25.4,70.0,762.4,117.2,2.4
2057,West Bengal,Hooghly,Wheat,2020,24.4,70.0,694.9,172.3,4.72
2058,West Bengal,Hooghly,Rice,2020,39.7,70.0,137.7,19.2,0.3
2059,West Bengal,Hooghly,Maize,2020,18.5,70.0,791.9,79.2,3.06
2060,West Bengal,Hooghly,Cotton,2020,21.3,70.0,310.8,118.6,2.54
2061,West Bengal,Bardhaman,Wheat,2020,26.5,70.0,947.0,178.0,4.57
2062,West Bengal,Bardhaman,Rice,2020,40.6,70.0,115.5,4.0,0.1
2063,West Bengal,Bardhaman,Maize,2020,21.2,70.0,672.6,131.2,3.23
2064,West Bengal,Bardhaman,Cotton,2020,27.8,70.0,391.9,76.9,1.99
2065,Maharashtra,Nashik,Wheat,2020,23.4,70.0,692.0,145.4,3.75
2066,Maharashtra,Nashik,Rice,2020,29.9,70.0,811.9,148.8,3.23
2067,Maharashtra,Nashik,Maize,2020,21.5,70.0,672.6,133.7,3.52
2068,Maharashtra,Nashik,Cotton,2020,24.3,70.0,949.8,107.2,2.24
2069,Maharashtra,Pune,Wheat,2020,23.4,70.0,579.4,208.4,4.57
2070,Maharashtra,Pune,Rice,2020,28.8,70.0,517.0,114.1,3.91
2071,Maharashtra,Pune,Maize,2020,28.0,70.0,591.0,106.1,3.63
2072,Maharashtra,Pune,Cotton,2020,24.4,70.0,530.4,153.2,2.69
2073,Tamil Nadu,Thanjavur,Wheat,2020,39.9,70.0,144.4,21.5,0.23
2074,Tamil Nadu,Thanjavur,Rice,2020,19.1,70.0,993.1,165.9,3.75
2075,Tamil Nadu,Thanjavur,Maize,2020,21.2,70.0,389.8,112.5,3.49
2076,Tamil Nadu,Thanjavur,Cotton,2020,27.3,70.0,940.8,145.6,2.38
2077,Andhra Pradesh,Kurnool,Wheat,2020,26.0,70.0,602.6,167.8,4.2
2078,Andhra Pradesh,Kurnool,Rice,2020,41.6,70.0,120.3,12.7,0.1
2079,Andhra Pradesh,Kurnool,Maize,2020,24.3,70.0,657.2,129.2,3.38
2080,Andhra Pradesh,Kurnool,Cotton,2020,27.3,70.0,431.0,68.7,2.0
2081,Punjab,Ludhiana,Wheat,2021,21.9,70.0,931.2,139.1,3.75
2082,Punjab,Ludhiana,Rice,2021,23.3,70.0,728.6,121.6,3.37
2083,Punjab,Ludhiana,Maize,2021,19.7,70.0,379.6,135.6,3.3
2084,Punjab,Ludhiana,Cotton,2021,18.1,70.0,976.1,100.0,2.32
2085,Punjab,Patiala,Wheat,2021,18.5,70.0,811.5,145.4,3.54
2086,Punjab,Patiala,Rice,2021,38.8,70.0,69.8,13.0,0.23
2087,Punjab,Patiala,Maize,2021,39.2,70.0,128.0,28.3,0.17
2088,Punjab,Patiala,Cotton,2021,19.4,70.0,609.8,117.2,2.48
2089,Uttar Pradesh,Kanpur,Wheat,2021,22.8,70.0,582.5,160.3,3.78
2090,Uttar Pradesh,Kanpur,Rice,2021,18.1,70.0,574.9,160.5,3.98
2091,Uttar Pradesh,Kanpur,Maize,2021,27.1,70.0,600.2,171.6,3.7
2092,Uttar Pradesh,Kanpur,Cotton,2021,20.9,70.0,953.1,129.4,2.54
2093,Uttar Pradesh,Varanasi,Wheat,2021,23.1,70.0,439.5,159.3,4.77
2094,Uttar Pradesh,Varanasi,Rice,2021,20.0,70.0,307.7,178.1,4.33
2095,Uttar Pradesh,Varanasi,Maize,2021,19.8,70.0,681.8,134.3,4.05
2096,Uttar Pradesh,Varanasi,Cotton,2021,22.8,70.0,654.2,119.3,2.43
2097,West Bengal,Hooghly,Wheat,2021,37.6,70.0,142.6,9.2,0.16
2098,West Bengal,Hooghly,Rice,2021,18.1,70.0,771.6,177.6,4.19
2099,West Bengal,Hooghly,Maize,2021,29.2,70.0,647.1,138.4,3.45
2100,West Bengal,Hooghly,Cotton,2021,28.8,70.0,882.1,61.9,2.13
2101,West Bengal,Bardhaman,Wheat,2021,19.2,70.0,990.2,164.2,3.76
2102,West Bengal,Bardhaman,Rice,2021,26.1,70.0,535.5,112.3,3.66
2103,West Bengal,Bardhaman,Maize,2021,27.9,70.0,520.1,138.7,3.4
2104,West Bengal,Bardhaman,Cotton,2021,27.1,70.0,580.6,115.6,2.26
2105,Maharashtra,Nashik,Wheat,2021,22.8,70.0,337.3,207.3,4.05
2106,Maharashtra,Nashik,Rice,2021,18.5,70.0,534.7,122.5,3.35
2107,Maharashtra,Nashik,Maize,2021,28.3,70.0,796.5,127.5,3.75
2108,Maharashtra,Nashik,Cotton,2021,35.9,70.0,140.1,2.5,0.26
2109,Maharashtra,Pune,Wheat,2021,23.4,70.0,636.9,222.6,4.67
2110,Maharashtra,Pune,Rice,2021,26.1,70.0,868.6,161.6,3.8
2111,Maharashtra,Pune,Maize,2021,28.4,70.0,477.6,139.7,3.56
2112,Maharashtra,Pune,Cotton,2021,23.3,70.0,493.3,108.3,2.36
2113,Tamil Nadu,Thanjavur,Wheat,2021,40.7,70.0,118.0,27.5,0.19
2114,Tamil Nadu,Thanjavur,Rice,2021,27.4,70.0,331.2,162.9,4.13
2115,Tamil Nadu,Thanjavur,Maize,2021,19.6,70.0,660.5,155.7,3.29
2116,Tamil Nadu,Thanjavur,Cotton,2021,18.4,70.0,417.0,101.5,2.26
2117,Andhra Pradesh,Kurnool,Wheat,2021,18.6,70.0,345.6,167.3,4.22
2118,Andhra Pradesh,Kurnool,Rice,2021,21.8,70.0,919.3,184.9,4.22
2119,Andhra Pradesh,Kurnool,Maize,2021,19.2,70.0,488.7,63.9,2.22
2120,Andhra Pradesh,Kurnool,Cotton,2021,39.3,70.0,139.0,5.2,0.1
2121,Punjab,Ludhiana,Wheat,2022,26.3,70.0,883.1,193.5,4.3
2122,Punjab,Ludhiana,Rice,2022,37.2,70.0,72.0,1.1,0.31
2123,Punjab,Ludhiana,Maize,2022,23.6,70.0,963.3,163.3,3.44
2124,Punjab,Ludhiana,Cotton,2022,21.1,70.0,949.6,104.3,2.22
2125,Punjab,Patiala,Wheat,2022,25.6,70.0,403.9,114.7,3.68
2126,Punjab,Patiala,Rice,2022,18.9,70.0,581.9,102.2,3.15
2127,Punjab,Patiala,Maize,2022,26.9,70.0,434.8,182.0,3.59
2128,Punjab,Patiala,Cotton,2022,26.6,70.0,751.1,125.4,1.87
2129,Uttar Pradesh,Kanpur,Wheat,2022,28.3,70.0,673.3,135.4,4.11
2130,Uttar Pradesh,Kanpur,Rice,2022,24.8,70.0,378.3,165.8,3.82
2131,Uttar Pradesh,Kanpur,Maize,2022,26.1,70.0,900.6,67.7,2.71
2132,Uttar Pradesh,Kanpur,Cotton,2022,27.8,70.0,749.1,110.4,2.24
2133,Uttar Pradesh,Varanasi,Wheat,2022,22.4,70.0,424.0,124.4,3.72
2134,Uttar Pradesh,Varanasi,Rice,2022,29.1,70.0,516.7,141.0,3.81
2135,Uttar Pradesh,Varanasi,Maize,2022,18.5,70.0,415.3,152.4,3.77
2136,Uttar Pradesh,Varanasi,Cotton,2022,19.1,70.0,844.9,93.9,2.61
2137,West Bengal,Hooghly,Wheat,2022,19.4,70.0,694.4,184.0,4.17
2138,West Bengal,Hooghly,Rice,2022,29.8,70.0,740.8,148.1,3.99
2139,West Bengal,Hooghly,Maize,2022,20.6,70.0,643.4,103.3,3.26
2140,West Bengal,Hooghly,Cotton,2022,19.5,70.0,338.9,107.6,2.13
2141,West Bengal,Bardhaman,Wheat,2022,27.1,70.0,791.2,186.8,4.0
2142,West Bengal,Bardhaman,Rice,2022,19.2,70.0,461.7,165.0,4.02
2143,West Bengal,Bardhaman,Maize,2022,23.0,70.0,854.6,111.4,3.33
2144,West Bengal,Bardhaman,Cotton,2022,36.9,70.0,83.4,24.8,0.1
2145,Maharashtra,Nashik,Wheat,2022,29.6,70.0,939.7,189.2,4.48
2146,Maharashtra,Nashik,Rice,2022,21.8,70.0,366.5,127.3,2.56
2147,Maharashtra,Nashik,Maize,2022,19.7,70.0,492.5,101.4,2.91
2148,Maharashtra,Nashik,Cotton,2022,40.4,70.0,67.5,8.3,0.15
2149,Maharashtra,Pune,Wheat,2022,29.1,70.0,670.1,147.4,4.2
2150,Maharashtra,Pune,Rice,2022,18.9,70.0,737.0,147.9,3.64
2151,Maharashtra,Pune,Maize,2022,40.2,70.0,56.0,13.2,0.35
2152,Maharashtra,Pune,Cotton,2022,24.5,70.0,913.8,73.3,1.88
2153,Tamil Nadu,Thanjavur,Wheat,2022,26.7,70.0,617.3,194.8,4.54
2154,Tamil Nadu,Thanjavur,Rice,2022,39.6,70.0,83.0,8.3,0.33
2155,Tamil Nadu,Thanjavur,Maize,2022,27.5,70.0,966.6,120.2,3.94
2156,Tamil Nadu,Thanjavur,Cotton,2022,19.8,70.0,590.6,86.1,2.18
2157,Andhra Pradesh,Kurnool,Wheat,2022,20.5,70.0,336.2,197.5,4.04
2158,Andhra Pradesh,Kurnool,Rice,2022,19.6,70.0,471.2,151.8,4.21
2159,Andhra Pradesh,Kurnool,Maize,2022,21.1,70.0,584.8,162.3,3.59
2160,Andhra Pradesh,Kurnool,Cotton,2022,21.2,70.0,805.9,96.1,2.06
2161,Punjab,Ludhiana,Wheat,2023,29.7,70.0,716.5,125.0,4.53
2162,Punjab,Ludhiana,Rice,2023,19.4,70.0,379.5,138.4,3.87
2163,Punjab,Ludhiana,Maize,2023,25.8,70.0,631.6,118.0,3.29
2164,Punjab,Ludhiana,Cotton,2023,18.2,70.0,506.1,115.6,2.1
2165,Punjab,Patiala,Wheat,2023,25.4,70.0,540.7,168.2,4.16
2166,Punjab,Patiala,Rice,2023,23.8,70.0,723.9,140.8,3.27
2167,Punjab,Patiala,Maize,2023,25.4,70.0,792.0,86.7,2.56
2168,Punjab,Patiala,Cotton,2023,21.5,70.0,413.1,103.0,2.15
2169,Uttar Pradesh,Kanpur,Wheat,2023,20.8,70.0,546.3,205.8,4.57
2170,Uttar Pradesh,Kanpur,Rice,2023,18.9,70.0,529.8,188.5,3.65
2171,Uttar Pradesh,Kanpur,Maize,2023,29.7,70.0,730.5,120.0,3.23
2172,Uttar Pradesh,Kanpur,Cotton,2023,26.0,70.0,979.1,100.3,2.55
2173,Uttar Pradesh,Varanasi,Wheat,2023,27.9,70.0,673.5,156.6,4.81
2174,Uttar Pradesh,Varanasi,Rice,2023,25.3,70.0,554.3,144.1,3.79
2175,Uttar Pradesh,Varanasi,Maize,2023,29.9,70.0,641.5,174.6,3.88
2176,Uttar Pradesh,Varanasi,Cotton,2023,23.1,70.0,308.0,86.1,2.35
2177,West Bengal,Hooghly,Wheat,2023,22.6,70.0,367.0,166.8,4.37
2178,West Bengal,Hooghly,Rice,2023,20.1,70.0,971.1,130.9,4.36
2179,West Bengal,Hooghly,Maize,2023,20.3,70.0,593.8,150.0,3.06
2180,West Bengal,Hooghly,Cotton,2023,36.4,70.0,141.2,3.4,0.15
2181,West Bengal,Bardhaman,Wheat,2023,22.1,70.0,526.5,173.8,4.27
2182,West Bengal,Bardhaman,Rice,2023,21.9,70.0,476.9,179.2,4.15
2183,West Bengal,Bardhaman,Maize,2023,25.6,70.0,536.1,151.0,3.21
2184,West Bengal,Bardhaman,Cotton,2023,35.4,70.0,134.1,8.4,0.1
2185,Maharashtra,Nashik,Wheat,2023,28.8,70.0,669.1,137.3,4.01
2186,Maharashtra,Nashik,Rice,2023,29.5,70.0,615.9,67.9,2.49
2187,Maharashtra,Nashik,Maize,2023,19.9,70.0,720.1,121.5,3.02
2188,Maharashtra,Nashik,Cotton,2023,19.7,70.0,980.4,101.3,2.34
2189,Maharashtra,Pune,Wheat,2023,28.0,70.0,775.3,156.5,4.67
2190,Maharashtra,Pune,Rice,2023,20.2,70.0,532.2,115.4,3.25
2191,Maharashtra,Pune,Maize,2023,21.7,70.0,786.5,109.4,3.18
2192,Maharashtra,Pune,Cotton,2023,37.0,70.0,92.5,14.1,0.15
2193,Tamil Nadu,Thanjavur,Wheat,2023,26.5,70.0,723.8,162.5,4.01
2194,Tamil Nadu,Thanjavur,Rice,2023,19.1,70.0,490.5,101.4,2.98
2195,Tamil Nadu,Thanjavur,Maize,2023,20.7,70.0,344.9,109.8,3.34
2196,Tamil Nadu,Thanjavur,Cotton,2023,28.1,70.0,835.8,112.3,2.43
2197,Andhra Pradesh,Kurnool,Wheat,2023,23.6,70.0,602.8,176.1,4.15
2198,Andhra Pradesh,Kurnool,Rice,2023,18.0,70.0,308.9,166.5,3.4
2199,Andhra Pradesh,Kurnool,Maize,2023,25.9,70.0,706.1,93.5,2.99
2200,Andhra Pradesh,Kurnool,Cotton,2023,26.2,70.0,723.9,94.9,2.26
2201,Punjab,Ludhiana,Wheat,2019,26.2,70.0,671.7,192.3,4.62
2202,Punjab,Ludhiana,Rice,2019,27.3,70.0,570.0,161.0,3.68
2203,Punjab,Ludhiana,Maize,2019,18.4,70.0,541.4,122.0,3.09
2204,Punjab,Ludhiana,Cotton,2019,27.2,70.0,446.0,82.0,2.21
2205,Punjab,Patiala,Wheat,2019,26.3,70.0,322.0,171.0,3.94
2206,Punjab,Patiala,Rice,2019,23.4,70.0,874.5,159.3,4.1
2207,Punjab,Patiala,Maize,2019,19.9,70.0,394.8,109.3,3.4
2208,Punjab,Patiala,Cotton,2019,26.9,70.0,702.6,138.5,2.47
2209,Uttar Pradesh,Kanpur,Wheat,2019,22.8,70.0,822.5,200.0,5.07
2210,Uttar Pradesh,Kanpur,Rice,2019,20.2,70.0,576.2,112.5,3.21
2211,Uttar Pradesh,Kanpur,Maize,2019,21.2,70.0,855.6,82.1,3.07
2212,Uttar Pradesh,Kanpur,Cotton,2019,19.2,70.0,524.9,152.8,2.52
2213,Uttar Pradesh,Varanasi,Wheat,2019,40.3,70.0,79.4,22.6,0.1
2214,Uttar Pradesh,Varanasi,Rice,2019,25.7,70.0,945.0,128.3,4.1
2215,Uttar Pradesh,Varanasi,Maize,2019,25.4,70.0,805.5,116.0,3.39
2216,Uttar Pradesh,Varanasi,Cotton,2019,19.7,70.0,805.1,92.9,2.25
2217,West Bengal,Hooghly,Wheat,2019,24.6,70.0,763.3,150.3,3.89
2218,West Bengal,Hooghly,Rice,2019,27.7,70.0,948.3,143.5,3.83
2219,West Bengal,Hooghly,Maize,2019,23.6,70.0,481.0,146.9,3.18
2220,West Bengal,Hooghly,Cotton,2019,28.7,70.0,430.6,128.3,2.2
2221,West Bengal,Bardhaman,Wheat,2019,28.5,70.0,561.3,165.9,3.83
2222,West Bengal,Bardhaman,Rice,2019,25.5,70.0,682.0,116.5,3.63
2223,West Bengal,Bardhaman,Maize,2019,23.0,70.0,627.5,117.5,3.6
2224,West Bengal,Bardhaman,Cotton,2019,21.5,70.0,551.5,149.6,2.28
2225,Maharashtra,Nashik,Wheat,2019,23.2,70.0,771.8,180.7,4.02
2226,Maharashtra,Nashik,Rice,2019,21.4,70.0,717.7,105.8,3.4
2227,Maharashtra,Nashik,Maize,2019,36.0,70.0,101.3,12.8,0.3
2228,Maharashtra,Nashik,Cotton,2019,23.0,70.0,561.3,93.4,2.14
2229,Maharashtra,Pune,Wheat,2019,23.5,70.0,700.1,192.0,4.17
2230,Maharashtra,Pune,Rice,2019,36.6,70.0,101.7,2.5,0.41
2231,Maharashtra,Pune,Maize,2019,20.6,70.0,627.6,126.4,2.85
2232,Maharashtra,Pune,Cotton,2019,25.0,70.0,425.1,130.3,2.32
2233,Tamil Nadu,Thanjavur,Wheat,2019,26.0,70.0,736.3,189.6,4.31
2234,Tamil Nadu,Thanjavur,Rice,2019,22.1,70.0,358.8,145.1,4.26
2235,Tamil Nadu,Thanjavur,Maize,2019,28.5,70.0,645.7,116.6,3.53
2236,Tamil Nadu,Thanjavur,Cotton,2019,41.2,70.0,128.6,24.4,0.83
2237,Andhra Pradesh,Kurnool,Wheat,2019,23.1,70.0,449.4,134.6,3.74
2238,Andhra Pradesh,Kurnool,Rice,2019,27.8,70.0,616.5,110.8,3.47
2239,Andhra Pradesh,Kurnool,Maize,2019,18.2,70.0,771.4,120.6,3.22
2240,Andhra Pradesh,Kurnool,Cotton,2019,21.5,70.0,731.1,101.8,1.96
2241,Punjab,Ludhiana,Wheat,2020,24.0,70.0,466.3,178.0,4.54
2242,Punjab,Ludhiana,Rice,2020,29.1,70.0,365.3,135.9,3.7
2243,Punjab,Ludhiana,Maize,2020,26.3,70.0,958.2,115.5,2.96
2244,Punjab,Ludhiana,Cotton,2020,25.6,70.0,695.9,95.9,2.25
2245,Punjab,Patiala,Wheat,2020,29.4,70.0,906.8,192.1,3.9
2246,Punjab,Patiala,Rice,2020,19.2,70.0,594.4,123.0,3.43
2247,Punjab,Patiala,Maize,2020,39.5,70.0,92.8,24.8,1.2
2248,Punjab,Patiala,Cotton,2020,30.0,70.0,585.1,94.9,2.15
2249,Uttar Pradesh,Kanpur,Wheat,2020,29.7,70.0,436.0,177.9,4.72
2250,Uttar Pradesh,Kanpur,Rice,2020,20.2,70.0,903.7,137.6,3.65
2251,Uttar Pradesh,Kanpur,Maize,2020,26.4,70.0,638.8,119.0,3.71
2252,Uttar Pradesh,Kanpur,Cotton,2020,28.9,70.0,374.4,92.7,2.17
2253,Uttar Pradesh,Varanasi,Wheat,2020,25.6,70.0,798.8,143.3,4.07
2254,Uttar Pradesh,Varanasi,Rice,2020,25.0,70.0,605.5,131.0,3.44
2255,Uttar Pradesh,Varanasi,Maize,2020,18.3,70.0,373.5,112.8,3.46
2256,Uttar Pradesh,Varanasi,Cotton,2020,25.8,70.0,588.4,74.1,2.11
2257,West Bengal,Hooghly,Wheat,2020,36.8,70.0,126.2,21.5,0.12
2258,West Bengal,Hooghly,Rice,2020,41.4,70.0,62.4,5.4,0.13
2259,West Bengal,Hooghly,Maize,2020,20.3,70.0,577.0,89.0,3.11
2260,West Bengal,Hooghly,Cotton,2020,27.1,70.0,814.0,114.3,1.83
2261,West Bengal,Bardhaman,Wheat,2020,29.2,70.0,464.9,153.4,4.08
2262,West Bengal,Bardhaman,Rice,2020,36.3,70.0,84.5,15.2,0.46
2263,West Bengal,Bardhaman,Maize,2020,40.9,70.0,112.8,27.5,0.27
2264,West Bengal,Bardhaman,Cotton,2020,28.1,70.0,765.6,101.2,1.91
2265,Maharashtra,Nashik,Wheat,2020,26.6,70.0,588.3,125.4,3.94
2266,Maharashtra,Nashik,Rice,2020,39.9,70.0,73.7,28.0,0.21
2267,Maharashtra,Nashik,Maize,2020,26.7,70.0,638.6,154.6,3.01
2268,Maharashtra,Nashik,Cotton,2020,20.2,70.0,325.6,74.0,1.89
2269,Maharashtra,Pune,Wheat,2020,20.1,70.0,528.8,177.9,4.32
2270,Maharashtra,Pune,Rice,2020,18.8,70.0,840.1,145.4,3.65
2271,Maharashtra,Pune,Maize,2020,24.6,70.0,380.0,118.1,2.59
2272,Maharashtra,Pune,Cotton,2020,38.6,70.0,59.3,10.5,0.16
2273,Tamil Nadu,Thanjavur,Wheat,2020,24.2,70.0,952.3,151.1,4.47
2274,Tamil Nadu,Thanjavur,Rice,2020,28.7,70.0,635.7,100.8,3.79
2275,Tamil Nadu,Thanjavur,Maize,2020,21.6,70.0,645.3,124.4,3.5
2276,Tamil Nadu,Thanjavur,Cotton,2020,28.3,70.0,820.7,126.7,2.05
2277,Andhra Pradesh,Kurnool,Wheat,2020,20.4,70.0,678.0,172.0,3.84
2278,Andhra Pradesh,Kurnool,Rice,2020,22.3,70.0,567.0,74.8,3.1
2279,Andhra Pradesh,Kurnool,Maize,2020,21.0,70.0,896.9,123.1,3.14
2280,Andhra Pradesh,Kurnool,Cotton,2020,19.0,70.0,834.8,119.5,2.61
2281,Punjab,Ludhiana,Wheat,2021,20.1,70.0,738.8,144.0,3.88
2282,Punjab,Ludhiana,Rice,2021,29.9,70.0,305.1,130.4,3.31
2283,Punjab,Ludhiana,Maize,2021,28.1,70.0,428.9,147.6,2.95
2284,Punjab,Ludhiana,Cotton,2021,40.3,70.0,137.9,28.8,0.1
2285,Punjab,Patiala,Wheat,2021,21.1,70.0,842.1,166.3,4.53
2286,Punjab,Patiala,Rice,2021,23.2,70.0,898.8,144.8,3.34
2287,Punjab,Patiala,Maize,2021,28.0,70.0,703.4,125.0,3.17
2288,Punjab,Patiala,Cotton,2021,25.0,70.0,760.4,150.9,2.64
2289,Uttar Pradesh,Kanpur,Wheat,2021,23.7,70.0,533.7,139.8,4.19
2290,Uttar Pradesh,Kanpur,Rice,2021,39.3,70.0,50.8,20.8,0.29
2291,Uttar Pradesh,Kanpur,Maize,2021,20.0,70.0,899.3,110.3,3.53
2292,Uttar Pradesh,Kanpur,Cotton,2021,20.7,70.0,796.3,71.3,2.12
2293,Uttar Pradesh,Varanasi,Wheat,2021,38.5,70.0,109.3,10.0,0.32
2294,Uttar Pradesh,Varanasi,Rice,2021,21.2,70.0,480.1,175.9,4.23
2295,Uttar Pradesh,Varanasi,Maize,2021,24.6,70.0,497.4,110.7,3.18
2296,Uttar Pradesh,Varanasi,Cotton,2021,37.6,70.0,75.2,13.8,0.19
2297,West Bengal,Hooghly,Wheat,2021,24.6,70.0,707.8,167.8,4.65
2298,West Bengal,Hooghly,Rice,2021,19.1,70.0,831.3,96.8,3.29
2299,West Bengal,Hooghly,Maize,2021,23.5,70.0,458.7,102.0,3.55
2300,West Bengal,Hooghly,Cotton,2021,19.8,70.0,770.5,120.1,2.49
2301,West Bengal,Bardhaman,Wheat,2021,20.9,70.0,688.5,139.4,3.34
2302,West Bengal,Bardhaman,Rice,2021,20.7,70.0,778.6,110.4,3.79
2303,West Bengal,Bardhaman,Maize,2021,23.1,70.0,376.9,71.7,2.54
2304,West Bengal,Bardhaman,Cotton,2021,28.7,70.0,328.3,60.2,2.32
2305,Maharashtra,Nashik,Wheat,2021,23.7,70.0,658.9,203.8,4.46
2306,Maharashtra,Nashik,Rice,2021,23.4,70.0,777.3,224.3,4.22
2307,Maharashtra,Nashik,Maize,2021,26.3,70.0,726.2,150.7,2.95
2308,Maharashtra,Nashik,Cotton,2021,19.1,70.0,318.2,116.5,2.16
2309,Maharashtra,Pune,Wheat,2021,20.2,70.0,852.6,188.3,4.11
2310,Maharashtra,Pune,Rice,2021,29.4,70.0,360.0,123.0,3.64
2311,Maharashtra,Pune,Maize,2021,38.9,70.0,61.0,14.2,0.23
2312,Maharashtra,Pune,Cotton,2021,27.4,70.0,689.8,78.3,2.05
2313,Tamil Nadu,Thanjavur,Wheat,2021,22.1,70.0,448.4,151.0,4.18
2314,Tamil Nadu,Thanjavur,Rice,2021,21.8,70.0,366.5,146.1,3.86
2315,Tamil Nadu,Thanjavur,Maize,2021,21.9,70.0,702.3,141.8,3.48
2316,Tamil Nadu,Thanjavur,Cotton,2021,25.1,70.0,360.6,97.0,2.32
2317,Andhra Pradesh,Kurnool,Wheat,2021,22.9,70.0,956.4,165.8,4.36
2318,Andhra Pradesh,Kurnool,Rice,2021,19.0,70.0,796.4,147.4,3.88
2319,Andhra Pradesh,Kurnool,Maize,2021,29.6,70.0,896.5,113.6,3.52
2320,Andhra Pradesh,Kurnool,Cotton,2021,19.5,70.0,504.2,92.3,2.43
2321,Punjab,Ludhiana,Wheat,2022,20.1,70.0,384.9,196.1,4.1
2322,Punjab,Ludhiana,Rice,2022,23.6,70.0,324.3,128.4,3.4
2323,Punjab,Ludhiana,Maize,2022,19.5,70.0,816.2,121.5,3.45
2324,Punjab,Ludhiana,Cotton,2022,19.8,70.0,671.8,85.1,2.29
2325,Punjab,Patiala,Wheat,2022,41.1,70.0,57.2,26.1,0.1
2326,Punjab,Patiala,Rice,2022,27.6,70.0,768.8,153.0,3.44
2327,Punjab,Patiala,Maize,2022,18.8,70.0,581.5,92.1,2.63
2328,Punjab,Patiala,Cotton,2022,21.0,70.0,372.4,108.3,2.39
2329,Uttar Pradesh,Kanpur,Wheat,2022,38.9,70.0,143.1,8.8,0.35
2330,Uttar Pradesh,Kanpur,Rice,2022,22.5,70.0,661.0,137.9,3.76
2331,Uttar Pradesh,Kanpur,Maize,2022,27.7,70.0,822.6,128.0,3.66
2332,Uttar Pradesh,Kanpur,Cotton,2022,18.4,70.0,327.3,95.9,2.49
2333,Uttar Pradesh,Varanasi,Wheat,2022,23.2,70.0,834.4,149.1,4.14
2334,Uttar Pradesh,Varanasi,Rice,2022,23.1,70.0,354.7,126.7,3.55
2335,Uttar Pradesh,Varanasi,Maize,2022,29.2,70.0,704.2,94.0,3.43
2336,Uttar Pradesh,Varanasi,Cotton,2022,36.4,70.0,102.0,22.9,1.07
2337,West Bengal,Hooghly,Wheat,2022,20.4,70.0,306.4,182.3,4.07
2338,West Bengal,Hooghly,Rice,2022,28.3,70.0,552.9,120.1,3.53
2339,West Bengal,Hooghly,Maize,2022,29.0,70.0,853.3,162.8,3.5
2340,West Bengal,Hooghly,Cotton,2022,29.3,70.0,446.1,88.7,2.01
2341,West Bengal,Bardhaman,Wheat,2022,18.2,70.0,760.2,166.5,3.67
2342,West Bengal,Bardhaman,Rice,2022,24.3,70.0,586.3,150.8,3.57
2343,West Bengal,Bardhaman,Maize,2022,39.6,70.0,51.9,27.3,0.1
2344,West Bengal,Bardhaman,Cotton,2022,29.8,70.0,584.2,162.5,2.55
2345,Maharashtra,Nashik,Wheat,2022,24.5,70.0,447.5,187.7,4.39
2346,Maharashtra,Nashik,Rice,2022,24.8,70.0,528.2,134.9,3.81
2347,Maharashtra,Nashik,Maize,2022,23.0,70.0,573.9,113.0,3.1
2348,Maharashtra,Nashik,Cotton,2022,26.8,70.0,789.6,150.1,2.69
2349,Maharashtra,Pune,Wheat,2022,28.0,70.0,377.4,193.3,4.66
2350,Maharashtra,Pune,Rice,2022,18.4,70.0,990.2,123.7,3.4
2351,Maharashtra,Pune,Maize,2022,25.9,70.0,379.8,154.4,3.62
2352,Maharashtra,Pune,Cotton,2022,18.7,70.0,520.7,90.4,2.27
2353,Tamil Nadu,Thanjavur,Wheat,2022,25.9,70.0,745.4,152.5,3.8
2354,Tamil Nadu,Thanjavur,Rice,2022,28.0,70.0,829.6,117.6,3.88
2355,Tamil Nadu,Thanjavur,Maize,2022,21.7,70.0,630.9,144.3,3.68
2356,Tamil Nadu,Thanjavur,Cotton,2022,21.1,70.0,354.1,105.6,2.14
2357,Andhra Pradesh,Kurnool,Wheat,2022,41.8,70.0,95.9,13.0,0.33
2358,Andhra Pradesh,Kurnool,Rice,2022,23.6,70.0,695.5,123.1,3.22
2359,Andhra Pradesh,Kurnool,Maize,2022,18.3,70.0,948.2,132.1,3.69
2360,Andhra Pradesh,Kurnool,Cotton,2022,23.3,70.0,990.5,98.4,2.43
2361,Punjab,Ludhiana,Wheat,2023,28.7,70.0,443.4,199.8,4.52
2362,Punjab,Ludhiana,Rice,2023,18.5,70.0,368.3,140.3,3.49
2363,Punjab,Ludhiana,Maize,2023,19.0,70.0,406.2,160.2,3.74
2364,Punjab,Ludhiana,Cotton,2023,20.1,70.0,595.6,80.9,2.44
2365,Punjab,Patiala,Wheat,2023,25.6,70.0,925.2,176.7,3.88
2366,Punjab,Patiala,Rice,2023,27.2,70.0,471.7,167.3,3.83
2367,Punjab,Patiala,Maize,2023,38.3,70.0,68.1,2.5,0.29
2368,Punjab,Patiala,Cotton,2023,23.3,70.0,757.7,93.9,2.12
2369,Uttar Pradesh,Kanpur,Wheat,2023,22.9,70.0,920.9,159.7,4.33
2370,Uttar Pradesh,Kanpur,Rice,2023,23.5,70.0,560.7,122.3,3.45
2371,Uttar Pradesh,Kanpur,Maize,2023,21.3,70.0,619.6,98.9,2.93
2372,Uttar Pradesh,Kanpur,Cotton,2023,27.2,70.0,992.5,99.8,2.34
2373,Uttar Pradesh,Varanasi,Wheat,2023,28.1,70.0,877.5,190.5,4.72
2374,Uttar Pradesh,Varanasi,Rice,2023,25.7,70.0,870.2,152.0,3.9
2375,Uttar Pradesh,Varanasi,Maize,2023,24.4,70.0,852.4,131.0,3.71
2376,Uttar Pradesh,Varanasi,Cotton,2023,39.3,70.0,130.0,16.6,0.18
2377,West Bengal,Hooghly,Wheat,2023,19.2,70.0,770.4,156.0,4.42
2378,West Bengal,Hooghly,Rice,2023,25.9,70.0,609.5,114.7,3.49
2379,West Bengal,Hooghly,Maize,2023,24.0,70.0,925.8,74.4,3.05
2380,West Bengal,Hooghly,Cotton,2023,20.3,70.0,560.1,115.9,2.19
2381,West Bengal,Bardhaman,Wheat,2023,29.9,70.0,922.4,168.0,3.96
2382,West Bengal,Bardhaman,Rice,2023,18.5,70.0,583.7,87.3,3.14
2383,West Bengal,Bardhaman,Maize,2023,23.3,70.0,836.3,157.2,3.46
2384,West Bengal,Bardhaman,Cotton,2023,29.2,70.0,553.1,65.0,1.94
2385,Maharashtra,Nashik,Wheat,2023,23.7,70.0,646.4,163.0,4.21
2386,Maharashtra,Nashik,Rice,2023,27.9,70.0,552.6,125.0,3.66
2387,Maharashtra,Nashik,Maize,2023,20.9,70.0,728.1,73.6,2.36
2388,Maharashtra,Nashik,Cotton,2023,24.3,70.0,547.5,93.0,2.57
2389,Maharashtra,Pune,Wheat,2023,22.9,70.0,479.9,207.2,4.61
2390,Maharashtra,Pune,Rice,2023,29.8,70.0,404.4,155.2,3.51
2391,Maharashtra,Pune,Maize,2023,24.3,70.0,989.9,119.4,3.61
2392,Maharashtra,Pune,Cotton,2023,29.8,70.0,548.5,95.0,2.19
2393,Tamil Nadu,Thanjavur,Wheat,2023,41.6,70.0,133.5,14.5,0.2
2394,Tamil Nadu,Thanjavur,Rice,2023,25.6,70.0,845.2,132.7,3.7
2395,Tamil Nadu,Thanjavur,Maize,2023,21.0,70.0,919.7,122.1,3.64
2396,Tamil Nadu,Thanjavur,Cotton,2023,24.2,70.0,625.1,135.7,2.48
2397,Andhra Pradesh,Kurnool,Wheat,2023,21.3,70.0,429.2,187.3,4.39
2398,Andhra Pradesh,Kurnool,Rice,2023,22.0,70.0,850.9,178.8,4.45
2399,Andhra Pradesh,Kurnool,Maize,2023,23.7,70.0,788.2,115.7,3.38
2400,Andhra Pradesh,Kurnool,Cotton,2023,24.5,70.0,396.0,150.1,2.59
2401,Punjab,Ludhiana,Wheat,2019,40.5,70.0,60.9,26.3,0.28
2402,Punjab,Ludhiana,Rice,2019,22.1,70.0,417.7,121.9,3.76
2403,Punjab,Ludhiana,Maize,2019,22.6,70.0,392.2,102.9,3.55
2404,Punjab,Ludhiana,Cotton,2019,24.5,70.0,654.2,90.2,1.96
2405,Punjab,Patiala,Wheat,2019,41.5,70.0,63.4,16.0,0.14
2406,Punjab,Patiala,Rice,2019,28.2,70.0,940.9,101.0,3.05
2407,Punjab,Patiala,Maize,2019,27.7,70.0,715.6,149.1,3.3
2408,Punjab,Patiala,Cotton,2019,24.4,70.0,668.8,88.9,2.34
2409,Uttar Pradesh,Kanpur,Wheat,2019,18.2,70.0,918.9,181.9,4.66
2410,Uttar Pradesh,Kanpur,Rice,2019,26.9,70.0,885.1,162.4,3.54
2411,Uttar Pradesh,Kanpur,Maize,2019,19.0,70.0,676.7,128.9,2.83
2412,Uttar Pradesh,Kanpur,Cotton,2019,20.2,70.0,503.0,71.2,1.99
2413,Uttar Pradesh,Varanasi,Wheat,2019,25.1,70.0,467.4,140.1,3.77
2414,Uttar Pradesh,Varanasi,Rice,2019,19.6,70.0,575.4,74.2,3.12
2415,Uttar Pradesh,Varanasi,Maize,2019,26.4,70.0,599.4,172.8,3.6
2416,Uttar Pradesh,Varanasi,Cotton,2019,25.0,70.0,461.3,127.6,2.28
2417,West Bengal,Hooghly,Wheat,2019,27.0,70.0,810.9,182.7,4.32
2418,West Bengal,Hooghly,Rice,2019,24.9,70.0,499.2,178.3,4.41
2419,West Bengal,Hooghly,Maize,2019,37.9,70.0,62.4,12.4,0.21
2420,West Bengal,Hooghly,Cotton,2019,26.2,70.0,951.7,92.4,2.29
2421,West Bengal,Bardhaman,Wheat,2019,29.0,70.0,962.6,146.5,3.84
2422,West Bengal,Bardhaman,Rice,2019,38.0,70.0,50.8,4.8,0.42
2423,West Bengal,Bardhaman,Maize,2019,38.5,70.0,95.3,24.3,0.19
2424,West Bengal,Bardhaman,Cotton,2019,26.8,70.0,554.7,59.6,2.05
2425,Maharashtra,Nashik,Wheat,2019,23.5,70.0,955.1,170.3,4.56
2426,Maharashtra,Nashik,Rice,2019,40.9,70.0,127.3,28.3,0.1
2427,Maharashtra,Nashik,Maize,2019,18.6,70.0,998.8,119.3,3.2
2428,Maharashtra,Nashik,Cotton,2019,26.6,70.0,713.9,61.2,1.9
2429,Maharashtra,Pune,Wheat,2019,22.6,70.0,372.6,190.5,4.68
2430,Maharashtra,Pune,Rice,2019,20.0,70.0,445.9,95.6,3.38
2431,Maharashtra,Pune,Maize,2019,37.4,70.0,75.9,22.2,0.2
2432,Maharashtra,Pune,Cotton,2019,27.1,70.0,579.0,155.4,2.7
2433,Tamil Nadu,Thanjavur,Wheat,2019,36.3,70.0,58.3,16.9,0.31
2434,Tamil Nadu,Thanjavur,Rice,2019,28.2,70.0,907.1,134.1,3.51
2435,Tamil Nadu,Thanjavur,Maize,2019,21.7,70.0,916.8,103.4,3.04
2436,Tamil Nadu,Thanjavur,Cotton,2019,23.7,70.0,568.7,82.1,2.05
2437,Andhra Pradesh,Kurnool,Wheat,2019,22.3,70.0,611.8,150.7,4.39
2438,Andhra Pradesh,Kurnool,Rice,2019,23.3,70.0,465.4,155.3,4.02
2439,Andhra Pradesh,Kurnool,Maize,2019,39.3,70.0,52.9,20.8,0.1
2440,Andhra Pradesh,Kurnool,Cotton,2019,26.0,70.0,575.1,104.9,2.14
2441,Punjab,Ludhiana,Wheat,2020,36.6,70.0,84.3,17.9,0.1
2442,Punjab,Ludhiana,Rice,2020,18.3,70.0,768.6,94.1,2.46
2443,Punjab,Ludhiana,Maize,2020,28.8,70.0,821.0,150.2,3.78
2444,Punjab,Ludhiana,Cotton,2020,39.0,70.0,109.7,1.7,0.18
2445,Punjab,Patiala,Wheat,2020,22.1,70.0,900.6,184.1,3.85
2446,Punjab,Patiala,Rice,2020,37.9,70.0,121.2,29.4,0.29
2447,Punjab,Patiala,Maize,2020,21.1,70.0,720.3,105.6,3.41
2448,Punjab,Patiala,Cotton,2020,20.4,70.0,333.1,103.7,2.1
2449,Uttar Pradesh,Kanpur,Wheat,2020,21.9,70.0,800.0,162.8,4.44
2450,Uttar Pradesh,Kanpur,Rice,2020,24.6,70.0,449.9,128.8,3.11
2451,Uttar Pradesh,Kanpur,Maize,2020,20.4,70.0,939.0,132.2,3.08
2452,Uttar Pradesh,Kanpur,Cotton,2020,27.2,70.0,856.9,98.7,2.44
2453,Uttar Pradesh,Varanasi,Wheat,2020,38.8,70.0,102.7,1.7,0.23
2454,Uttar Pradesh,Varanasi,Rice,2020,19.2,70.0,624.6,121.1,3.24
2455,Uttar Pradesh,Varanasi,Maize,2020,29.5,70.0,631.5,106.5,3.13
2456,Uttar Pradesh,Varanasi,Cotton,2020,25.7,70.0,830.5,110.6,2.34
2457,West Bengal,Hooghly,Wheat,2020,21.6,70.0,745.6,200.9,4.3
2458,West Bengal,Hooghly,Rice,2020,22.9,70.0,640.2,122.8,3.4
2459,West Bengal,Hooghly,Maize,2020,28.7,70.0,787.3,152.0,3.87
2460,West Bengal,Hooghly,Cotton,2020,25.5,70.0,453.0,95.4,2.07
2461,West Bengal,Bardhaman,Wheat,2020,18.8,70.0,895.3,161.8,4.2
2462,West Bengal,Bardhaman,Rice,2020,41.2,70.0,55.1,22.4,0.26
2463,West Bengal,Bardhaman,Maize,2020,24.3,70.0,789.4,169.6,3.54
2464,West Bengal,Bardhaman,Cotton,2020,24.8,70.0,576.5,106.1,2.15
2465,Maharashtra,Nashik,Wheat,2020,22.8,70.0,948.9,218.2,4.4
2466,Maharashtra,Nashik,Rice,2020,25.9,70.0,328.4,143.7,4.05
2467,Maharashtra,Nashik,Maize,2020,23.6,70.0,476.2,123.1,3.58
2468,Maharashtra,Nashik,Cotton,2020,27.6,70.0,555.5,111.8,2.58
2469,Maharashtra,Pune,Wheat,2020,21.8,70.0,499.3,211.6,4.67
2470,Maharashtra,Pune,Rice,2020,22.8,70.0,406.0,175.9,3.83
2471,Maharashtra,Pune,Maize,2020,25.3,70.0,695.6,89.5,2.44
2472,Maharashtra,Pune,Cotton,2020,38.1,70.0,122.5,17.9,0.2
2473,Tamil Nadu,Thanjavur,Wheat,2020,22.3,70.0,606.7,121.3,3.3
2474,Tamil Nadu,Thanjavur,Rice,2020,26.2,70.0,315.3,134.0,3.49
2475,Tamil Nadu,Thanjavur,Maize,2020,25.6,70.0,928.8,129.1,3.07
2476,Tamil Nadu,Thanjavur,Cotton,2020,38.8,70.0,123.6,2.5,0.2
2477,Andhra Pradesh,Kurnool,Wheat,2020,28.2,70.0,870.6,180.0,4.49
2478,Andhra Pradesh,Kurnool,Rice,2020,37.7,70.0,90.7,16.6,0.17
2479,Andhra Pradesh,Kurnool,Maize,2020,39.6,70.0,143.9,10.9,0.41
2480,Andhra Pradesh,Kurnool,Cotton,2020,26.7,70.0,925.8,123.9,2.2
2481,Punjab,Ludhiana,Wheat,2021,24.3,70.0,796.9,140.9,3.69
2482,Punjab,Ludhiana,Rice,2021,25.2,70.0,674.4,153.3,3.59
2483,Punjab,Ludhiana,Maize,2021,18.3,70.0,470.6,133.5,3.43
2484,Punjab,Ludhiana,Cotton,2021,20.6,70.0,858.6,49.6,2.23
2485,Punjab,Patiala,Wheat,2021,28.5,70.0,699.4,172.0,3.87
2486,Punjab,Patiala,Rice,2021,22.8,70.0,959.6,144.4,3.74
2487,Punjab,Patiala,Maize,2021,25.9,70.0,322.3,89.3,2.84
2488,Punjab,Patiala,Cotton,2021,29.6,70.0,538.9,128.9,2.72
2489,Uttar Pradesh,Kanpur,Wheat,2021,24.8,70.0,686.8,178.4,4.72
2490,Uttar Pradesh,Kanpur,Rice,2021,23.2,70.0,999.9,139.2,3.21
2491,Uttar Pradesh,Kanpur,Maize,2021,28.6,70.0,913.4,147.0,3.13
2492,Uttar Pradesh,Kanpur,Cotton,2021,39.0,70.0,52.6,12.2,0.14
2493,Uttar Pradesh,Varanasi,Wheat,2021,19.7,70.0,436.6,203.9,4.69
2494,Uttar Pradesh,Varanasi,Rice,2021,23.9,70.0,376.7,135.6,3.96
2495,Uttar Pradesh,Varanasi,Maize,2021,26.2,70.0,731.4,101.2,3.23
2496,Uttar Pradesh,Varanasi,Cotton,2021,27.8,70.0,524.5,99.7,2.5
2497,West Bengal,Hooghly,Wheat,2021,19.0,70.0,671.3,170.3,4.53
2498,West Bengal,Hooghly,Rice,2021,22.9,70.0,383.5,108.8,3.45
2499,West Bengal,Hooghly,Maize,2021,35.0,70.0,135.5,3.0,0.1
2500,West Bengal,Hooghly,Cotton,2021,20.6,70.0,575.3,158.4,2.28
2501,West Bengal,Bardhaman,Wheat,2021,22.8,70.0,599.7,139.2,3.55
2502,West Bengal,Bardhaman,Rice,2021,18.5,70.0,367.0,140.7,4.2
2503,West Bengal,Bardhaman,Maize,2021,19.4,70.0,486.8,125.3,3.54
2504,West Bengal,Bardhaman,Cotton,2021,39.4,70.0,68.1,4.1,0.16
2505,Maharashtra,Nashik,Wheat,2021,25.8,70.0,985.8,200.4,4.25
2506,Maharashtra,Nashik,Rice,2021,38.1,70.0,114.6,11.8,0.31
2507,Maharashtra,Nashik,Maize,2021,22.4,70.0,447.3,80.4,2.37
2508,Maharashtra,Nashik,Cotton,2021,27.9,70.0,398.7,60.7,1.65
2509,Maharashtra,Pune,Wheat,2021,26.6,70.0,775.8,143.9,4.39
2510,Maharashtra,Pune,Rice,2021,18.9,70.0,480.6,165.4,3.7
2511,Maharashtra,Pune,Maize,2021,29.3,70.0,646.8,111.2,2.93
2512,Maharashtra,Pune,Cotton,2021,27.3,70.0,805.3,128.4,2.42
2513,Tamil Nadu,Thanjavur,Wheat,2021,37.0,70.0,73.1,27.1,0.14
2514,Tamil Nadu,Thanjavur,Rice,2021,35.5,70.0,106.4,7.7,0.37
2515,Tamil Nadu,Thanjavur,Maize,2021,20.0,70.0,935.3,52.4,3.15
2516,Tamil Nadu,Thanjavur,Cotton,2021,40.3,70.0,68.0,9.4,0.13
2517,Andhra Pradesh,Kurnool,Wheat,2021,25.1,70.0,898.1,144.2,4.26
2518,Andhra Pradesh,Kurnool,Rice,2021,20.3,70.0,454.9,93.5,3.32
2519,Andhra Pradesh,Kurnool,Maize,2021,24.9,70.0,484.0,128.0,3.35
2520,Andhra Pradesh,Kurnool,Cotton,2021,18.5,70.0,557.7,134.4,2.59
2521,Punjab,Ludhiana,Wheat,2022,38.1,70.0,137.8,7.6,0.1
2522,Punjab,Ludhiana,Rice,2022,27.3,70.0,644.0,131.0,3.56
2523,Punjab,Ludhiana,Maize,2022,24.5,70.0,639.1,117.5,2.99
2524,Punjab,Ludhiana,Cotton,2022,38.8,70.0,86.1,20.0,0.1
2525,Punjab,Patiala,Wheat,2022,28.0,70.0,627.0,169.6,4.22
2526,Punjab,Patiala,Rice,2022,25.3,70.0,672.4,122.8,3.65
2527,Punjab,Patiala,Maize,2022,18.0,70.0,303.1,136.4,3.4
2528,Punjab,Patiala,Cotton,2022,18.5,70.0,566.0,98.6,2.07
2529,Uttar Pradesh,Kanpur,Wheat,2022,23.3,70.0,377.3,135.1,3.51
2530,Uttar Pradesh,Kanpur,Rice,2022,28.4,70.0,447.1,175.6,4.13
2531,Uttar Pradesh,Kanpur,Maize,2022,28.7,70.0,376.7,141.6,3.5
2532,Uttar Pradesh,Kanpur,Cotton,2022,25.5,70.0,667.9,97.4,2.12
2533,Uttar Pradesh,Varanasi,Wheat,2022,21.4,70.0,385.0,168.0,4.41
2534,Uttar Pradesh,Varanasi,Rice,2022,41.1,70.0,146.5,17.2,0.1
2535,Uttar Pradesh,Varanasi,Maize,2022,27.1,70.0,993.5,91.3,3.13
2536,Uttar Pradesh,Varanasi,Cotton,2022,22.7,70.0,783.1,143.9,2.53
2537,West Bengal,Hooghly,Wheat,2022,24.5,70.0,331.3,176.1,4.0
2538,West Bengal,Hooghly,Rice,2022,37.8,70.0,65.9,1.4,0.23
2539,West Bengal,Hooghly,Maize,2022,26.2,70.0,881.1,84.9,3.05
2540,West Bengal,Hooghly,Cotton,2022,27.0,70.0,609.0,88.8,1.98
2541,West Bengal,Bardhaman,Wheat,2022,26.4,70.0,849.7,138.0,3.66
2542,West Bengal,Bardhaman,Rice,2022,21.6,70.0,607.7,123.1,4.2
2543,West Bengal,Bardhaman,Maize,2022,28.0,70.0,594.9,160.2,3.45
2544,West Bengal,Bardhaman,Cotton,2022,30.0,70.0,959.7,113.2,2.34
2545,Maharashtra,Nashik,Wheat,2022,26.2,70.0,398.6,118.4,3.93
2546,Maharashtra,Nashik,Rice,2022,25.6,70.0,339.3,145.2,3.62
2547,Maharashtra,Nashik,Maize,2022,19.2,70.0,977.4,153.4,3.21
2548,Maharashtra,Nashik,Cotton,2022,21.9,70.0,551.7,107.5,2.18
2549,Maharashtra,Pune,Wheat,2022,29.2,70.0,376.2,186.2,4.44
2550,Maharashtra,Pune,Rice,2022,22.7,70.0,608.2,99.2,3.53
2551,Maharashtra,Pune,Maize,2022,40.2,70.0,149.6,1.5,0.25
2552,Maharashtra,Pune,Cotton,2022,36.3,70.0,109.9,27.7,0.31
2553,Tamil Nadu,Thanjavur,Wheat,2022,20.1,70.0,852.9,203.8,4.63
2554,Tamil Nadu,Thanjavur,Rice,2022,20.2,70.0,624.7,106.4,3.33
2555,Tamil Nadu,Thanjavur,Maize,2022,36.7,70.0,82.6,7.8,0.26
2556,Tamil Nadu,Thanjavur,Cotton,2022,25.1,70.0,744.1,131.4,2.47
2557,Andhra Pradesh,Kurnool,Wheat,2022,23.2,70.0,651.6,140.3,4.26
2558,Andhra Pradesh,Kurnool,Rice,2022,25.6,70.0,430.9,142.9,3.62
2559,Andhra Pradesh,Kurnool,Maize,2022,18.0,70.0,568.5,139.7,3.31
2560,Andhra Pradesh,Kurnool,Cotton,2022,27.1,70.0,356.0,119.0,2.64
2561,Punjab,Ludhiana,Wheat,2023,40.9,70.0,84.9,17.5,0.1
2562,Punjab,Ludhiana,Rice,2023,23.2,70.0,478.1,106.1,3.29
2563,Punjab,Ludhiana,Maize,2023,29.4,70.0,670.5,77.2,2.46
2564,Punjab,Ludhiana,Cotton,2023,21.0,70.0,312.3,124.6,2.52
2565,Punjab,Patiala,Wheat,2023,29.4,70.0,331.9,131.6,3.32
2566,Punjab,Patiala,Rice,2023,24.0,70.0,439.5,160.7,3.82
2567,Punjab,Patiala,Maize,2023,25.3,70.0,976.9,162.0,3.79
2568,Punjab,Patiala,Cotton,2023,21.2,70.0,778.3,157.2,2.2
2569,Uttar Pradesh,Kanpur,Wheat,2023,25.9,70.0,510.4,229.8,4.8
2570,Uttar Pradesh,Kanpur,Rice,2023,19.1,70.0,784.8,140.0,3.66
2571,Uttar Pradesh,Kanpur,Maize,2023,28.1,70.0,330.3,107.6,3.56
2572,Uttar Pradesh,Kanpur,Cotton,2023,22.1,70.0,466.3,81.7,2.01
2573,Uttar Pradesh,Varanasi,Wheat,2023,24.5,70.0,597.1,165.2,4.72
2574,Uttar Pradesh,Varanasi,Rice,2023,37.1,70.0,148.7,15.3,0.25
2575,Uttar Pradesh,Varanasi,Maize,2023,35.9,70.0,83.8,13.0,0.18
2576,Uttar Pradesh,Varanasi,Cotton,2023,25.1,70.0,558.3,104.3,2.36
2577,West Bengal,Hooghly,Wheat,2023,38.4,70.0,104.7,26.2,0.2
2578,West Bengal,Hooghly,Rice,2023,25.6,70.0,688.1,132.9,4.05
2579,West Bengal,Hooghly,Maize,2023,25.6,70.0,763.1,104.8,2.91
2580,West Bengal,Hooghly,Cotton,2023,24.2,70.0,756.0,142.4,2.66
2581,West Bengal,Bardhaman,Wheat,2023,27.8,70.0,673.6,179.3,3.63
2582,West Bengal,Bardhaman,Rice,2023,26.9,70.0,927.1,138.9,4.23
2583,West Bengal,Bardhaman,Maize,2023,38.8,70.0,119.9,15.1,0.37
2584,West Bengal,Bardhaman,Cotton,2023,25.8,70.0,863.7,97.0,2.46
2585,Maharashtra,Nashik,Wheat,2023,39.8,70.0,122.3,12.1,0.18
2586,Maharashtra,Nashik,Rice,2023,18.6,70.0,462.5,138.4,3.31
2587,Maharashtra,Nashik,Maize,2023,23.1,70.0,870.3,97.8,2.81
2588,Maharashtra,Nashik,Cotton,2023,25.3,70.0,401.9,134.6,2.58
2589,Maharashtra,Pune,Wheat,2023,25.8,70.0,875.9,152.5,4.22
2590,Maharashtra,Pune,Rice,2023,21.9,70.0,398.4,146.3,3.9
2591,Maharashtra,Pune,Maize,2023,35.0,70.0,106.5,15.3,0.2
2592,Maharashtra,Pune,Cotton,2023,26.6,70.0,930.6,93.9,2.5
2593,Tamil Nadu,Thanjavur,Wheat,2023,22.7,70.0,320.2,138.9,3.83
2594,Tamil Nadu,Thanjavur,Rice,2023,38.4,70.0,104.5,17.3,0.29
2595,Tamil Nadu,Thanjavur,Maize,2023,26.0,70.0,637.1,156.2,3.76
2596,Tamil Nadu,Thanjavur,Cotton,2023,41.4,70.0,57.6,22.2,0.13
2597,Andhra Pradesh,Kurnool,Wheat,2023,29.1,70.0,969.0,166.6,4.38
2598,Andhra Pradesh,Kurnool,Rice,2023,26.8,70.0,833.8,86.6,3.28
2599,Andhra Pradesh,Kurnool,Maize,2023,40.8,70.0,104.5,15.0,0.4
2600,Andhra Pradesh,Kurnool,Cotton,2023,25.3,70.0,865.7,121.7,2.59
2601,Punjab,Ludhiana,Wheat,2019,18.7,70.0,654.1,205.3,4.18
2602,Punjab,Ludhiana,Rice,2019,24.8,70.0,831.8,106.7,3.33
2603,Punjab,Ludhiana,Maize,2019,23.0,70.0,935.8,156.0,3.28
2604,Punjab,Ludhiana,Cotton,2019,25.4,70.0,554.0,110.6,1.97
2605,Punjab,Patiala,Wheat,2019,27.9,70.0,790.0,175.4,4.07
2606,Punjab,Patiala,Rice,2019,22.5,70.0,934.1,168.6,3.76
2607,Punjab,Patiala,Maize,2019,24.1,70.0,384.5,94.1,2.93
2608,Punjab,Patiala,Cotton,2019,39.0,70.0,52.9,17.7,0.15
2609,Uttar Pradesh,Kanpur,Wheat,2019,40.8,70.0,135.0,27.2,0.34
2610,Uttar Pradesh,Kanpur,Rice,2019,18.2,70.0,927.9,159.8,3.96
2611,Uttar Pradesh,Kanpur,Maize,2019,22.5,70.0,602.0,105.3,3.25
2612,Uttar Pradesh,Kanpur,Cotton,2019,28.2,70.0,311.2,117.4,2.52
2613,Uttar Pradesh,Varanasi,Wheat,2019,26.9,70.0,868.7,154.0,3.8
2614,Uttar Pradesh,Varanasi,Rice,2019,24.3,70.0,727.9,89.2,3.28
2615,Uttar Pradesh,Varanasi,Maize,2019,41.0,70.0,143.5,10.9,0.16
2616,Uttar Pradesh,Varanasi,Cotton,2019,28.8,70.0,343.6,117.2,2.36
2617,West Bengal,Hooghly,Wheat,2019,27.9,70.0,970.4,161.6,3.85
2618,West Bengal,Hooghly,Rice,2019,25.5,70.0,856.8,142.8,4.06
2619,West Bengal,Hooghly,Maize,2019,40.1,70.0,101.5,26.3,0.1
2620,West Bengal,Hooghly,Cotton,2019,35.6,70.0,143.9,26.1,0.11
2621,West Bengal,Bardhaman,Wheat,2019,41.2,70.0,70.2,4.9,0.3
2622,West Bengal,Bardhaman,Rice,2019,20.8,70.0,673.8,178.9,4.52
2623,West Bengal,Bardhaman,Maize,2019,19.2,70.0,932.5,62.8,3.12
2624,West Bengal,Bardhaman,Cotton,2019,19.1,70.0,683.8,108.0,1.98
2625,Maharashtra,Nashik,Wheat,2019,28.7,70.0,775.0,163.0,3.98
2626,Maharashtra,Nashik,Rice,2019,29.6,70.0,504.0,76.5,2.87
2627,Maharashtra,Nashik,Maize,2019,27.5,70.0,315.3,117.9,2.62
2628,Maharashtra,Nashik,Cotton,2019,28.2,70.0,537.2,78.9,2.31
2629,Maharashtra,Pune,Wheat,2019,24.8,70.0,701.3,187.1,4.2
2630,Maharashtra,Pune,Rice,2019,29.2,70.0,628.6,104.1,3.2
2631,Maharashtra,Pune,Maize,2019,25.4,70.0,688.1,132.3,3.52
2632,Maharashtra,Pune,Cotton,2019,25.7,70.0,620.4,89.4,2.23
2633,Tamil Nadu,Thanjavur,Wheat,2019,41.7,70.0,102.9,7.7,0.36
2634,Tamil Nadu,Thanjavur,Rice,2019,22.0,70.0,461.9,134.7,3.81
2635,Tamil Nadu,Thanjavur,Maize,2019,27.9,70.0,811.4,146.3,3.69
2636,Tamil Nadu,Thanjavur,Cotton,2019,24.5,70.0,503.5,137.8,2.53
2637,Andhra Pradesh,Kurnool,Wheat,2019,21.9,70.0,403.2,147.7,4.04
2638,Andhra Pradesh,Kurnool,Rice,2019,27.6,70.0,789.2,145.0,3.63
2639,Andhra Pradesh,Kurnool,Maize,2019,20.8,70.0,813.1,170.2,3.75
2640,Andhra Pradesh,Kurnool,Cotton,2019,28.0,70.0,533.8,111.6,2.5
2641,Punjab,Ludhiana,Wheat,2020,29.7,70.0,928.8,204.3,4.72
2642,Punjab,Ludhiana,Rice,2020,29.7,70.0,882.7,138.6,3.75
2643,Punjab,Ludhiana,Maize,2020,23.5,70.0,546.7,145.5,3.15
2644,Punjab,Ludhiana,Cotton,2020,37.7,70.0,91.9,21.7,0.4
2645,Punjab,Patiala,Wheat,2020,36.0,70.0,125.1,25.0,0.99
2646,Punjab,Patiala,Rice,2020,18.4,70.0,548.3,151.0,3.48
2647,Punjab,Patiala,Maize,2020,25.3,70.0,708.0,134.2,3.65
2648,Punjab,Patiala,Cotton,2020,18.9,70.0,967.4,110.2,2.19
2649,Uttar Pradesh,Kanpur,Wheat,2020,22.0,70.0,598.6,175.9,4.8
2650,Uttar Pradesh,Kanpur,Rice,2020,37.7,70.0,125.2,11.7,0.41
2651,Uttar Pradesh,Kanpur,Maize,2020,24.3,70.0,899.4,98.7,2.29
2652,Uttar Pradesh,Kanpur,Cotton,2020,22.3,70.0,565.8,84.6,2.26
2653,Uttar Pradesh,Varanasi,Wheat,2020,23.4,70.0,683.0,174.5,4.59
2654,Uttar Pradesh,Varanasi,Rice,2020,27.0,70.0,721.1,148.3,3.92
2655,Uttar Pradesh,Varanasi,Maize,2020,24.1,70.0,654.1,127.7,3.42
2656,Uttar Pradesh,Varanasi,Cotton,2020,27.7,70.0,652.9,154.9,2.6
2657,West Bengal,Hooghly,Wheat,2020,20.4,70.0,933.6,162.3,4.49
2658,West Bengal,Hooghly,Rice,2020,26.4,70.0,607.8,195.5,4.11
2659,West Bengal,Hooghly,Maize,2020,21.4,70.0,575.2,116.6,3.53
2660,West Bengal,Hooghly,Cotton,2020,21.9,70.0,442.7,113.1,2.44
2661,West Bengal,Bardhaman,Wheat,2020,36.7,70.0,146.6,14.4,0.33
2662,West Bengal,Bardhaman,Rice,2020,27.4,70.0,633.2,158.1,3.87
2663,West Bengal,Bardhaman,Maize,2020,25.7,70.0,565.7,105.8,3.35
2664,West Bengal,Bardhaman,Cotton,2020,38.3,70.0,61.0,14.7,0.24
2665,Maharashtra,Nashik,Wheat,2020,29.1,70.0,739.8,154.9,3.53
2666,Maharashtra,Nashik,Rice,2020,25.3,70.0,584.3,133.6,3.28
2667,Maharashtra,Nashik,Maize,2020,19.7,70.0,375.1,122.4,3.38
2668,Maharashtra,Nashik,Cotton,2020,22.7,70.0,962.6,86.1,1.66
2669,Maharashtra,Pune,Wheat,2020,39.3,70.0,96.5,2.0,0.15
2670,Maharashtra,Pune,Rice,2020,22.1,70.0,571.9,117.3,3.71
2671,Maharashtra,Pune,Maize,2020,19.8,70.0,790.0,115.0,3.06
2672,Maharashtra,Pune,Cotton,2020,23.8,70.0,723.3,165.9,2.65
2673,Tamil Nadu,Thanjavur,Wheat,2020,36.0,70.0,135.3,5.2,0.26
2674,Tamil Nadu,Thanjavur,Rice,2020,23.7,70.0,952.8,138.9,3.99
2675,Tamil Nadu,Thanjavur,Maize,2020,28.6,70.0,932.8,128.5,3.18
2676,Tamil Nadu,Thanjavur,Cotton,2020,27.3,70.0,663.1,97.6,2.42
2677,Andhra Pradesh,Kurnool,Wheat,2020,22.9,70.0,682.3,185.2,4.56
2678,Andhra Pradesh,Kurnool,Rice,2020,39.8,70.0,65.4,10.7,0.26
2679,Andhra Pradesh,Kurnool,Maize,2020,28.8,70.0,763.0,144.5,3.36
2680,Andhra Pradesh,Kurnool,Cotton,2020,18.3,70.0,851.3,110.4,2.61
2681,Punjab,Ludhiana,Wheat,2021,24.7,70.0,756.6,192.2,4.8
2682,Punjab,Ludhiana,Rice,2021,20.2,70.0,795.5,99.4,3.22
2683,Punjab,Ludhiana,Maize,2021,23.7,70.0,352.4,140.6,3.12
2684,Punjab,Ludhiana,Cotton,2021,38.9,70.0,92.3,11.1,0.1
2685,Punjab,Patiala,Wheat,2021,25.6,70.0,688.9,211.1,4.28
2686,Punjab,Patiala,Rice,2021,20.1,70.0,311.4,121.8,3.77
2687,Punjab,Patiala,Maize,2021,21.6,70.0,996.4,102.9,2.84
2688,Punjab,Patiala,Cotton,2021,29.9,70.0,981.3,93.3,2.67
2689,Uttar Pradesh,Kanpur,Wheat,2021,26.5,70.0,797.9,154.2,4.08
2690,Uttar Pradesh,Kanpur,Rice,2021,38.5,70.0,78.1,18.8,0.3
2691,Uttar Pradesh,Kanpur,Maize,2021,37.0,70.0,127.4,21.1,0.39
2692,Uttar Pradesh,Kanpur,Cotton,2021,28.5,70.0,749.2,115.5,2.47
2693,Uttar Pradesh,Varanasi,Wheat,2021,21.5,70.0,675.4,164.3,4.05
2694,Uttar Pradesh,Varanasi,Rice,2021,28.1,70.0,430.7,99.9,3.61
2695,Uttar Pradesh,Varanasi,Maize,2021,25.9,70.0,635.7,96.2,2.95
2696,Uttar Pradesh,Varanasi,Cotton,2021,28.1,70.0,768.0,111.1,2.21
2697,West Bengal,Hooghly,Wheat,2021,19.4,70.0,590.9,162.1,4.02
2698,West Bengal,Hooghly,Rice,2021,21.7,70.0,419.5,181.5,4.26
2699,West Bengal,Hooghly,Maize,2021,36.3,70.0,78.6,24.9,1.32
2700,West Bengal,Hooghly,Cotton,2021,39.4,70.0,61.2,8.5,0.1
2701,West Bengal,Bardhaman,Wheat,2021,23.4,70.0,317.5,182.5,3.64
2702,West Bengal,Bardhaman,Rice,2021,26.5,70.0,445.8,153.8,3.84
2703,West Bengal,Bardhaman,Maize,2021,28.2,70.0,739.1,128.6,3.26
2704,West Bengal,Bardhaman,Cotton,2021,20.1,70.0,452.4,110.0,2.2
2705,Maharashtra,Nashik,Wheat,2021,28.3,70.0,800.7,168.8,3.49
2706,Maharashtra,Nashik,Rice,2021,37.5,70.0,85.4,14.1,0.32
2707,Maharashtra,Nashik,Maize,2021,24.6,70.0,584.7,135.6,3.08
2708,Maharashtra,Nashik,Cotton,2021,29.4,70.0,970.2,101.2,2.18
2709,Maharashtra,Pune,Wheat,2021,27.7,70.0,503.9,138.2,4.06
2710,Maharashtra,Pune,Rice,2021,22.3,70.0,838.2,120.1,3.17
2711,Maharashtra,Pune,Maize,2021,22.6,70.0,339.9,133.4,3.47
2712,Maharashtra,Pune,Cotton,2021,25.3,70.0,313.0,123.3,2.3
2713,Tamil Nadu,Thanjavur,Wheat,2021,27.4,70.0,557.4,158.1,4.16
2714,Tamil Nadu,Thanjavur,Rice,2021,29.6,70.0,626.3,171.0,4.03
2715,Tamil Nadu,Thanjavur,Maize,2021,24.9,70.0,584.9,135.6,3.67
2716,Tamil Nadu,Thanjavur,Cotton,2021,21.9,70.0,828.7,91.2,2.27
2717,Andhra Pradesh,Kurnool,Wheat,2021,19.8,70.0,600.9,192.0,4.67
2718,Andhra Pradesh,Kurnool,Rice,2021,40.6,70.0,93.9,5.5,0.22
2719,Andhra Pradesh,Kurnool,Maize,2021,26.5,70.0,896.0,83.1,3.44
2720,Andhra Pradesh,Kurnool,Cotton,2021,40.3,70.0,112.2,21.8,0.22
2721,Punjab,Ludhiana,Wheat,2022,21.3,70.0,913.4,176.9,4.42
2722,Punjab,Ludhiana,Rice,2022,24.3,70.0,913.3,149.0,3.57
2723,Punjab,Ludhiana,Maize,2022,38.2,70.0,138.7,20.7,0.35
2724,Punjab,Ludhiana,Cotton,2022,29.4,70.0,866.7,110.9,2.8
2725,Punjab,Patiala,Wheat,2022,28.1,70.0,342.8,193.4,4.58
2726,Punjab,Patiala,Rice,2022,23.1,70.0,922.4,148.5,3.51
2727,Punjab,Patiala,Maize,2022,28.0,70.0,930.8,121.3,2.9
2728,Punjab,Patiala,Cotton,2022,28.9,70.0,777.2,85.5,2.05
2729,Uttar Pradesh,Kanpur,Wheat,2022,24.6,70.0,547.0,100.5,3.64
2730,Uttar Pradesh,Kanpur,Rice,2022,19.9,70.0,592.4,130.6,3.89
2731,Uttar Pradesh,Kanpur,Maize,2022,28.5,70.0,870.9,93.2,3.08
2732,Uttar Pradesh,Kanpur,Cotton,2022,23.2,70.0,646.6,159.8,2.5
2733,Uttar Pradesh,Varanasi,Wheat,2022,22.1,70.0,927.1,117.7,4.09
2734,Uttar Pradesh,Varanasi,Rice,2022,25.9,70.0,740.7,115.0,3.9
2735,Uttar Pradesh,Varanasi,Maize,2022,21.8,70.0,309.2,150.8,3.37
2736,Uttar Pradesh,Varanasi,Cotton,2022,24.8,70.0,988.5,132.2,2.99
2737,West Bengal,Hooghly,Wheat,2022,28.5,70.0,531.0,201.1,4.21
2738,West Bengal,Hooghly,Rice,2022,36.1,70.0,125.6,2.0,0.1
2739,West Bengal,Hooghly,Maize,2022,27.1,70.0,838.1,159.5,3.22
2740,West Bengal,Hooghly,Cotton,2022,21.4,70.0,850.3,181.6,2.55
2741,West Bengal,Bardhaman,Wheat,2022,26.1,70.0,557.6,167.4,4.32
2742,West Bengal,Bardhaman,Rice,2022,20.3,70.0,459.7,167.7,4.3
2743,West Bengal,Bardhaman,Maize,2022,21.8,70.0,403.4,127.7,3.1
2744,West Bengal,Bardhaman,Cotton,2022,36.5,70.0,62.0,16.8,0.18
2745,Maharashtra,Nashik,Wheat,2022,22.9,70.0,514.0,182.7,4.25
2746,Maharashtra,Nashik,Rice,2022,23.0,70.0,408.8,173.3,3.52
2747,Maharashtra,Nashik,Maize,2022,29.4,70.0,803.6,137.6,3.21
2748,Maharashtra,Nashik,Cotton,2022,23.4,70.0,945.3,100.3,2.18
2749,Maharashtra,Pune,Wheat,2022,20.0,70.0,431.3,201.4,4.54
2750,Maharashtra,Pune,Rice,2022,28.3,70.0,554.4,140.5,3.86
2751,Maharashtra,Pune,Maize,2022,25.2,70.0,515.0,94.5,3.03
2752,Maharashtra,Pune,Cotton,2022,29.5,70.0,571.9,97.8,2.1
2753,Tamil Nadu,Thanjavur,Wheat,2022,24.1,70.0,837.3,167.1,4.32
2754,Tamil Nadu,Thanjavur,Rice,2022,24.0,70.0,401.2,163.2,4.24
2755,Tamil Nadu,Thanjavur,Maize,2022,25.8,70.0,887.9,86.2,3.02
2756,Tamil Nadu,Thanjavur,Cotton,2022,20.6,70.0,340.9,141.2,2.77
2757,Andhra Pradesh,Kurnool,Wheat,2022,20.7,70.0,969.7,115.6,3.91
2758,Andhra Pradesh,Kurnool,Rice,2022,25.1,70.0,990.3,140.9,3.7
2759,Andhra Pradesh,Kurnool,Maize,2022,41.8,70.0,99.0,18.5,0.29
2760,Andhra Pradesh,Kurnool,Cotton,2022,20.6,70.0,780.6,90.3,2.61
2761,Punjab,Ludhiana,Wheat,2023,27.3,70.0,616.9,102.8,3.45
2762,Punjab,Ludhiana,Rice,2023,20.3,70.0,609.4,128.3,3.51
2763,Punjab,Ludhiana,Maize,2023,25.9,70.0,457.8,117.8,3.21
2764,Punjab,Ludhiana,Cotton,2023,35.8,70.0,106.8,24.3,0.1
2765,Punjab,Patiala,Wheat,2023,24.8,70.0,703.3,169.5,3.8
2766,Punjab,Patiala,Rice,2023,21.7,70.0,429.4,148.4,4.21
2767,Punjab,Patiala,Maize,2023,29.9,70.0,922.5,144.2,3.76
2768,Punjab,Patiala,Cotton,2023,39.4,70.0,90.5,22.0,0.11
2769,Uttar Pradesh,Kanpur,Wheat,2023,28.9,70.0,930.5,230.1,4.35
2770,Uttar Pradesh,Kanpur,Rice,2023,23.5,70.0,532.2,147.7,3.72
2771,Uttar Pradesh,Kanpur,Maize,2023,20.7,70.0,331.0,123.8,2.77
2772,Uttar Pradesh,Kanpur,Cotton,2023,27.4,70.0,811.8,99.6,2.21
2773,Uttar Pradesh,Varanasi,Wheat,2023,18.6,70.0,898.8,167.5,3.92
2774,Uttar Pradesh,Varanasi,Rice,2023,19.7,70.0,561.6,200.3,4.47
2775,Uttar Pradesh,Varanasi,Maize,2023,26.7,70.0,395.8,119.3,3.8
2776,Uttar Pradesh,Varanasi,Cotton,2023,19.4,70.0,790.3,67.9,2.1
2777,West Bengal,Hooghly,Wheat,2023,20.8,70.0,410.3,197.1,4.79
2778,West Bengal,Hooghly,Rice,2023,21.9,70.0,749.9,122.7,3.51
2779,West Bengal,Hooghly,Maize,2023,25.3,70.0,842.0,154.8,3.58
2780,West Bengal,Hooghly,Cotton,2023,29.5,70.0,640.6,145.5,2.1
2781,West Bengal,Bardhaman,Wheat,2023,24.6,70.0,506.3,186.5,4.38
2782,West Bengal,Bardhaman,Rice,2023,28.0,70.0,567.0,208.8,4.02
2783,West Bengal,Bardhaman,Maize,2023,27.3,70.0,969.6,110.7,3.09
2784,West Bengal,Bardhaman,Cotton,2023,19.5,70.0,669.9,150.1,2.8
2785,Maharashtra,Nashik,Wheat,2023,29.4,70.0,976.2,170.2,4.57
2786,Maharashtra,Nashik,Rice,2023,23.6,70.0,399.2,149.3,3.98
2787,Maharashtra,Nashik,Maize,2023,22.0,70.0,903.3,68.6,3.16
2788,Maharashtra,Nashik,Cotton,2023,22.1,70.0,569.9,90.8,2.37
2789,Maharashtra,Pune,Wheat,2023,29.1,70.0,475.9,166.0,4.21
2790,Maharashtra,Pune,Rice,2023,23.4,70.0,922.3,123.2,3.5
2791,Maharashtra,Pune,Maize,2023,24.6,70.0,335.4,90.3,2.73
2792,Maharashtra,Pune,Cotton,2023,18.2,70.0,761.8,73.5,2.09
2793,Tamil Nadu,Thanjavur,Wheat,2023,28.1,70.0,790.5,156.0,4.12
2794,Tamil Nadu,Thanjavur,Rice,2023,27.7,70.0,845.6,144.6,3.88
2795,Tamil Nadu,Thanjavur,Maize,2023,29.2,70.0,400.9,161.7,3.6
2796,Tamil Nadu,Thanjavur,Cotton,2023,28.5,70.0,923.1,132.5,2.7
2797,Andhra Pradesh,Kurnool,Wheat,2023,21.1,70.0,990.1,152.2,3.81
2798,Andhra Pradesh,Kurnool,Rice,2023,20.7,70.0,388.2,135.7,3.64
2799,Andhra Pradesh,Kurnool,Maize,2023,25.7,70.0,914.4,103.0,3.2
2800,Andhra Pradesh,Kurnool,Cotton,2023,29.3,70.0,474.8,129.9,2.94
2801,Punjab,Ludhiana,Wheat,2019,27.4,70.0,569.4,171.3,4.72
2802,Punjab,Ludhiana,Rice,2019,20.8,70.0,430.6,88.7,3.06
2803,Punjab,Ludhiana,Maize,2019,22.9,70.0,303.5,111.5,3.13
2804,Punjab,Ludhiana,Cotton,2019,21.7,70.0,365.2,126.7,2.56
2805,Punjab,Patiala,Wheat,2019,23.7,70.0,379.6,138.9,3.25
2806,Punjab,Patiala,Rice,2019,24.2,70.0,846.0,88.1,2.82
2807,Punjab,Patiala,Maize,2019,29.9,70.0,646.5,80.5,2.81
2808,Punjab,Patiala,Cotton,2019,22.9,70.0,731.8,119.5,2.42
2809,Uttar Pradesh,Kanpur,Wheat,2019,23.4,70.0,323.7,193.7,4.4
2810,Uttar Pradesh,Kanpur,Rice,2019,29.7,70.0,650.4,168.8,3.71
2811,Uttar Pradesh,Kanpur,Maize,2019,19.7,70.0,745.6,143.6,3.43
2812,Uttar Pradesh,Kanpur,Cotton,2019,26.2,70.0,473.4,68.5,2.3
2813,Uttar Pradesh,Varanasi,Wheat,2019,22.5,70.0,386.2,209.0,5.23
2814,Uttar Pradesh,Varanasi,Rice,2019,28.8,70.0,310.6,151.3,3.98
2815,Uttar Pradesh,Varanasi,Maize,2019,35.5,70.0,70.5,11.6,0.21
2816,Uttar Pradesh,Varanasi,Cotton,2019,40.3,70.0,64.3,4.1,0.1
2817,West Bengal,Hooghly,Wheat,2019,35.7,70.0,62.1,12.6,0.23
2818,West Bengal,Hooghly,Rice,2019,18.0,70.0,390.7,161.3,4.08
2819,West Bengal,Hooghly,Maize,2019,29.1,70.0,696.1,160.9,3.09
2820,West Bengal,Hooghly,Cotton,2019,36.4,70.0,63.7,15.2,0.1
2821,West Bengal,Bardhaman,Wheat,2019,29.0,70.0,382.4,138.8,3.84
2822,West Bengal,Bardhaman,Rice,2019,20.0,70.0,382.7,122.4,3.61
2823,West Bengal,Bardhaman,Maize,2019,27.9,70.0,450.8,123.8,3.23
2824,West Bengal,Bardhaman,Cotton,2019,36.6,70.0,63.8,24.0,0.23
2825,Maharashtra,Nashik,Wheat,2019,25.2,70.0,412.8,182.6,3.95
2826,Maharashtra,Nashik,Rice,2019,22.6,70.0,650.5,101.3,3.01
2827,Maharashtra,Nashik,Maize,2019,19.8,70.0,889.9,84.0,2.07
2828,Maharashtra,Nashik,Cotton,2019,41.9,70.0,94.5,27.9,0.1
2829,Maharashtra,Pune,Wheat,2019,18.6,70.0,493.0,140.4,3.91
2830,Maharashtra,Pune,Rice,2019,40.0,70.0,102.3,27.7,0.37
2831,Maharashtra,Pune,Maize,2019,36.6,70.0,62.9,5.9,0.13
2832,Maharashtra,Pune,Cotton,2019,26.8,70.0,854.5,152.0,2.59
2833,Tamil Nadu,Thanjavur,Wheat,2019,24.5,70.0,800.4,170.5,4.01
2834,Tamil Nadu,Thanjavur,Rice,2019,26.6,70.0,773.9,164.5,4.33
2835,Tamil Nadu,Thanjavur,Maize,2019,22.0,70.0,315.6,125.6,3.26
2836,Tamil Nadu,Thanjavur,Cotton,2019,24.1,70.0,474.7,121.7,2.52
2837,Andhra Pradesh,Kurnool,Wheat,2019,26.8,70.0,422.5,162.2,3.38
2838,Andhra Pradesh,Kurnool,Rice,2019,29.0,70.0,397.3,114.0,3.61
2839,Andhra Pradesh,Kurnool,Maize,2019,41.7,70.0,56.4,25.7,1.41
2840,Andhra Pradesh,Kurnool,Cotton,2019,18.5,70.0,900.3,106.7,2.21
2841,Punjab,Ludhiana,Wheat,2020,18.5,70.0,994.0,153.5,4.29
2842,Punjab,Ludhiana,Rice,2020,29.6,70.0,591.5,98.8,2.94
2843,Punjab,Ludhiana,Maize,2020,26.9,70.0,812.5,162.7,3.65
2844,Punjab,Ludhiana,Cotton,2020,26.7,70.0,833.7,138.2,2.65
2845,Punjab,Patiala,Wheat,2020,20.6,70.0,681.7,195.8,3.86
2846,Punjab,Patiala,Rice,2020,29.3,70.0,457.0,140.1,3.74
2847,Punjab,Patiala,Maize,2020,41.3,70.0,109.1,25.8,0.35
2848,Punjab,Patiala,Cotton,2020,20.3,70.0,850.5,132.8,2.34
2849,Uttar Pradesh,Kanpur,Wheat,2020,28.8,70.0,815.9,182.4,4.23
2850,Uttar Pradesh,Kanpur,Rice,2020,35.4,70.0,145.8,11.4,0.27
2851,Uttar Pradesh,Kanpur,Maize,2020,27.3,70.0,674.4,133.6,3.11
2852,Uttar Pradesh,Kanpur,Cotton,2020,28.6,70.0,908.0,124.6,2.59
2853,Uttar Pradesh,Varanasi,Wheat,2020,30.0,70.0,727.2,109.9,4.12
2854,Uttar Pradesh,Varanasi,Rice,2020,26.6,70.0,699.4,158.6,4.22
2855,Uttar Pradesh,Varanasi,Maize,2020,24.1,70.0,337.4,116.3,2.95
2856,Uttar Pradesh,Varanasi,Cotton,2020,24.5,70.0,947.3,79.4,2.04
2857,West Bengal,Hooghly,Wheat,2020,29.3,70.0,768.9,127.4,3.96
2858,West Bengal,Hooghly,Rice,2020,40.0,70.0,52.7,13.3,0.27
2859,West Bengal,Hooghly,Maize,2020,24.3,70.0,949.7,115.5,3.29
2860,West Bengal,Hooghly,Cotton,2020,18.9,70.0,469.3,56.8,2.21
2861,West Bengal,Bardhaman,Wheat,2020,22.8,70.0,919.5,170.7,4.09
2862,West Bengal,Bardhaman,Rice,2020,35.3,70.0,65.2,2.2,0.1
2863,West Bengal,Bardhaman,Maize,2020,29.2,70.0,467.8,121.1,3.21
2864,West Bengal,Bardhaman,Cotton,2020,23.2,70.0,415.9,134.4,1.95
2865,Maharashtra,Nashik,Wheat,2020,28.1,70.0,777.7,151.2,3.56
2866,Maharashtra,Nashik,Rice,2020,40.2,70.0,86.2,12.4,0.35
2867,Maharashtra,Nashik,Maize,2020,28.5,70.0,540.8,160.7,3.6
2868,Maharashtra,Nashik,Cotton,2020,30.0,70.0,435.1,94.3,2.34
2869,Maharashtra,Pune,Wheat,2020,23.3,70.0,915.9,145.7,4.16
2870,Maharashtra,Pune,Rice,2020,19.8,70.0,383.1,135.0,3.87
2871,Maharashtra,Pune,Maize,2020,29.7,70.0,637.3,99.8,2.93
2872,Maharashtra,Pune,Cotton,2020,26.6,70.0,458.1,127.6,2.61
2873,Tamil Nadu,Thanjavur,Wheat,2020,19.9,70.0,826.4,174.2,4.28
2874,Tamil Nadu,Thanjavur,Rice,2020,24.6,70.0,341.0,122.5,3.66
2875,Tamil Nadu,Thanjavur,Maize,2020,20.1,70.0,822.1,119.9,3.55
2876,Tamil Nadu,Thanjavur,Cotton,2020,20.2,70.0,866.6,134.9,2.49
2877,Andhra Pradesh,Kurnool,Wheat,2020,24.1,70.0,937.8,161.2,4.79
2878,Andhra Pradesh,Kurnool,Rice,2020,24.4,70.0,924.8,91.8,3.43
2879,Andhra Pradesh,Kurnool,Maize,2020,20.9,70.0,783.8,80.9,3.42
2880,Andhra Pradesh,Kurnool,Cotton,2020,23.7,70.0,740.4,97.5,2.53
2881,Punjab,Ludhiana,Wheat,2021,23.1,70.0,442.0,193.7,4.45
2882,Punjab,Ludhiana,Rice,2021,38.5,70.0,59.6,27.7,0.51
2883,Punjab,Ludhiana,Maize,2021,25.8,70.0,442.6,165.8,3.24
2884,Punjab,Ludhiana,Cotton,2021,23.1,70.0,984.5,128.8,2.05
2885,Punjab,Patiala,Wheat,2021,22.8,70.0,302.4,148.8,3.42
2886,Punjab,Patiala,Rice,2021,38.5,70.0,77.8,16.2,0.1
2887,Punjab,Patiala,Maize,2021,23.2,70.0,648.2,115.3,3.59
2888,Punjab,Patiala,Cotton,2021,24.4,70.0,561.6,43.9,2.32
2889,Uttar Pradesh,Kanpur,Wheat,2021,19.9,70.0,974.5,171.5,4.55
2890,Uttar Pradesh,Kanpur,Rice,2021,26.6,70.0,520.6,120.5,2.97
2891,Uttar Pradesh,Kanpur,Maize,2021,29.1,70.0,915.9,109.2,2.94
2892,Uttar Pradesh,Kanpur,Cotton,2021,21.3,70.0,734.8,134.7,2.36
2893,Uttar Pradesh,Varanasi,Wheat,2021,24.1,70.0,381.0,167.6,4.16
2894,Uttar Pradesh,Varanasi,Rice,2021,29.4,70.0,539.8,138.9,3.97
2895,Uttar Pradesh,Varanasi,Maize,2021,23.9,70.0,725.9,112.8,3.18
2896,Uttar Pradesh,Varanasi,Cotton,2021,24.0,70.0,863.9,140.0,2.61
2897,West Bengal,Hooghly,Wheat,2021,26.1,70.0,952.4,163.5,4.19
2898,West Bengal,Hooghly,Rice,2021,29.9,70.0,922.0,149.6,4.0
2899,West Bengal,Hooghly,Maize,2021,24.4,70.0,345.2,118.6,3.41
2900,West Bengal,Hooghly,Cotton,2021,42.0,70.0,70.9,28.0,0.81
2901,West Bengal,Bardhaman,Wheat,2021,22.3,70.0,357.7,183.7,4.5
2902,West Bengal,Bardhaman,Rice,2021,27.2,70.0,962.5,109.2,3.45
2903,West Bengal,Bardhaman,Maize,2021,19.9,70.0,895.6,126.5,3.41
2904,West Bengal,Bardhaman,Cotton,2021,41.4,70.0,112.9,8.1,0.1
2905,Maharashtra,Nashik,Wheat,2021,41.1,70.0,120.7,9.6,0.1
2906,Maharashtra,Nashik,Rice,2021,28.8,70.0,910.0,103.9,2.93
2907,Maharashtra,Nashik,Maize,2021,28.9,70.0,483.5,135.0,3.02
2908,Maharashtra,Nashik,Cotton,2021,27.7,70.0,801.1,113.1,2.62
2909,Maharashtra,Pune,Wheat,2021,23.8,70.0,414.1,148.4,4.18
2910,Maharashtra,Pune,Rice,2021,24.0,70.0,590.0,158.5,3.81
2911,Maharashtra,Pune,Maize,2021,21.9,70.0,787.0,137.7,3.18
2912,Maharashtra,Pune,Cotton,2021,23.6,70.0,923.0,132.0,2.55
2913,Tamil Nadu,Thanjavur,Wheat,2021,24.9,70.0,964.2,123.6,4.03
2914,Tamil Nadu,Thanjavur,Rice,2021,20.2,70.0,811.0,112.9,3.72
2915,Tamil Nadu,Thanjavur,Maize,2021,19.6,70.0,323.0,126.2,3.45
2916,Tamil Nadu,Thanjavur,Cotton,2021,26.1,70.0,528.5,105.5,2.24
2917,Andhra Pradesh,Kurnool,Wheat,2021,18.9,70.0,570.0,148.8,4.18
2918,Andhra Pradesh,Kurnool,Rice,2021,28.3,70.0,343.4,97.8,3.77
2919,Andhra Pradesh,Kurnool,Maize,2021,20.8,70.0,976.1,134.5,3.06
2920,Andhra Pradesh,Kurnool,Cotton,2021,41.4,70.0,127.3,22.4,0.54
2921,Punjab,Ludhiana,Wheat,2022,26.3,70.0,628.6,164.7,4.15
2922,Punjab,Ludhiana,Rice,2022,20.9,70.0,655.0,167.2,3.67
2923,Punjab,Ludhiana,Maize,2022,39.4,70.0,91.0,21.8,1.1
2924,Punjab,Ludhiana,Cotton,2022,27.9,70.0,917.6,121.8,2.32
2925,Punjab,Patiala,Wheat,2022,22.0,70.0,711.6,189.9,4.39
2926,Punjab,Patiala,Rice,2022,20.2,70.0,724.6,130.3,3.51
2927,Punjab,Patiala,Maize,2022,21.0,70.0,352.4,108.7,2.71
2928,Punjab,Patiala,Cotton,2022,25.2,70.0,756.4,134.6,2.27
2929,Uttar Pradesh,Kanpur,Wheat,2022,21.0,70.0,729.5,151.5,3.62
2930,Uttar Pradesh,Kanpur,Rice,2022,27.7,70.0,618.0,131.1,3.9
2931,Uttar Pradesh,Kanpur,Maize,2022,20.3,70.0,464.0,106.2,3.26
2932,Uttar Pradesh,Kanpur,Cotton,2022,19.3,70.0,673.5,126.9,2.41
2933,Uttar Pradesh,Varanasi,Wheat,2022,20.6,70.0,434.5,156.4,4.32
2934,Uttar Pradesh,Varanasi,Rice,2022,40.5,70.0,93.9,22.6,0.25
2935,Uttar Pradesh,Varanasi,Maize,2022,21.9,70.0,816.6,133.3,3.64
2936,Uttar Pradesh,Varanasi,Cotton,2022,24.3,70.0,469.9,135.4,2.41
2937,West Bengal,Hooghly,Wheat,2022,25.4,70.0,608.1,167.8,4.25
2938,West Bengal,Hooghly,Rice,2022,23.6,70.0,547.8,180.2,4.28
2939,West Bengal,Hooghly,Maize,2022,18.3,70.0,890.3,64.1,2.97
2940,West Bengal,Hooghly,Cotton,2022,27.3,70.0,884.2,78.3,2.09
2941,West Bengal,Bardhaman,Wheat,2022,19.0,70.0,898.2,214.3,4.18
2942,West Bengal,Bardhaman,Rice,2022,24.5,70.0,450.8,177.9,3.88
2943,West Bengal,Bardhaman,Maize,2022,28.8,70.0,567.6,182.7,3.71
2944,West Bengal,Bardhaman,Cotton,2022,37.5,70.0,126.5,19.5,0.1
2945,Maharashtra,Nashik,Wheat,2022,28.5,70.0,344.1,178.7,4.21
2946,Maharashtra,Nashik,Rice,2022,25.2,70.0,489.5,106.0,3.06
2947,Maharashtra,Nashik,Maize,2022,19.6,70.0,992.8,111.8,2.98
2948,Maharashtra,Nashik,Cotton,2022,24.7,70.0,602.3,113.1,2.62
2949,Maharashtra,Pune,Wheat,2022,25.5,70.0,552.8,149.3,4.1
2950,Maharashtra,Pune,Rice,2022,23.0,70.0,382.3,146.5,3.87
2951,Maharashtra,Pune,Maize,2022,29.0,70.0,598.5,146.2,3.89
2952,Maharashtra,Pune,Cotton,2022,20.5,70.0,736.8,111.3,2.8
2953,Tamil Nadu,Thanjavur,Wheat,2022,24.2,70.0,675.2,148.0,4.05
2954,Tamil Nadu,Thanjavur,Rice,2022,39.3,70.0,134.5,14.1,0.1
2955,Tamil Nadu,Thanjavur,Maize,2022,26.1,70.0,452.5,114.2,3.35
2956,Tamil Nadu,Thanjavur,Cotton,2022,19.8,70.0,736.0,134.4,2.29
2957,Andhra Pradesh,Kurnool,Wheat,2022,19.4,70.0,985.8,173.5,4.55
2958,Andhra Pradesh,Kurnool,Rice,2022,23.3,70.0,336.4,126.0,3.53
2959,Andhra Pradesh,Kurnool,Maize,2022,21.8,70.0,886.0,159.5,3.36
2960,Andhra Pradesh,Kurnool,Cotton,2022,25.2,70.0,317.7,115.2,2.44
2961,Punjab,Ludhiana,Wheat,2023,20.2,70.0,752.0,123.4,3.48
2962,Punjab,Ludhiana,Rice,2023,29.6,70.0,937.8,120.6,3.8
2963,Punjab,Ludhiana,Maize,2023,29.8,70.0,983.8,125.8,3.23
2964,Punjab,Ludhiana,Cotton,2023,18.9,70.0,764.7,91.9,2.57
2965,Punjab,Patiala,Wheat,2023,41.3,70.0,53.4,23.6,1.23
2966,Punjab,Patiala,Rice,2023,26.2,70.0,582.7,165.8,3.57
2967,Punjab,Patiala,Maize,2023,39.0,70.0,111.0,23.8,0.1
2968,Punjab,Patiala,Cotton,2023,27.4,70.0,726.6,147.8,2.49
2969,Uttar Pradesh,Kanpur,Wheat,2023,28.6,70.0,616.5,194.0,4.64
2970,Uttar Pradesh,Kanpur,Rice,2023,19.0,70.0,777.1,150.3,3.68
2971,Uttar Pradesh,Kanpur,Maize,2023,19.8,70.0,311.6,80.5,3.03
2972,Uttar Pradesh,Kanpur,Cotton,2023,21.5,70.0,384.2,164.1,2.66
2973,Uttar Pradesh,Varanasi,Wheat,2023,18.3,70.0,572.6,195.9,4.57
2974,Uttar Pradesh,Varanasi,Rice,2023,28.4,70.0,545.8,149.0,3.84
2975,Uttar Pradesh,Varanasi,Maize,2023,26.3,70.0,307.1,105.8,3.39
2976,Uttar Pradesh,Varanasi,Cotton,2023,21.0,70.0,640.8,146.1,2.6
2977,West Bengal,Hooghly,Wheat,2023,22.5,70.0,736.7,162.9,3.75
2978,West Bengal,Hooghly,Rice,2023,22.9,70.0,387.4,115.4,3.75
2979,West Bengal,Hooghly,Maize,2023,24.5,70.0,881.1,74.3,2.27
2980,West Bengal,Hooghly,Cotton,2023,22.9,70.0,530.4,101.4,2.1
2981,West Bengal,Bardhaman,Wheat,2023,21.1,70.0,686.2,172.7,4.56
2982,West Bengal,Bardhaman,Rice,2023,37.4,70.0,134.2,14.0,0.1
2983,West Bengal,Bardhaman,Maize,2023,22.0,70.0,614.4,83.0,3.68
2984,West Bengal,Bardhaman,Cotton,2023,29.5,70.0,834.6,104.3,2.1
2985,Maharashtra,Nashik,Wheat,2023,24.1,70.0,819.8,123.2,4.13
2986,Maharashtra,Nashik,Rice,2023,27.0,70.0,628.8,145.7,3.63
2987,Maharashtra,Nashik,Maize,2023,28.7,70.0,956.0,165.8,3.52
2988,Maharashtra,Nashik,Cotton,2023,36.5,70.0,128.1,15.1,0.16
2989,Maharashtra,Pune,Wheat,2023,25.2,70.0,780.2,210.2,4.98
2990,Maharashtra,Pune,Rice,2023,40.7,70.0,97.8,19.4,0.28
2991,Maharashtra,Pune,Maize,2023,29.1,70.0,446.7,94.2,2.53
2992,Maharashtra,Pune,Cotton,2023,39.1,70.0,78.2,29.0,0.18
2993,Tamil Nadu,Thanjavur,Wheat,2023,25.0,70.0,832.3,144.6,3.82
2994,Tamil Nadu,Thanjavur,Rice,2023,29.0,70.0,978.6,147.3,3.85
2995,Tamil Nadu,Thanjavur,Maize,2023,29.5,70.0,600.3,50.6,3.1
2996,Tamil Nadu,Thanjavur,Cotton,2023,29.2,70.0,527.5,127.1,2.5
2997,Andhra Pradesh,Kurnool,Wheat,2023,18.5,70.0,917.5,196.1,4.2
2998,Andhra Pradesh,Kurnool,Rice,2023,27.8,70.0,470.9,153.7,3.92
2999,Andhra Pradesh,Kurnool,Maize,2023,29.2,70.0,902.4,118.6,3.21
3000,Andhra Pradesh,Kurnool,Cotton,2023,26.3,70.0,730.3,131.9,2.62
3001,Punjab,Ludhiana,Wheat,2019,28.6,70.0,945.3,186.0,4.74
3002,Punjab,Ludhiana,Rice,2019,35.7,70.0,51.9,21.5,0.25
3003,Punjab,Ludhiana,Maize,2019,29.9,70.0,490.2,165.4,3.76
3004,Punjab,Ludhiana,Cotton,2019,29.3,70.0,786.9,97.3,2.18
3005,Punjab,Patiala,Wheat,2019,25.5,70.0,638.0,199.7,4.44
3006,Punjab,Patiala,Rice,2019,27.7,70.0,944.2,129.7,3.56
3007,Punjab,Patiala,Maize,2019,38.4,70.0,116.9,16.4,0.17
3008,Punjab,Patiala,Cotton,2019,27.5,70.0,636.8,98.3,2.03
3009,Uttar Pradesh,Kanpur,Wheat,2019,36.4,70.0,57.2,24.8,0.17
3010,Uttar Pradesh,Kanpur,Rice,2019,27.8,70.0,892.4,154.1,4.43
3011,Uttar Pradesh,Kanpur,Maize,2019,21.2,70.0,310.4,88.5,2.77
3012,Uttar Pradesh,Kanpur,Cotton,2019,30.0,70.0,990.4,92.6,2.24
3013,Uttar Pradesh,Varanasi,Wheat,2019,24.9,70.0,626.5,169.9,4.34
3014,Uttar Pradesh,Varanasi,Rice,2019,22.6,70.0,495.1,126.8,3.48
3015,Uttar Pradesh,Varanasi,Maize,2019,18.5,70.0,477.1,151.2,3.51
3016,Uttar Pradesh,Varanasi,Cotton,2019,41.4,70.0,93.7,1.8,0.1
3017,West Bengal,Hooghly,Wheat,2019,20.3,70.0,769.9,175.9,4.5
3018,West Bengal,Hooghly,Rice,2019,23.0,70.0,340.9,125.8,3.3
3019,West Bengal,Hooghly,Maize,2019,39.5,70.0,51.6,27.4,0.23
3020,West Bengal,Hooghly,Cotton,2019,37.9,70.0,112.6,8.5,0.11
3021,West Bengal,Bardhaman,Wheat,2019,26.9,70.0,448.5,128.4,4.22
3022,West Bengal,Bardhaman,Rice,2019,22.7,70.0,780.8,133.9,3.65
3023,West Bengal,Bardhaman,Maize,2019,26.4,70.0,693.8,87.0,3.3
3024,West Bengal,Bardhaman,Cotton,2019,29.3,70.0,710.3,110.9,1.97
3025,Maharashtra,Nashik,Wheat,2019,28.1,70.0,407.8,160.5,4.37
3026,Maharashtra,Nashik,Rice,2019,23.7,70.0,552.3,139.5,3.39
3027,Maharashtra,Nashik,Maize,2019,25.1,70.0,315.1,133.0,3.48
3028,Maharashtra,Nashik,Cotton,2019,22.9,70.0,319.7,142.7,2.69
3029,Maharashtra,Pune,Wheat,2019,26.1,70.0,895.8,161.4,4.12
3030,Maharashtra,Pune,Rice,2019,36.4,70.0,122.5,24.0,0.25
3031,Maharashtra,Pune,Maize,2019,27.5,70.0,414.4,133.8,3.56
3032,Maharashtra,Pune,Cotton,2019,38.6,70.0,77.4,10.8,0.13
3033,Tamil Nadu,Thanjavur,Wheat,2019,24.4,70.0,981.0,168.7,4.25
3034,Tamil Nadu,Thanjavur,Rice,2019,20.5,70.0,716.5,146.0,4.13
3035,Tamil Nadu,Thanjavur,Maize,2019,22.7,70.0,820.6,108.1,3.42
3036,Tamil Nadu,Thanjavur,Cotton,2019,22.0,70.0,493.0,86.3,1.91
3037,Andhra Pradesh,Kurnool,Wheat,2019,27.6,70.0,370.8,146.4,4.23
3038,Andhra Pradesh,Kurnool,Rice,2019,27.1,70.0,417.0,165.4,4.13
3039,Andhra Pradesh,Kurnool,Maize,2019,28.8,70.0,978.2,144.7,3.4
3040,Andhra Pradesh,Kurnool,Cotton,2019,26.2,70.0,761.3,137.4,2.14
3041,Punjab,Ludhiana,Wheat,2020,30.0,70.0,880.6,165.9,4.62
3042,Punjab,Ludhiana,Rice,2020,26.8,70.0,404.3,155.1,4.01
3043,Punjab,Ludhiana,Maize,2020,22.0,70.0,618.8,88.6,3.34
3044,Punjab,Ludhiana,Cotton,2020,20.5,70.0,747.4,106.6,2.36
3045,Punjab,Patiala,Wheat,2020,22.7,70.0,686.3,184.7,4.28
3046,Punjab,Patiala,Rice,2020,28.2,70.0,310.1,129.1,3.71
3047,Punjab,Patiala,Maize,2020,22.2,70.0,953.6,167.0,3.15
3048,Punjab,Patiala,Cotton,2020,19.9,70.0,725.2,114.7,2.59
3049,Uttar Pradesh,Kanpur,Wheat,2020,21.2,70.0,527.9,166.2,4.53
3050,Uttar Pradesh,Kanpur,Rice,2020,24.0,70.0,662.9,136.3,3.58
3051,Uttar Pradesh,Kanpur,Maize,2020,39.8,70.0,133.2,3.1,0.28
3052,Uttar Pradesh,Kanpur,Cotton,2020,40.4,70.0,116.0,21.6,0.1
3053,Uttar Pradesh,Varanasi,Wheat,2020,18.8,70.0,317.4,200.7,4.53
3054,Uttar Pradesh,Varanasi,Rice,2020,19.0,70.0,438.6,98.6,3.59
3055,Uttar Pradesh,Varanasi,Maize,2020,27.4,70.0,768.8,127.9,3.56
3056,Uttar Pradesh,Varanasi,Cotton,2020,28.0,70.0,301.7,128.0,2.71
3057,West Bengal,Hooghly,Wheat,2020,23.8,70.0,720.2,134.9,4.13
3058,West Bengal,Hooghly,Rice,2020,35.6,70.0,107.7,3.3,0.2
3059,West Bengal,Hooghly,Maize,2020,23.6,70.0,327.3,124.6,3.42
3060,West Bengal,Hooghly,Cotton,2020,22.3,70.0,692.4,153.0,2.61
3061,West Bengal,Bardhaman,Wheat,2020,27.0,70.0,566.8,159.4,3.58
3062,West Bengal,Bardhaman,Rice,2020,28.4,70.0,632.1,98.7,3.61
3063,West Bengal,Bardhaman,Maize,2020,19.6,70.0,693.8,110.1,3.32
3064,West Bengal,Bardhaman,Cotton,2020,39.3,70.0,55.7,18.1,0.33
3065,Maharashtra,Nashik,Wheat,2020,22.8,70.0,519.0,177.1,4.17
3066,Maharashtra,Nashik,Rice,2020,38.3,70.0,51.6,1.4,0.3
3067,Maharashtra,Nashik,Maize,2020,41.1,70.0,132.9,5.6,0.34
3068,Maharashtra,Nashik,Cotton,2020,18.1,70.0,346.8,111.4,2.44
3069,Maharashtra,Pune,Wheat,2020,20.6,70.0,752.8,169.1,4.35
3070,Maharashtra,Pune,Rice,2020,18.7,70.0,836.6,130.6,3.63
3071,Maharashtra,Pune,Maize,2020,28.7,70.0,545.9,183.3,3.36
3072,Maharashtra,Pune,Cotton,2020,20.2,70.0,309.1,111.3,2.08
3073,Tamil Nadu,Thanjavur,Wheat,2020,22.5,70.0,499.2,145.0,4.33
3074,Tamil Nadu,Thanjavur,Rice,2020,23.6,70.0,515.1,153.3,3.93
3075,Tamil Nadu,Thanjavur,Maize,2020,24.2,70.0,614.8,97.8,3.42
3076,Tamil Nadu,Thanjavur,Cotton,2020,26.5,70.0,936.7,118.5,2.56
3077,Andhra Pradesh,Kurnool,Wheat,2020,19.3,70.0,460.9,138.5,4.37
3078,Andhra Pradesh,Kurnool,Rice,2020,22.4,70.0,437.0,93.6,2.94
3079,Andhra Pradesh,Kurnool,Maize,2020,27.3,70.0,998.3,102.3,3.01
3080,Andhra Pradesh,Kurnool,Cotton,2020,20.2,70.0,666.1,57.8,1.96
3081,Punjab,Ludhiana,Wheat,2021,23.0,70.0,794.9,204.3,4.35
3082,Punjab,Ludhiana,Rice,2021,25.2,70.0,589.8,149.5,3.54
3083,Punjab,Ludhiana,Maize,2021,24.8,70.0,725.5,68.3,2.54
3084,Punjab,Ludhiana,Cotton,2021,24.3,70.0,525.2,85.0,2.45
3085,Punjab,Patiala,Wheat,2021,23.9,70.0,572.8,198.2,4.22
3086,Punjab,Patiala,Rice,2021,18.7,70.0,767.5,156.7,3.5
3087,Punjab,Patiala,Maize,2021,38.6,70.0,122.5,4.2,0.29
3088,Punjab,Patiala,Cotton,2021,38.6,70.0,149.1,15.6,0.18
3089,Uttar Pradesh,Kanpur,Wheat,2021,19.0,70.0,628.0,158.7,4.7
3090,Uttar Pradesh,Kanpur,Rice,2021,19.7,70.0,739.1,155.7,3.84
3091,Uttar Pradesh,Kanpur,Maize,2021,18.5,70.0,350.9,116.3,2.92
3092,Uttar Pradesh,Kanpur,Cotton,2021,22.1,70.0,470.2,147.2,2.51
3093,Uttar Pradesh,Varanasi,Wheat,2021,23.3,70.0,825.0,191.6,4.86
3094,Uttar Pradesh,Varanasi,Rice,2021,23.8,70.0,931.9,130.8,3.78
3095,Uttar Pradesh,Varanasi,Maize,2021,28.2,70.0,822.7,95.3,3.18
3096,Uttar Pradesh,Varanasi,Cotton,2021,25.3,70.0,899.7,180.5,2.86
3097,West Bengal,Hooghly,Wheat,2021,25.6,70.0,467.4,174.2,4.75
3098,West Bengal,Hooghly,Rice,2021,25.7,70.0,991.3,126.7,3.8
3099,West Bengal,Hooghly,Maize,2021,29.0,70.0,504.4,145.1,3.08
3100,West Bengal,Hooghly,Cotton,2021,20.8,70.0,543.6,108.1,2.79
3101,West Bengal,Bardhaman,Wheat,2021,23.7,70.0,741.0,152.5,4.41
3102,West Bengal,Bardhaman,Rice,2021,27.6,70.0,695.8,143.8,4.25
3103,West Bengal,Bardhaman,Maize,2021,19.2,70.0,507.4,114.2,3.72
3104,West Bengal,Bardhaman,Cotton,2021,22.6,70.0,413.1,189.3,2.8
3105,Maharashtra,Nashik,Wheat,2021,20.0,70.0,413.8,181.8,4.42
3106,Maharashtra,Nashik,Rice,2021,23.1,70.0,944.3,140.1,3.78
3107,Maharashtra,Nashik,Maize,2021,28.3,70.0,852.3,187.9,3.43
3108,Maharashtra,Nashik,Cotton,2021,28.7,70.0,536.5,93.1,1.92
3109,Maharashtra,Pune,Wheat,2021,24.1,70.0,644.1,217.1,4.37
3110,Maharashtra,Pune,Rice,2021,26.6,70.0,727.6,161.9,3.36
3111,Maharashtra,Pune,Maize,2021,20.1,70.0,757.2,112.7,3.15
3112,Maharashtra,Pune,Cotton,2021,29.5,70.0,310.6,114.7,2.44
3113,Tamil Nadu,Thanjavur,Wheat,2021,37.9,70.0,58.7,25.2,0.3
3114,Tamil Nadu,Thanjavur,Rice,2021,21.6,70.0,656.2,114.2,3.37
3115,Tamil Nadu,Thanjavur,Maize,2021,29.5,70.0,801.6,119.2,3.03
3116,Tamil Nadu,Thanjavur,Cotton,2021,24.3,70.0,642.2,120.3,2.67
3117,Andhra Pradesh,Kurnool,Wheat,2021,27.4,70.0,337.6,119.5,3.66
3118,Andhra Pradesh,Kurnool,Rice,2021,26.9,70.0,538.3,129.8,3.68
3119,Andhra Pradesh,Kurnool,Maize,2021,20.8,70.0,429.5,66.5,3.03
3120,Andhra Pradesh,Kurnool,Cotton,2021,19.0,70.0,345.7,93.6,2.44
3121,Punjab,Ludhiana,Wheat,2022,38.7,70.0,107.8,8.4,0.1
3122,Punjab,Ludhiana,Rice,2022,41.6,70.0,122.7,22.2,0.25
3123,Punjab,Ludhiana,Maize,2022,23.0,70.0,382.2,108.9,2.97
3124,Punjab,Ludhiana,Cotton,2022,26.5,70.0,945.7,102.3,2.37
3125,Punjab,Patiala,Wheat,2022,19.3,70.0,785.4,165.6,4.12
3126,Punjab,Patiala,Rice,2022,36.1,70.0,108.7,25.5,0.48
3127,Punjab,Patiala,Maize,2022,29.2,70.0,730.7,136.6,3.17
3128,Punjab,Patiala,Cotton,2022,27.9,70.0,637.7,133.4,2.35
3129,Uttar Pradesh,Kanpur,Wheat,2022,19.9,70.0,380.7,171.7,4.73
3130,Uttar Pradesh,Kanpur,Rice,2022,22.6,70.0,812.1,176.9,4.11
3131,Uttar Pradesh,Kanpur,Maize,2022,41.9,70.0,101.4,3.7,0.24
3132,Uttar Pradesh,Kanpur,Cotton,2022,25.6,70.0,436.7,120.7,2.31
3133,Uttar Pradesh,Varanasi,Wheat,2022,29.8,70.0,839.4,212.0,4.72
3134,Uttar Pradesh,Varanasi,Rice,2022,27.2,70.0,497.4,95.6,3.32
3135,Uttar Pradesh,Varanasi,Maize,2022,35.9,70.0,93.8,3.2,0.5
3136,Uttar Pradesh,Varanasi,Cotton,2022,28.6,70.0,365.9,114.3,2.59
3137,West Bengal,Hooghly,Wheat,2022,21.0,70.0,343.0,182.7,4.26
3138,West Bengal,Hooghly,Rice,2022,23.9,70.0,414.4,133.7,3.23
3139,West Bengal,Hooghly,Maize,2022,37.1,70.0,73.5,16.1,0.18
3140,West Bengal,Hooghly,Cotton,2022,19.8,70.0,965.4,144.8,2.61
3141,West Bengal,Bardhaman,Wheat,2022,18.3,70.0,364.1,203.8,4.5
3142,West Bengal,Bardhaman,Rice,2022,35.1,70.0,101.6,16.0,0.23
3143,West Bengal,Bardhaman,Maize,2022,26.9,70.0,455.8,158.9,3.2
3144,West Bengal,Bardhaman,Cotton,2022,27.3,70.0,896.5,91.6,2.03
3145,Maharashtra,Nashik,Wheat,2022,22.0,70.0,869.2,185.5,4.3
3146,Maharashtra,Nashik,Rice,2022,20.7,70.0,518.6,122.9,3.39
3147,Maharashtra,Nashik,Maize,2022,26.6,70.0,958.7,119.0,2.74
3148,Maharashtra,Nashik,Cotton,2022,29.4,70.0,983.0,133.1,2.43
3149,Maharashtra,Pune,Wheat,2022,36.3,70.0,128.2,20.0,0.1
3150,Maharashtra,Pune,Rice,2022,27.3,70.0,456.6,109.0,3.11
3151,Maharashtra,Pune,Maize,2022,25.8,70.0,801.2,113.4,3.23
3152,Maharashtra,Pune,Cotton,2022,26.4,70.0,533.2,129.5,2.37
3153,Tamil Nadu,Thanjavur,Wheat,2022,22.2,70.0,573.3,180.9,4.15
3154,Tamil Nadu,Thanjavur,Rice,2022,23.5,70.0,605.6,153.4,4.03
3155,Tamil Nadu,Thanjavur,Maize,2022,24.5,70.0,989.0,119.0,3.62
3156,Tamil Nadu,Thanjavur,Cotton,2022,27.2,70.0,714.4,111.2,1.84
3157,Andhra Pradesh,Kurnool,Wheat,2022,41.9,70.0,73.1,12.3,0.26
3158,Andhra Pradesh,Kurnool,Rice,2022,25.0,70.0,726.9,151.2,3.5
3159,Andhra Pradesh,Kurnool,Maize,2022,18.0,70.0,842.1,139.3,3.1
3160,Andhra Pradesh,Kurnool,Cotton,2022,20.9,70.0,958.4,95.4,2.57
3161,Punjab,Ludhiana,Wheat,2023,29.2,70.0,989.8,170.6,4.16
3162,Punjab,Ludhiana,Rice,2023,20.5,70.0,686.4,86.7,3.14
3163,Punjab,Ludhiana,Maize,2023,19.0,70.0,812.6,99.0,2.66
3164,Punjab,Ludhiana,Cotton,2023,36.5,70.0,135.0,20.5,0.1
3165,Punjab,Patiala,Wheat,2023,22.3,70.0,643.0,141.0,4.13
3166,Punjab,Patiala,Rice,2023,20.4,70.0,618.2,179.1,3.75
3167,Punjab,Patiala,Maize,2023,18.9,70.0,945.1,148.9,3.51
3168,Punjab,Patiala,Cotton,2023,24.6,70.0,455.4,101.1,2.0
3169,Uttar Pradesh,Kanpur,Wheat,2023,24.5,70.0,704.7,183.4,4.08
3170,Uttar Pradesh,Kanpur,Rice,2023,19.9,70.0,627.2,149.8,3.9
3171,Uttar Pradesh,Kanpur,Maize,2023,26.0,70.0,369.3,134.5,3.5
3172,Uttar Pradesh,Kanpur,Cotton,2023,29.0,70.0,839.8,29.0,1.73
3173,Uttar Pradesh,Varanasi,Wheat,2023,24.5,70.0,307.7,192.3,4.94
3174,Uttar Pradesh,Varanasi,Rice,2023,26.5,70.0,832.7,41.3,2.98
3175,Uttar Pradesh,Varanasi,Maize,2023,26.2,70.0,968.1,123.6,3.11
3176,Uttar Pradesh,Varanasi,Cotton,2023,21.4,70.0,854.8,128.9,2.4
3177,West Bengal,Hooghly,Wheat,2023,37.0,70.0,100.3,16.2,0.43
3178,West Bengal,Hooghly,Rice,2023,24.1,70.0,400.4,138.8,3.16
3179,West Bengal,Hooghly,Maize,2023,22.8,70.0,846.7,149.9,4.06
3180,West Bengal,Hooghly,Cotton,2023,41.1,70.0,147.2,2.9,0.1
3181,West Bengal,Bardhaman,Wheat,2023,21.5,70.0,321.1,203.1,4.05
3182,West Bengal,Bardhaman,Rice,2023,20.0,70.0,615.3,163.9,3.79
3183,West Bengal,Bardhaman,Maize,2023,23.2,70.0,389.3,124.3,3.28
3184,West Bengal,Bardhaman,Cotton,2023,29.9,70.0,807.3,147.2,2.65
3185,Maharashtra,Nashik,Wheat,2023,27.3,70.0,796.0,189.2,4.3
3186,Maharashtra,Nashik,Rice,2023,35.1,70.0,79.5,20.5,0.14
3187,Maharashtra,Nashik,Maize,2023,18.9,70.0,851.2,127.7,2.97
3188,Maharashtra,Nashik,Cotton,2023,23.1,70.0,956.4,105.8,2.22
3189,Maharashtra,Pune,Wheat,2023,24.0,70.0,418.5,148.8,4.35
3190,Maharashtra,Pune,Rice,2023,21.9,70.0,585.6,186.2,3.84
3191,Maharashtra,Pune,Maize,2023,28.2,70.0,535.3,151.9,3.68
3192,Maharashtra,Pune,Cotton,2023,18.7,70.0,498.9,52.9,1.63
3193,Tamil Nadu,Thanjavur,Wheat,2023,22.9,70.0,433.7,171.9,4.6
3194,Tamil Nadu,Thanjavur,Rice,2023,40.3,70.0,121.0,8.3,0.36
3195,Tamil Nadu,Thanjavur,Maize,2023,18.0,70.0,770.3,110.7,3.37
3196,Tamil Nadu,Thanjavur,Cotton,2023,38.7,70.0,74.2,22.7,0.1
3197,Andhra Pradesh,Kurnool,Wheat,2023,29.3,70.0,600.4,143.9,4.19
3198,Andhra Pradesh,Kurnool,Rice,2023,20.4,70.0,603.6,129.8,3.85
3199,Andhra Pradesh,Kurnool,Maize,2023,35.0,70.0,116.3,21.4,0.29
3200,Andhra Pradesh,Kurnool,Cotton,2023,40.5,70.0,125.0,2.3,0.1
3201,Punjab,Ludhiana,Wheat,2019,24.1,70.0,635.0,184.1,4.74
3202,Punjab,Ludhiana,Rice,2019,28.9,70.0,550.9,145.5,3.4
3203,Punjab,Ludhiana,Maize,2019,38.8,70.0,64.5,2.1,0.27
3204,Punjab,Ludhiana,Cotton,2019,38.5,70.0,126.5,12.0,0.14
3205,Punjab,Patiala,Wheat,2019,22.5,70.0,964.4,214.7,4.55
3206,Punjab,Patiala,Rice,2019,23.6,70.0,313.3,153.3,3.53
3207,Punjab,Patiala,Maize,2019,40.3,70.0,75.4,20.1,0.26
3208,Punjab,Patiala,Cotton,2019,20.6,70.0,385.6,121.5,2.56
3209,Uttar Pradesh,Kanpur,Wheat,2019,20.2,70.0,551.6,181.2,4.44
3210,Uttar Pradesh,Kanpur,Rice,2019,20.3,70.0,393.9,121.0,3.73
3211,Uttar Pradesh,Kanpur,Maize,2019,24.1,70.0,575.3,92.5,2.94
3212,Uttar Pradesh,Kanpur,Cotton,2019,23.4,70.0,846.8,125.0,2.51
3213,Uttar Pradesh,Varanasi,Wheat,2019,29.3,70.0,424.0,164.7,4.49
3214,Uttar Pradesh,Varanasi,Rice,2019,21.3,70.0,840.6,164.6,4.08
3215,Uttar Pradesh,Varanasi,Maize,2019,25.2,70.0,624.1,152.3,3.7
3216,Uttar Pradesh,Varanasi,Cotton,2019,19.9,70.0,816.4,99.7,2.22
3217,West Bengal,Hooghly,Wheat,2019,25.7,70.0,356.8,156.6,3.81
3218,West Bengal,Hooghly,Rice,2019,26.1,70.0,643.8,141.9,4.03
3219,West Bengal,Hooghly,Maize,2019,38.4,70.0,114.1,11.2,0.1
3220,West Bengal,Hooghly,Cotton,2019,35.6,70.0,63.9,1.3,0.1
3221,West Bengal,Bardhaman,Wheat,2019,23.2,70.0,804.9,149.0,3.88
3222,West Bengal,Bardhaman,Rice,2019,23.8,70.0,425.1,143.9,3.92
3223,West Bengal,Bardhaman,Maize,2019,26.9,70.0,426.4,103.7,2.96
3224,West Bengal,Bardhaman,Cotton,2019,38.9,70.0,55.8,15.3,0.1
3225,Maharashtra,Nashik,Wheat,2019,41.8,70.0,83.2,7.5,0.26
3226,Maharashtra,Nashik,Rice,2019,21.1,70.0,904.4,147.8,3.86
3227,Maharashtra,Nashik,Maize,2019,26.0,70.0,978.1,149.4,3.13
3228,Maharashtra,Nashik,Cotton,2019,21.5,70.0,688.8,168.4,2.61
3229,Maharashtra,Pune,Wheat,2019,25.6,70.0,762.1,151.0,3.73
3230,Maharashtra,Pune,Rice,2019,24.1,70.0,680.3,183.3,3.52
3231,Maharashtra,Pune,Maize,2019,36.6,70.0,85.8,4.8,0.4
3232,Maharashtra,Pune,Cotton,2019,18.1,70.0,924.3,56.6,1.84
3233,Tamil Nadu,Thanjavur,Wheat,2019,36.1,70.0,121.1,5.5,0.27
3234,Tamil Nadu,Thanjavur,Rice,2019,29.0,70.0,945.1,141.8,3.83
3235,Tamil Nadu,Thanjavur,Maize,2019,27.4,70.0,886.1,136.9,3.52
3236,Tamil Nadu,Thanjavur,Cotton,2019,27.8,70.0,672.2,76.7,1.43
3237,Andhra Pradesh,Kurnool,Wheat,2019,28.9,70.0,539.3,158.0,4.19
3238,Andhra Pradesh,Kurnool,Rice,2019,27.5,70.0,596.0,167.9,4.32
3239,Andhra Pradesh,Kurnool,Maize,2019,23.0,70.0,345.1,126.4,3.17
3240,Andhra Pradesh,Kurnool,Cotton,2019,22.9,70.0,662.8,100.4,2.38
3241,Punjab,Ludhiana,Wheat,2020,18.5,70.0,474.5,193.3,4.28
3242,Punjab,Ludhiana,Rice,2020,24.3,70.0,914.2,166.7,3.46
3243,Punjab,Ludhiana,Maize,2020,21.4,70.0,950.0,144.5,3.51
3244,Punjab,Ludhiana,Cotton,2020,23.2,70.0,946.1,75.1,2.02
3245,Punjab,Patiala,Wheat,2020,26.8,70.0,951.1,196.4,4.42
3246,Punjab,Patiala,Rice,2020,24.1,70.0,421.2,84.0,3.27
3247,Punjab,Patiala,Maize,2020,21.9,70.0,598.1,156.7,2.91
3248,Punjab,Patiala,Cotton,2020,29.5,70.0,553.9,119.1,2.48
3249,Uttar Pradesh,Kanpur,Wheat,2020,20.5,70.0,415.4,176.5,4.47
3250,Uttar Pradesh,Kanpur,Rice,2020,26.0,70.0,539.8,119.3,3.21
3251,Uttar Pradesh,Kanpur,Maize,2020,29.3,70.0,617.2,150.2,3.24
3252,Uttar Pradesh,Kanpur,Cotton,2020,19.1,70.0,732.7,82.2,2.23
3253,Uttar Pradesh,Varanasi,Wheat,2020,18.1,70.0,721.1,158.3,3.79
3254,Uttar Pradesh,Varanasi,Rice,2020,36.0,70.0,136.9,8.3,0.25
3255,Uttar Pradesh,Varanasi,Maize,2020,29.0,70.0,623.5,120.5,3.49
3256,Uttar Pradesh,Varanasi,Cotton,2020,22.2,70.0,350.4,105.7,2.36
3257,West Bengal,Hooghly,Wheat,2020,24.5,70.0,622.8,206.8,4.37
3258,West Bengal,Hooghly,Rice,2020,18.3,70.0,617.1,131.6,3.87
3259,West Bengal,Hooghly,Maize,2020,20.2,70.0,925.9,113.6,3.43
3260,West Bengal,Hooghly,Cotton,2020,22.8,70.0,669.6,77.4,2.23
3261,West Bengal,Bardhaman,Wheat,2020,29.9,70.0,786.3,160.6,3.91
3262,West Bengal,Bardhaman,Rice,2020,18.6,70.0,493.5,144.7,3.93
3263,West Bengal,Bardhaman,Maize,2020,23.9,70.0,786.6,112.0,3.06
3264,West Bengal,Bardhaman,Cotton,2020,29.1,70.0,496.7,130.0,2.42
3265,Maharashtra,Nashik,Wheat,2020,19.2,70.0,512.1,171.6,3.83
3266,Maharashtra,Nashik,Rice,2020,22.4,70.0,351.8,165.2,3.99
3267,Maharashtra,Nashik,Maize,2020,27.5,70.0,967.6,136.1,3.18
3268,Maharashtra,Nashik,Cotton,2020,18.8,70.0,429.1,90.0,2.18
3269,Maharashtra,Pune,Wheat,2020,18.7,70.0,516.5,171.8,4.48
3270,Maharashtra,Pune,Rice,2020,28.5,70.0,570.9,122.0,2.97
3271,Maharashtra,Pune,Maize,2020,22.2,70.0,790.7,108.4,3.33
3272,Maharashtra,Pune,Cotton,2020,26.0,70.0,982.5,94.4,2.07
3273,Tamil Nadu,Thanjavur,Wheat,2020,27.9,70.0,434.7,151.7,3.94
3274,Tamil Nadu,Thanjavur,Rice,2020,22.0,70.0,716.3,75.5,3.44
3275,Tamil Nadu,Thanjavur,Maize,2020,36.3,70.0,125.5,15.2,0.34
3276,Tamil Nadu,Thanjavur,Cotton,2020,27.2,70.0,918.6,98.0,2.1
3277,Andhra Pradesh,Kurnool,Wheat,2020,35.5,70.0,93.1,29.4,1.26
3278,Andhra Pradesh,Kurnool,Rice,2020,28.8,70.0,594.3,132.6,3.45
3279,Andhra Pradesh,Kurnool,Maize,2020,19.7,70.0,714.8,161.7,3.67
3280,Andhra Pradesh,Kurnool,Cotton,2020,19.6,70.0,509.4,109.0,2.6
3281,Punjab,Ludhiana,Wheat,2021,24.8,70.0,807.2,193.2,4.51
3282,Punjab,Ludhiana,Rice,2021,19.9,70.0,908.4,156.4,3.85
3283,Punjab,Ludhiana,Maize,2021,36.5,70.0,80.8,20.1,0.33
3284,Punjab,Ludhiana,Cotton,2021,18.7,70.0,382.6,159.4,2.75
3285,Punjab,Patiala,Wheat,2021,24.5,70.0,423.8,141.1,4.11
3286,Punjab,Patiala,Rice,2021,20.9,70.0,477.6,113.7,3.79
3287,Punjab,Patiala,Maize,2021,37.2,70.0,53.9,23.4,0.1
3288,Punjab,Patiala,Cotton,2021,18.4,70.0,327.4,150.3,2.61
3289,Uttar Pradesh,Kanpur,Wheat,2021,21.7,70.0,632.6,207.6,4.9
3290,Uttar Pradesh,Kanpur,Rice,2021,23.2,70.0,467.7,210.1,3.69
3291,Uttar Pradesh,Kanpur,Maize,2021,25.9,70.0,502.3,111.3,3.33
3292,Uttar Pradesh,Kanpur,Cotton,2021,20.3,70.0,758.5,87.8,2.17
3293,Uttar Pradesh,Varanasi,Wheat,2021,29.6,70.0,436.9,120.8,3.62
3294,Uttar Pradesh,Varanasi,Rice,2021,29.8,70.0,943.0,127.5,4.13
3295,Uttar Pradesh,Varanasi,Maize,2021,25.0,70.0,311.9,90.5,2.83
3296,Uttar Pradesh,Varanasi,Cotton,2021,28.5,70.0,574.8,94.7,2.35
3297,West Bengal,Hooghly,Wheat,2021,18.7,70.0,354.2,193.3,4.33
3298,West Bengal,Hooghly,Rice,2021,23.3,70.0,658.6,113.7,3.49
3299,West Bengal,Hooghly,Maize,2021,18.7,70.0,785.2,106.7,3.17
3300,West Bengal,Hooghly,Cotton,2021,29.3,70.0,537.7,130.3,2.46
3301,West Bengal,Bardhaman,Wheat,2021,40.2,70.0,75.9,5.3,0.14
3302,West Bengal,Bardhaman,Rice,2021,23.5,70.0,440.0,150.9,3.68
3303,West Bengal,Bardhaman,Maize,2021,25.4,70.0,468.2,147.5,3.65
3304,West Bengal,Bardhaman,Cotton,2021,25.6,70.0,301.2,112.6,2.41
3305,Maharashtra,Nashik,Wheat,2021,21.6,70.0,726.1,158.7,3.8
3306,Maharashtra,Nashik,Rice,2021,29.9,70.0,677.8,173.9,4.1
3307,Maharashtra,Nashik,Maize,2021,25.1,70.0,730.7,133.4,3.42
3308,Maharashtra,Nashik,Cotton,2021,25.1,70.0,416.4,56.3,2.11
3309,Maharashtra,Pune,Wheat,2021,22.6,70.0,663.3,176.2,4.48
3310,Maharashtra,Pune,Rice,2021,25.7,70.0,543.2,152.7,4.03
3311,Maharashtra,Pune,Maize,2021,23.2,70.0,795.3,124.0,3.36
3312,Maharashtra,Pune,Cotton,2021,40.5,70.0,145.3,1.6,0.15
3313,Tamil Nadu,Thanjavur,Wheat,2021,28.5,70.0,686.9,191.1,4.39
3314,Tamil Nadu,Thanjavur,Rice,2021,27.3,70.0,951.7,167.9,4.36
3315,Tamil Nadu,Thanjavur,Maize,2021,18.3,70.0,500.8,134.5,3.16
3316,Tamil Nadu,Thanjavur,Cotton,2021,23.5,70.0,752.0,80.1,1.72
3317,Andhra Pradesh,Kurnool,Wheat,2021,26.6,70.0,551.2,156.6,3.65
3318,Andhra Pradesh,Kurnool,Rice,2021,23.2,70.0,531.0,138.1,4.18
3319,Andhra Pradesh,Kurnool,Maize,2021,18.6,70.0,801.3,119.6,3.4
3320,Andhra Pradesh,Kurnool,Cotton,2021,18.8,70.0,557.3,97.4,2.67
3321,Punjab,Ludhiana,Wheat,2022,40.6,70.0,91.6,10.4,0.35
3322,Punjab,Ludhiana,Rice,2022,27.6,70.0,767.4,142.4,4.39
3323,Punjab,Ludhiana,Maize,2022,27.0,70.0,672.4,140.2,3.57
3324,Punjab,Ludhiana,Cotton,2022,19.4,70.0,752.3,101.8,2.22
3325,Punjab,Patiala,Wheat,2022,41.2,70.0,129.0,12.3,0.15
3326,Punjab,Patiala,Rice,2022,25.3,70.0,754.0,125.7,3.14
3327,Punjab,Patiala,Maize,2022,23.3,70.0,839.2,161.0,3.7
3328,Punjab,Patiala,Cotton,2022,27.6,70.0,346.2,159.3,2.54
3329,Uttar Pradesh,Kanpur,Wheat,2022,26.8,70.0,891.1,187.0,4.19
3330,Uttar Pradesh,Kanpur,Rice,2022,29.2,70.0,799.7,156.9,4.17
3331,Uttar Pradesh,Kanpur,Maize,2022,27.4,70.0,827.8,124.7,3.43
3332,Uttar Pradesh,Kanpur,Cotton,2022,19.6,70.0,304.0,114.4,2.59
3333,Uttar Pradesh,Varanasi,Wheat,2022,21.6,70.0,830.9,161.5,4.26
3334,Uttar Pradesh,Varanasi,Rice,2022,29.2,70.0,486.6,168.4,3.76
3335,Uttar Pradesh,Varanasi,Maize,2022,20.6,70.0,807.6,122.1,3.35
3336,Uttar Pradesh,Varanasi,Cotton,2022,18.6,70.0,713.1,125.9,2.25
3337,West Bengal,Hooghly,Wheat,2022,35.7,70.0,64.7,13.2,0.12
3338,West Bengal,Hooghly,Rice,2022,22.7,70.0,739.3,130.9,3.85
3339,West Bengal,Hooghly,Maize,2022,39.9,70.0,88.7,15.9,0.18
3340,West Bengal,Hooghly,Cotton,2022,24.1,70.0,869.9,99.5,2.52
3341,West Bengal,Bardhaman,Wheat,2022,29.6,70.0,480.7,152.3,3.81
3342,West Bengal,Bardhaman,Rice,2022,26.0,70.0,924.9,136.4,3.68
3343,West Bengal,Bardhaman,Maize,2022,20.6,70.0,641.7,126.5,3.17
3344,West Bengal,Bardhaman,Cotton,2022,19.8,70.0,327.8,129.7,2.22
3345,Maharashtra,Nashik,Wheat,2022,27.2,70.0,420.1,179.4,4.22
3346,Maharashtra,Nashik,Rice,2022,35.1,70.0,143.4,20.0,0.21
3347,Maharashtra,Nashik,Maize,2022,38.0,70.0,69.2,1.3,0.24
3348,Maharashtra,Nashik,Cotton,2022,22.3,70.0,441.8,140.1,2.43
3349,Maharashtra,Pune,Wheat,2022,18.5,70.0,365.4,136.8,3.93
3350,Maharashtra,Pune,Rice,2022,24.7,70.0,331.4,153.8,3.72
3351,Maharashtra,Pune,Maize,2022,27.0,70.0,651.3,133.6,3.36
3352,Maharashtra,Pune,Cotton,2022,24.2,70.0,660.6,105.5,2.35
3353,Tamil Nadu,Thanjavur,Wheat,2022,18.4,70.0,424.4,220.7,4.75
3354,Tamil Nadu,Thanjavur,Rice,2022,36.3,70.0,98.2,1.7,0.1
3355,Tamil Nadu,Thanjavur,Maize,2022,20.2,70.0,648.6,115.3,3.29
3356,Tamil Nadu,Thanjavur,Cotton,2022,19.4,70.0,737.2,104.1,2.43
3357,Andhra Pradesh,Kurnool,Wheat,2022,25.0,70.0,384.4,141.9,4.2
3358,Andhra Pradesh,Kurnool,Rice,2022,28.4,70.0,557.3,180.9,3.78
3359,Andhra Pradesh,Kurnool,Maize,2022,39.8,70.0,98.5,12.8,0.28
3360,Andhra Pradesh,Kurnool,Cotton,2022,27.3,70.0,895.6,94.2,2.36
3361,Punjab,Ludhiana,Wheat,2023,25.8,70.0,767.4,183.6,4.38
3362,Punjab,Ludhiana,Rice,2023,25.6,70.0,806.9,142.4,3.81
3363,Punjab,Ludhiana,Maize,2023,38.8,70.0,130.9,11.5,0.28
3364,Punjab,Ludhiana,Cotton,2023,39.8,70.0,54.1,28.0,0.12
3365,Punjab,Patiala,Wheat,2023,41.8,70.0,102.1,15.4,0.1
3366,Punjab,Patiala,Rice,2023,27.2,70.0,328.6,126.4,3.48
3367,Punjab,Patiala,Maize,2023,20.4,70.0,795.4,134.5,3.16
3368,Punjab,Patiala,Cotton,2023,26.2,70.0,427.8,98.6,2.15
3369,Uttar Pradesh,Kanpur,Wheat,2023,25.6,70.0,676.8,195.1,4.4
3370,Uttar Pradesh,Kanpur,Rice,2023,20.0,70.0,557.2,144.4,3.63
3371,Uttar Pradesh,Kanpur,Maize,2023,26.0,70.0,988.5,141.8,3.51
3372,Uttar Pradesh,Kanpur,Cotton,2023,28.7,70.0,548.3,101.0,2.72
3373,Uttar Pradesh,Varanasi,Wheat,2023,36.9,70.0,109.9,25.6,0.83
3374,Uttar Pradesh,Varanasi,Rice,2023,23.2,70.0,523.4,107.7,3.35
3375,Uttar Pradesh,Varanasi,Maize,2023,27.2,70.0,760.4,130.8,3.73
3376,Uttar Pradesh,Varanasi,Cotton,2023,18.0,70.0,319.1,113.2,2.57
3377,West Bengal,Hooghly,Wheat,2023,19.3,70.0,870.7,173.1,4.69
3378,West Bengal,Hooghly,Rice,2023,41.9,70.0,107.0,8.8,0.22
3379,West Bengal,Hooghly,Maize,2023,26.6,70.0,304.2,115.6,3.22
3380,West Bengal,Hooghly,Cotton,2023,25.8,70.0,803.9,98.0,2.16
3381,West Bengal,Bardhaman,Wheat,2023,35.2,70.0,61.9,16.8,0.27
3382,West Bengal,Bardhaman,Rice,2023,36.7,70.0,98.8,7.6,0.42
3383,West Bengal,Bardhaman,Maize,2023,29.8,70.0,623.2,127.3,3.45
3384,West Bengal,Bardhaman,Cotton,2023,27.1,70.0,689.8,84.8,2.11
3385,Maharashtra,Nashik,Wheat,2023,19.4,70.0,351.5,131.0,3.76
3386,Maharashtra,Nashik,Rice,2023,22.6,70.0,643.7,139.5,3.61
3387,Maharashtra,Nashik,Maize,2023,22.7,70.0,920.0,113.8,3.33
3388,Maharashtra,Nashik,Cotton,2023,23.9,70.0,651.7,91.3,1.92
3389,Maharashtra,Pune,Wheat,2023,28.2,70.0,575.5,184.8,3.9
3390,Maharashtra,Pune,Rice,2023,29.4,70.0,746.1,116.1,3.32
3391,Maharashtra,Pune,Maize,2023,36.7,70.0,72.1,1.5,0.2
3392,Maharashtra,Pune,Cotton,2023,28.5,70.0,669.9,128.1,2.51
3393,Tamil Nadu,Thanjavur,Wheat,2023,21.4,70.0,372.4,137.7,3.92
3394,Tamil Nadu,Thanjavur,Rice,2023,29.5,70.0,886.6,127.9,3.63
3395,Tamil Nadu,Thanjavur,Maize,2023,38.7,70.0,113.7,10.1,0.35
3396,Tamil Nadu,Thanjavur,Cotton,2023,23.2,70.0,349.7,58.8,2.04
3397,Andhra Pradesh,Kurnool,Wheat,2023,29.4,70.0,435.2,138.4,4.02
3398,Andhra Pradesh,Kurnool,Rice,2023,27.1,70.0,694.4,153.9,4.22
3399,Andhra Pradesh,Kurnool,Maize,2023,23.5,70.0,445.7,162.1,3.65
3400,Andhra Pradesh,Kurnool,Cotton,2023,29.4,70.0,743.2,123.2,2.75
3401,Punjab,Ludhiana,Wheat,2019,39.4,70.0,84.7,14.2,0.1
3402,Punjab,Ludhiana,Rice,2019,23.7,70.0,368.8,130.9,4.03
3403,Punjab,Ludhiana,Maize,2019,25.4,70.0,384.2,134.0,3.55
3404,Punjab,Ludhiana,Cotton,2019,38.7,70.0,103.4,1.1,0.12
3405,Punjab,Patiala,Wheat,2019,23.0,70.0,767.2,177.7,4.33
3406,Punjab,Patiala,Rice,2019,18.3,70.0,969.6,105.2,3.47
3407,Punjab,Patiala,Maize,2019,27.4,70.0,625.7,156.0,3.09
3408,Punjab,Patiala,Cotton,2019,29.7,70.0,936.9,117.1,2.05
3409,Uttar Pradesh,Kanpur,Wheat,2019,23.9,70.0,858.2,186.7,4.24
3410,Uttar Pradesh,Kanpur,Rice,2019,25.7,70.0,772.4,83.0,3.39
3411,Uttar Pradesh,Kanpur,Maize,2019,29.3,70.0,642.8,98.0,3.47
3412,Uttar Pradesh,Kanpur,Cotton,2019,24.0,70.0,837.7,149.3,2.6
3413,Uttar Pradesh,Varanasi,Wheat,2019,19.6,70.0,736.9,187.1,4.43
3414,Uttar Pradesh,Varanasi,Rice,2019,20.7,70.0,461.4,134.3,3.31
3415,Uttar Pradesh,Varanasi,Maize,2019,18.6,70.0,861.9,124.0,3.12
3416,Uttar Pradesh,Varanasi,Cotton,2019,25.5,70.0,398.3,57.1,2.11
3417,West Bengal,Hooghly,Wheat,2019,21.1,70.0,818.2,118.3,3.77
3418,West Bengal,Hooghly,Rice,2019,22.9,70.0,496.1,120.2,3.37
3419,West Bengal,Hooghly,Maize,2019,36.5,70.0,131.7,7.7,0.33
3420,West Bengal,Hooghly,Cotton,2019,25.4,70.0,411.3,81.7,2.23
3421,West Bengal,Bardhaman,Wheat,2019,20.2,70.0,703.5,190.0,4.43
3422,West Bengal,Bardhaman,Rice,2019,39.9,70.0,106.5,14.2,0.14
3423,West Bengal,Bardhaman,Maize,2019,41.6,70.0,72.3,22.4,0.1
3424,West Bengal,Bardhaman,Cotton,2019,22.6,70.0,866.0,113.0,2.26
3425,Maharashtra,Nashik,Wheat,2019,28.7,70.0,775.3,157.7,4.49
3426,Maharashtra,Nashik,Rice,2019,22.6,70.0,766.5,111.4,3.51
3427,Maharashtra,Nashik,Maize,2019,25.1,70.0,590.1,150.9,3.49
3428,Maharashtra,Nashik,Cotton,2019,25.8,70.0,594.6,90.0,2.64
3429,Maharashtra,Pune,Wheat,2019,22.6,70.0,555.7,158.1,3.75
3430,Maharashtra,Pune,Rice,2019,26.5,70.0,787.0,178.5,3.96
3431,Maharashtra,Pune,Maize,2019,22.7,70.0,872.1,116.7,2.93
3432,Maharashtra,Pune,Cotton,2019,22.8,70.0,734.6,114.7,2.63
3433,Tamil Nadu,Thanjavur,Wheat,2019,25.2,70.0,512.6,138.5,4.06
3434,Tamil Nadu,Thanjavur,Rice,2019,18.1,70.0,795.7,125.3,3.65
3435,Tamil Nadu,Thanjavur,Maize,2019,23.1,70.0,595.3,166.6,3.63
3436,Tamil Nadu,Thanjavur,Cotton,2019,37.2,70.0,135.8,15.8,0.19
3437,Andhra Pradesh,Kurnool,Wheat,2019,23.2,70.0,622.1,165.8,4.22
3438,Andhra Pradesh,Kurnool,Rice,2019,21.3,70.0,753.1,117.2,3.27
3439,Andhra Pradesh,Kurnool,Maize,2019,26.9,70.0,516.3,163.8,3.72
3440,Andhra Pradesh,Kurnool,Cotton,2019,36.4,70.0,120.2,18.2,0.1
3441,Punjab,Ludhiana,Wheat,2020,18.7,70.0,901.9,162.9,4.46
3442,Punjab,Ludhiana,Rice,2020,39.8,70.0,108.2,3.1,0.21
3443,Punjab,Ludhiana,Maize,2020,19.9,70.0,710.9,155.6,3.69
3444,Punjab,Ludhiana,Cotton,2020,28.7,70.0,929.1,109.2,2.39
3445,Punjab,Patiala,Wheat,2020,35.5,70.0,128.0,18.4,0.15
3446,Punjab,Patiala,Rice,2020,25.2,70.0,814.7,87.8,3.12
3447,Punjab,Patiala,Maize,2020,28.8,70.0,750.2,120.8,3.24
3448,Punjab,Patiala,Cotton,2020,38.1,70.0,138.3,16.0,0.12
3449,Uttar Pradesh,Kanpur,Wheat,2020,36.8,70.0,110.7,18.3,0.23
3450,Uttar Pradesh,Kanpur,Rice,2020,23.7,70.0,517.2,178.1,4.13
3451,Uttar Pradesh,Kanpur,Maize,2020,36.4,70.0,88.4,14.2,0.27
3452,Uttar Pradesh,Kanpur,Cotton,2020,38.1,70.0,101.0,5.8,0.31
3453,Uttar Pradesh,Varanasi,Wheat,2020,28.8,70.0,650.6,106.3,3.59
3454,Uttar Pradesh,Varanasi,Rice,2020,29.9,70.0,912.7,172.9,3.9
3455,Uttar Pradesh,Varanasi,Maize,2020,26.4,70.0,983.1,129.9,3.27
3456,Uttar Pradesh,Varanasi,Cotton,2020,20.8,70.0,870.7,109.8,2.22
3457,West Bengal,Hooghly,Wheat,2020,23.1,70.0,529.5,138.6,3.72
3458,West Bengal,Hooghly,Rice,2020,36.4,70.0,77.6,15.1,0.42
3459,West Bengal,Hooghly,Maize,2020,25.3,70.0,676.3,139.4,4.05
3460,West Bengal,Hooghly,Cotton,2020,37.6,70.0,66.2,4.8,0.1
3461,West Bengal,Bardhaman,Wheat,2020,20.0,70.0,490.5,183.2,4.11
3462,West Bengal,Bardhaman,Rice,2020,25.8,70.0,515.6,126.4,3.59
3463,West Bengal,Bardhaman,Maize,2020,27.6,70.0,367.5,129.7,2.97
3464,West Bengal,Bardhaman,Cotton,2020,27.8,70.0,433.3,155.2,2.16
3465,Maharashtra,Nashik,Wheat,2020,28.8,70.0,443.1,170.3,4.8
3466,Maharashtra,Nashik,Rice,2020,18.3,70.0,478.0,114.3,3.03
3467,Maharashtra,Nashik,Maize,2020,25.9,70.0,556.3,141.8,3.17
3468,Maharashtra,Nashik,Cotton,2020,24.3,70.0,648.3,85.0,1.87
3469,Maharashtra,Pune,Wheat,2020,21.3,70.0,535.4,218.6,4.63
3470,Maharashtra,Pune,Rice,2020,26.4,70.0,646.2,169.6,3.87
3471,Maharashtra,Pune,Maize,2020,19.7,70.0,950.2,112.3,2.65
3472,Maharashtra,Pune,Cotton,2020,29.3,70.0,674.4,114.7,2.37
3473,Tamil Nadu,Thanjavur,Wheat,2020,27.2,70.0,679.5,122.9,4.04
3474,Tamil Nadu,Thanjavur,Rice,2020,28.8,70.0,300.1,121.1,3.45
3475,Tamil Nadu,Thanjavur,Maize,2020,23.8,70.0,462.0,115.6,3.17
3476,Tamil Nadu,Thanjavur,Cotton,2020,25.9,70.0,808.6,150.2,2.37
3477,Andhra Pradesh,Kurnool,Wheat,2020,21.4,70.0,990.8,128.1,4.04
3478,Andhra Pradesh,Kurnool,Rice,2020,37.4,70.0,82.3,4.4,0.26
3479,Andhra Pradesh,Kurnool,Maize,2020,20.3,70.0,409.4,131.2,3.1
3480,Andhra Pradesh,Kurnool,Cotton,2020,19.2,70.0,743.9,144.7,2.8
3481,Punjab,Ludhiana,Wheat,2021,20.9,70.0,637.5,199.1,4.15
3482,Punjab,Ludhiana,Rice,2021,28.8,70.0,814.8,122.8,3.4
3483,Punjab,Ludhiana,Maize,2021,36.8,70.0,81.8,10.2,0.23
3484,Punjab,Ludhiana,Cotton,2021,18.7,70.0,542.2,89.0,2.14
3485,Punjab,Patiala,Wheat,2021,30.0,70.0,716.9,189.6,4.81
3486,Punjab,Patiala,Rice,2021,29.5,70.0,974.8,130.9,3.76
3487,Punjab,Patiala,Maize,2021,22.3,70.0,363.4,133.6,3.41
3488,Punjab,Patiala,Cotton,2021,18.2,70.0,847.0,88.6,2.31
3489,Uttar Pradesh,Kanpur,Wheat,2021,28.9,70.0,658.6,165.7,3.91
3490,Uttar Pradesh,Kanpur,Rice,2021,22.5,70.0,617.9,127.5,3.75
3491,Uttar Pradesh,Kanpur,Maize,2021,19.1,70.0,435.9,129.6,3.19
3492,Uttar Pradesh,Kanpur,Cotton,2021,24.4,70.0,742.8,100.2,1.85
3493,Uttar Pradesh,Varanasi,Wheat,2021,20.6,70.0,479.6,177.6,4.29
3494,Uttar Pradesh,Varanasi,Rice,2021,28.3,70.0,964.9,143.1,3.15
3495,Uttar Pradesh,Varanasi,Maize,2021,22.6,70.0,984.2,82.9,3.21
3496,Uttar Pradesh,Varanasi,Cotton,2021,21.6,70.0,384.4,125.3,2.63
3497,West Bengal,Hooghly,Wheat,2021,20.8,70.0,579.1,214.2,4.85
3498,West Bengal,Hooghly,Rice,2021,27.9,70.0,798.2,112.8,3.56
3499,West Bengal,Hooghly,Maize,2021,22.3,70.0,753.5,120.5,3.0
3500,West Bengal,Hooghly,Cotton,2021,27.8,70.0,571.0,156.4,2.35
3501,West Bengal,Bardhaman,Wheat,2021,20.9,70.0,599.7,172.4,4.48
3502,West Bengal,Bardhaman,Rice,2021,29.7,70.0,676.7,134.3,3.7
3503,West Bengal,Bardhaman,Maize,2021,22.3,70.0,681.0,109.9,2.96
3504,West Bengal,Bardhaman,Cotton,2021,19.0,70.0,545.2,125.5,2.34
3505,Maharashtra,Nashik,Wheat,2021,26.9,70.0,694.0,176.6,4.36
3506,Maharashtra,Nashik,Rice,2021,28.1,70.0,469.6,148.4,3.92
3507,Maharashtra,Nashik,Maize,2021,25.3,70.0,733.0,115.7,3.23
3508,Maharashtra,Nashik,Cotton,2021,25.3,70.0,616.8,116.5,2.32
3509,Maharashtra,Pune,Wheat,2021,22.0,70.0,550.1,189.5,4.79
3510,Maharashtra,Pune,Rice,2021,28.7,70.0,367.6,167.6,3.83
3511,Maharashtra,Pune,Maize,2021,35.1,70.0,135.6,28.7,1.52
3512,Maharashtra,Pune,Cotton,2021,22.8,70.0,304.2,122.7,2.49
3513,Tamil Nadu,Thanjavur,Wheat,2021,36.6,70.0,147.7,10.7,0.1
3514,Tamil Nadu,Thanjavur,Rice,2021,21.3,70.0,494.9,191.8,4.01
3515,Tamil Nadu,Thanjavur,Maize,2021,29.4,70.0,805.3,107.9,2.97
3516,Tamil Nadu,Thanjavur,Cotton,2021,22.0,70.0,926.5,109.4,1.88
3517,Andhra Pradesh,Kurnool,Wheat,2021,25.2,70.0,693.8,186.1,4.4
3518,Andhra Pradesh,Kurnool,Rice,2021,21.3,70.0,324.7,116.0,3.16
3519,Andhra Pradesh,Kurnool,Maize,2021,23.4,70.0,419.9,121.3,3.12
3520,Andhra Pradesh,Kurnool,Cotton,2021,24.2,70.0,460.9,84.2,1.69
3521,Punjab,Ludhiana,Wheat,2022,37.9,70.0,135.6,18.0,0.17
3522,Punjab,Ludhiana,Rice,2022,25.6,70.0,573.4,159.5,3.8
3523,Punjab,Ludhiana,Maize,2022,22.0,70.0,574.5,141.2,3.21
3524,Punjab,Ludhiana,Cotton,2022,20.2,70.0,613.8,103.5,2.51
3525,Punjab,Patiala,Wheat,2022,23.2,70.0,496.3,178.0,4.24
3526,Punjab,Patiala,Rice,2022,24.5,70.0,746.5,168.8,3.29
3527,Punjab,Patiala,Maize,2022,25.2,70.0,805.8,100.3,3.14
3528,Punjab,Patiala,Cotton,2022,27.6,70.0,598.1,103.9,2.22
3529,Uttar Pradesh,Kanpur,Wheat,2022,19.4,70.0,981.5,110.4,4.12
3530,Uttar Pradesh,Kanpur,Rice,2022,26.4,70.0,719.7,121.8,3.57
3531,Uttar Pradesh,Kanpur,Maize,2022,29.2,70.0,436.4,109.0,3.19
3532,Uttar Pradesh,Kanpur,Cotton,2022,38.3,70.0,110.4,4.5,0.1
3533,Uttar Pradesh,Varanasi,Wheat,2022,28.8,70.0,558.1,159.0,3.7
3534,Uttar Pradesh,Varanasi,Rice,2022,25.1,70.0,471.2,157.8,4.07
3535,Uttar Pradesh,Varanasi,Maize,2022,26.2,70.0,907.3,45.8,2.46
3536,Uttar Pradesh,Varanasi,Cotton,2022,28.0,70.0,651.6,127.0,2.39
3537,West Bengal,Hooghly,Wheat,2022,26.0,70.0,498.4,155.0,4.02
3538,West Bengal,Hooghly,Rice,2022,19.8,70.0,934.6,136.5,4.02
3539,West Bengal,Hooghly,Maize,2022,29.2,70.0,567.0,124.6,3.47
3540,West Bengal,Hooghly,Cotton,2022,29.1,70.0,627.2,56.9,2.29
3541,West Bengal,Bardhaman,Wheat,2022,41.1,70.0,87.2,20.3,0.19
3542,West Bengal,Bardhaman,Rice,2022,23.0,70.0,848.1,142.2,3.74
3543,West Bengal,Bardhaman,Maize,2022,21.2,70.0,409.0,154.6,3.46
3544,West Bengal,Bardhaman,Cotton,2022,41.3,70.0,60.6,27.0,0.79
3545,Maharashtra,Nashik,Wheat,2022,23.5,70.0,955.9,139.4,3.43
3546,Maharashtra,Nashik,Rice,2022,18.9,70.0,695.7,147.8,4.04
3547,Maharashtra,Nashik,Maize,2022,37.8,70.0,59.5,25.0,0.25
3548,Maharashtra,Nashik,Cotton,2022,29.4,70.0,959.4,145.7,2.55
3549,Maharashtra,Pune,Wheat,2022,21.3,70.0,877.0,204.5,4.45
3550,Maharashtra,Pune,Rice,2022,26.9,70.0,793.4,134.9,3.82
3551,Maharashtra,Pune,Maize,2022,24.0,70.0,751.7,134.0,2.75
3552,Maharashtra,Pune,Cotton,2022,39.8,70.0,53.6,29.0,0.1
3553,Tamil Nadu,Thanjavur,Wheat,2022,22.6,70.0,994.7,185.1,4.35
3554,Tamil Nadu,Thanjavur,Rice,2022,18.2,70.0,458.3,109.8,3.3
3555,Tamil Nadu,Thanjavur,Maize,2022,23.7,70.0,662.4,124.6,3.31
3556,Tamil Nadu,Thanjavur,Cotton,2022,36.8,70.0,66.8,28.4,0.1
3557,Andhra Pradesh,Kurnool,Wheat,2022,24.5,70.0,626.2,120.1,3.98
3558,Andhra Pradesh,Kurnool,Rice,2022,18.2,70.0,761.6,203.3,4.05
3559,Andhra Pradesh,Kurnool,Maize,2022,22.2,70.0,679.2,131.6,3.24
3560,Andhra Pradesh,Kurnool,Cotton,2022,23.4,70.0,697.5,92.4,2.61
3561,Punjab,Ludhiana,Wheat,2023,29.3,70.0,767.2,148.1,4.76
3562,Punjab,Ludhiana,Rice,2023,24.3,70.0,719.1,121.1,3.5
3563,Punjab,Ludhiana,Maize,2023,26.4,70.0,516.2,103.9,3.24
3564,Punjab,Ludhiana,Cotton,2023,20.0,70.0,995.6,93.1,2.34
3565,Punjab,Patiala,Wheat,2023,27.6,70.0,442.9,205.0,4.46
3566,Punjab,Patiala,Rice,2023,37.0,70.0,122.2,7.5,0.28
3567,Punjab,Patiala,Maize,2023,41.3,70.0,68.0,29.8,0.14
3568,Punjab,Patiala,Cotton,2023,27.4,70.0,840.3,127.3,2.1
3569,Uttar Pradesh,Kanpur,Wheat,2023,20.5,70.0,765.5,155.6,4.3
3570,Uttar Pradesh,Kanpur,Rice,2023,18.0,70.0,467.6,169.1,4.49
3571,Uttar Pradesh,Kanpur,Maize,2023,25.1,70.0,438.6,134.1,3.86
3572,Uttar Pradesh,Kanpur,Cotton,2023,20.8,70.0,391.3,128.1,2.58
3573,Uttar Pradesh,Varanasi,Wheat,2023,23.1,70.0,936.7,145.7,4.06
3574,Uttar Pradesh,Varanasi,Rice,2023,25.0,70.0,532.0,103.1,3.07
3575,Uttar Pradesh,Varanasi,Maize,2023,24.6,70.0,849.9,151.4,3.74
3576,Uttar Pradesh,Varanasi,Cotton,2023,38.6,70.0,79.6,8.1,0.13
3577,West Bengal,Hooghly,Wheat,2023,26.5,70.0,359.7,156.3,3.98
3578,West Bengal,Hooghly,Rice,2023,20.7,70.0,858.3,143.5,4.11
3579,West Bengal,Hooghly,Maize,2023,36.6,70.0,71.0,16.9,0.1
3580,West Bengal,Hooghly,Cotton,2023,22.9,70.0,391.7,150.9,2.32
3581,West Bengal,Bardhaman,Wheat,2023,25.8,70.0,789.9,170.9,4.11
3582,West Bengal,Bardhaman,Rice,2023,28.3,70.0,800.3,149.5,4.0
3583,West Bengal,Bardhaman,Maize,2023,28.4,70.0,370.7,112.4,3.07
3584,West Bengal,Bardhaman,Cotton,2023,41.5,70.0,125.0,27.1,0.1
3585,Maharashtra,Nashik,Wheat,2023,29.5,70.0,792.2,208.4,4.57
3586,Maharashtra,Nashik,Rice,2023,19.3,70.0,768.8,127.3,3.34
3587,Maharashtra,Nashik,Maize,2023,27.1,70.0,807.6,108.4,2.51
3588,Maharashtra,Nashik,Cotton,2023,27.0,70.0,352.0,96.1,2.31
3589,Maharashtra,Pune,Wheat,2023,22.2,70.0,512.4,102.5,3.73
3590,Maharashtra,Pune,Rice,2023,20.7,70.0,769.0,154.8,4.28
3591,Maharashtra,Pune,Maize,2023,35.4,70.0,100.7,8.4,0.17
3592,Maharashtra,Pune,Cotton,2023,24.2,70.0,384.4,111.4,2.47
3593,Tamil Nadu,Thanjavur,Wheat,2023,25.8,70.0,921.2,166.5,4.26
3594,Tamil Nadu,Thanjavur,Rice,2023,28.9,70.0,901.7,180.8,4.08
3595,Tamil Nadu,Thanjavur,Maize,2023,24.8,70.0,634.8,112.6,3.43
3596,Tamil Nadu,Thanjavur,Cotton,2023,29.1,70.0,446.9,111.2,2.7
3597,Andhra Pradesh,Kurnool,Wheat,2023,24.5,70.0,618.8,174.2,4.45
3598,Andhra Pradesh,Kurnool,Rice,2023,25.0,70.0,393.3,134.9,3.78
3599,Andhra Pradesh,Kurnool,Maize,2023,27.8,70.0,486.9,118.4,3.69
3600,Andhra Pradesh,Kurnool,Cotton,2023,28.8,70.0,442.4,129.7,2.22
3601,Punjab,Ludhiana,Wheat,2019,18.9,70.0,846.3,165.0,4.35
3602,Punjab,Ludhiana,Rice,2019,20.4,70.0,963.0,132.7,3.73
3603,Punjab,Ludhiana,Maize,2019,26.5,70.0,341.0,131.7,3.63
3604,Punjab,Ludhiana,Cotton,2019,22.0,70.0,759.6,152.3,2.76
3605,Punjab,Patiala,Wheat,2019,29.3,70.0,575.6,208.3,4.33
3606,Punjab,Patiala,Rice,2019,26.3,70.0,322.5,127.5,3.29
3607,Punjab,Patiala,Maize,2019,37.4,70.0,108.8,1.2,0.1
3608,Punjab,Patiala,Cotton,2019,21.7,70.0,845.0,75.6,2.21
3609,Uttar Pradesh,Kanpur,Wheat,2019,29.4,70.0,327.5,174.8,4.42
3610,Uttar Pradesh,Kanpur,Rice,2019,26.5,70.0,789.7,139.3,3.61
3611,Uttar Pradesh,Kanpur,Maize,2019,41.3,70.0,143.8,28.8,0.28
3612,Uttar Pradesh,Kanpur,Cotton,2019,22.1,70.0,919.2,103.5,2.67
3613,Uttar Pradesh,Varanasi,Wheat,2019,20.8,70.0,962.0,165.5,4.09
3614,Uttar Pradesh,Varanasi,Rice,2019,38.4,70.0,68.8,16.8,0.29
3615,Uttar Pradesh,Varanasi,Maize,2019,24.5,70.0,496.2,102.2,3.35
3616,Uttar Pradesh,Varanasi,Cotton,2019,18.5,70.0,402.3,159.7,2.74
3617,West Bengal,Hooghly,Wheat,2019,22.9,70.0,400.4,190.1,4.97
3618,West Bengal,Hooghly,Rice,2019,29.1,70.0,465.8,167.0,3.91
3619,West Bengal,Hooghly,Maize,2019,29.3,70.0,885.7,99.3,2.95
3620,West Bengal,Hooghly,Cotton,2019,36.2,70.0,106.6,15.8,0.1
3621,West Bengal,Bardhaman,Wheat,2019,27.4,70.0,666.4,178.1,4.22
3622,West Bengal,Bardhaman,Rice,2019,37.2,70.0,104.1,4.8,0.59
3623,West Bengal,Bardhaman,Maize,2019,36.0,70.0,115.0,8.9,0.36
3624,West Bengal,Bardhaman,Cotton,2019,24.2,70.0,796.5,117.4,2.3
3625,Maharashtra,Nashik,Wheat,2019,27.9,70.0,523.3,194.3,4.73
3626,Maharashtra,Nashik,Rice,2019,19.1,70.0,522.8,158.2,3.54
3627,Maharashtra,Nashik,Maize,2019,28.1,70.0,556.3,168.7,3.63
3628,Maharashtra,Nashik,Cotton,2019,18.5,70.0,377.8,118.8,2.18
3629,Maharashtra,Pune,Wheat,2019,24.2,70.0,727.8,198.0,4.81
3630,Maharashtra,Pune,Rice,2019,29.1,70.0,986.9,90.3,3.24
3631,Maharashtra,Pune,Maize,2019,22.1,70.0,546.9,99.4,3.1
3632,Maharashtra,Pune,Cotton,2019,28.7,70.0,584.8,101.6,2.32
3633,Tamil Nadu,Thanjavur,Wheat,2019,20.6,70.0,539.6,135.8,4.54
3634,Tamil Nadu,Thanjavur,Rice,2019,26.6,70.0,802.8,129.8,3.61
3635,Tamil Nadu,Thanjavur,Maize,2019,26.6,70.0,796.9,140.3,3.19
3636,Tamil Nadu,Thanjavur,Cotton,2019,20.7,70.0,325.5,129.6,2.36
3637,Andhra Pradesh,Kurnool,Wheat,2019,24.3,70.0,913.7,149.8,4.6
3638,Andhra Pradesh,Kurnool,Rice,2019,38.7,70.0,81.9,29.3,0.14
3639,Andhra Pradesh,Kurnool,Maize,2019,28.4,70.0,942.3,153.1,3.46
3640,Andhra Pradesh,Kurnool,Cotton,2019,20.8,70.0,313.5,69.4,2.06
3641,Punjab,Ludhiana,Wheat,2020,38.2,70.0,133.8,21.5,0.26
3642,Punjab,Ludhiana,Rice,2020,21.4,70.0,351.5,133.8,3.48
3643,Punjab,Ludhiana,Maize,2020,18.6,70.0,813.7,99.1,2.46
3644,Punjab,Ludhiana,Cotton,2020,21.1,70.0,382.0,103.7,2.4
3645,Punjab,Patiala,Wheat,2020,18.7,70.0,796.2,159.8,3.86
3646,Punjab,Patiala,Rice,2020,37.6,70.0,120.5,8.6,0.22
3647,Punjab,Patiala,Maize,2020,25.7,70.0,801.1,113.3,2.74
3648,Punjab,Patiala,Cotton,2020,22.7,70.0,949.6,58.9,1.86
3649,Uttar Pradesh,Kanpur,Wheat,2020,19.5,70.0,517.3,170.2,4.43
3650,Uttar Pradesh,Kanpur,Rice,2020,38.4,70.0,122.0,5.1,0.39
3651,Uttar Pradesh,Kanpur,Maize,2020,25.0,70.0,544.3,129.8,3.67
3652,Uttar Pradesh,Kanpur,Cotton,2020,37.8,70.0,112.0,15.8,0.17
3653,Uttar Pradesh,Varanasi,Wheat,2020,40.7,70.0,76.8,5.8,0.1
3654,Uttar Pradesh,Varanasi,Rice,2020,24.8,70.0,935.0,145.1,4.35
3655,Uttar Pradesh,Varanasi,Maize,2020,27.8,70.0,394.9,95.4,3.3
3656,Uttar Pradesh,Varanasi,Cotton,2020,20.7,70.0,541.9,92.6,2.59
3657,West Bengal,Hooghly,Wheat,2020,24.0,70.0,879.3,116.9,4.26
3658,West Bengal,Hooghly,Rice,2020,29.0,70.0,868.0,129.7,4.05
3659,West Bengal,Hooghly,Maize,2020,28.2,70.0,876.0,159.8,3.74
3660,West Bengal,Hooghly,Cotton,2020,21.8,70.0,576.3,120.2,2.46
3661,West Bengal,Bardhaman,Wheat,2020,23.0,70.0,874.3,157.5,3.88
3662,West Bengal,Bardhaman,Rice,2020,28.2,70.0,409.8,140.5,4.16
3663,West Bengal,Bardhaman,Maize,2020,28.5,70.0,934.8,134.0,3.25
3664,West Bengal,Bardhaman,Cotton,2020,19.8,70.0,315.0,105.1,2.11
3665,Maharashtra,Nashik,Wheat,2020,24.9,70.0,786.3,199.3,4.8
3666,Maharashtra,Nashik,Rice,2020,37.3,70.0,52.6,13.2,0.23
3667,Maharashtra,Nashik,Maize,2020,24.2,70.0,999.8,84.4,2.36
3668,Maharashtra,Nashik,Cotton,2020,18.8,70.0,507.8,104.2,2.2
3669,Maharashtra,Pune,Wheat,2020,19.3,70.0,501.7,162.8,4.44
3670,Maharashtra,Pune,Rice,2020,19.8,70.0,926.5,125.0,3.59
3671,Maharashtra,Pune,Maize,2020,25.5,70.0,703.1,141.4,3.41
3672,Maharashtra,Pune,Cotton,2020,28.2,70.0,782.0,130.4,2.82
3673,Tamil Nadu,Thanjavur,Wheat,2020,20.2,70.0,629.6,156.1,3.91
3674,Tamil Nadu,Thanjavur,Rice,2020,26.5,70.0,720.8,132.8,3.9
3675,Tamil Nadu,Thanjavur,Maize,2020,24.3,70.0,537.5,111.0,3.24
3676,Tamil Nadu,Thanjavur,Cotton,2020,25.6,70.0,445.3,93.4,2.22
3677,Andhra Pradesh,Kurnool,Wheat,2020,38.7,70.0,145.2,19.6,0.19
3678,Andhra Pradesh,Kurnool,Rice,2020,29.4,70.0,519.7,141.6,4.06
3679,Andhra Pradesh,Kurnool,Maize,2020,23.5,70.0,878.0,176.1,3.48
3680,Andhra Pradesh,Kurnool,Cotton,2020,21.4,70.0,867.2,106.0,2.27
3681,Punjab,Ludhiana,Wheat,2021,38.3,70.0,84.5,21.0,0.27
3682,Punjab,Ludhiana,Rice,2021,28.6,70.0,946.8,148.8,3.2
3683,Punjab,Ludhiana,Maize,2021,23.8,70.0,550.9,81.7,2.81
3684,Punjab,Ludhiana,Cotton,2021,23.8,70.0,724.7,68.4,2.15
3685,Punjab,Patiala,Wheat,2021,23.7,70.0,467.7,181.4,4.22
3686,Punjab,Patiala,Rice,2021,24.5,70.0,385.9,134.8,3.29
3687,Punjab,Patiala,Maize,2021,41.7,70.0,134.2,7.8,0.17
3688,Punjab,Patiala,Cotton,2021,25.8,70.0,499.0,137.3,2.41
3689,Uttar Pradesh,Kanpur,Wheat,2021,19.9,70.0,385.4,169.1,4.2
3690,Uttar Pradesh,Kanpur,Rice,2021,26.8,70.0,570.9,117.3,2.86
3691,Uttar Pradesh,Kanpur,Maize,2021,37.3,70.0,134.8,0.9,0.23
3692,Uttar Pradesh,Kanpur,Cotton,2021,23.1,70.0,765.7,108.0,2.27
3693,Uttar Pradesh,Varanasi,Wheat,2021,22.1,70.0,535.4,155.9,4.65
3694,Uttar Pradesh,Varanasi,Rice,2021,18.3,70.0,335.1,138.4,3.53
3695,Uttar Pradesh,Varanasi,Maize,2021,29.6,70.0,319.3,94.9,2.95
3696,Uttar Pradesh,Varanasi,Cotton,2021,24.0,70.0,396.5,84.2,2.05
3697,West Bengal,Hooghly,Wheat,2021,18.7,70.0,888.9,184.5,4.47
3698,West Bengal,Hooghly,Rice,2021,22.9,70.0,307.8,129.6,4.0
3699,West Bengal,Hooghly,Maize,2021,23.7,70.0,367.3,123.8,3.3
3700,West Bengal,Hooghly,Cotton,2021,18.1,70.0,661.4,144.4,2.48
3701,West Bengal,Bardhaman,Wheat,2021,24.1,70.0,326.4,166.8,4.11
3702,West Bengal,Bardhaman,Rice,2021,39.2,70.0,74.0,9.1,0.1
3703,West Bengal,Bardhaman,Maize,2021,27.4,70.0,531.2,73.5,3.05
3704,West Bengal,Bardhaman,Cotton,2021,37.6,70.0,57.4,26.0,0.21
3705,Maharashtra,Nashik,Wheat,2021,22.0,70.0,657.6,190.3,4.2
3706,Maharashtra,Nashik,Rice,2021,26.4,70.0,503.9,108.6,3.44
3707,Maharashtra,Nashik,Maize,2021,24.2,70.0,734.1,132.0,3.38
3708,Maharashtra,Nashik,Cotton,2021,26.0,70.0,970.3,89.1,2.12
3709,Maharashtra,Pune,Wheat,2021,22.6,70.0,477.6,145.9,4.38
3710,Maharashtra,Pune,Rice,2021,22.9,70.0,923.5,109.5,3.57
3711,Maharashtra,Pune,Maize,2021,25.3,70.0,473.9,182.4,3.46
3712,Maharashtra,Pune,Cotton,2021,28.0,70.0,393.8,100.9,2.49
3713,Tamil Nadu,Thanjavur,Wheat,2021,22.8,70.0,513.6,190.6,4.36
3714,Tamil Nadu,Thanjavur,Rice,2021,18.2,70.0,933.7,126.0,4.04
3715,Tamil Nadu,Thanjavur,Maize,2021,20.3,70.0,473.8,113.6,3.34
3716,Tamil Nadu,Thanjavur,Cotton,2021,21.5,70.0,618.1,137.0,2.55
3717,Andhra Pradesh,Kurnool,Wheat,2021,22.3,70.0,993.8,142.6,3.85
3718,Andhra Pradesh,Kurnool,Rice,2021,20.9,70.0,459.3,126.2,3.69
3719,Andhra Pradesh,Kurnool,Maize,2021,37.1,70.0,106.3,13.1,0.17
3720,Andhra Pradesh,Kurnool,Cotton,2021,19.8,70.0,508.0,64.6,1.9
3721,Punjab,Ludhiana,Wheat,2022,21.9,70.0,826.1,226.7,4.42
3722,Punjab,Ludhiana,Rice,2022,29.6,70.0,701.3,177.8,3.75
3723,Punjab,Ludhiana,Maize,2022,39.5,70.0,117.0,25.2,0.25
3724,Punjab,Ludhiana,Cotton,2022,25.0,70.0,411.2,142.6,2.66
3725,Punjab,Patiala,Wheat,2022,18.0,70.0,360.6,103.2,4.06
3726,Punjab,Patiala,Rice,2022,23.5,70.0,832.6,161.0,3.39
3727,Punjab,Patiala,Maize,2022,22.9,70.0,837.3,77.5,2.86
3728,Punjab,Patiala,Cotton,2022,22.7,70.0,378.6,72.5,2.1
3729,Uttar Pradesh,Kanpur,Wheat,2022,20.0,70.0,441.9,193.5,4.61
3730,Uttar Pradesh,Kanpur,Rice,2022,21.5,70.0,649.1,117.3,3.78
3731,Uttar Pradesh,Kanpur,Maize,2022,19.0,70.0,439.2,101.9,3.16
3732,Uttar Pradesh,Kanpur,Cotton,2022,22.4,70.0,638.4,169.5,2.66
3733,Uttar Pradesh,Varanasi,Wheat,2022,24.6,70.0,876.3,174.2,4.56
3734,Uttar Pradesh,Varanasi,Rice,2022,18.4,70.0,322.5,139.8,3.18
3735,Uttar Pradesh,Varanasi,Maize,2022,19.4,70.0,731.5,154.0,3.8
3736,Uttar Pradesh,Varanasi,Cotton,2022,25.3,70.0,874.3,98.5,2.04
3737,West Bengal,Hooghly,Wheat,2022,21.7,70.0,751.0,187.4,4.25
3738,West Bengal,Hooghly,Rice,2022,25.9,70.0,865.2,161.4,4.35
3739,West Bengal,Hooghly,Maize,2022,27.7,70.0,680.0,119.7,3.25
3740,West Bengal,Hooghly,Cotton,2022,27.7,70.0,636.4,125.0,2.49
3741,West Bengal,Bardhaman,Wheat,2022,37.7,70.0,93.3,18.1,0.21
3742,West Bengal,Bardhaman,Rice,2022,39.4,70.0,58.1,24.9,0.38
3743,West Bengal,Bardhaman,Maize,2022,24.6,70.0,713.0,108.9,3.44
3744,West Bengal,Bardhaman,Cotton,2022,28.6,70.0,735.5,124.3,2.41
3745,Maharashtra,Nashik,Wheat,2022,20.6,70.0,358.3,179.1,4.36
3746,Maharashtra,Nashik,Rice,2022,23.0,70.0,577.0,169.5,4.07
3747,Maharashtra,Nashik,Maize,2022,20.5,70.0,519.3,154.1,3.6
3748,Maharashtra,Nashik,Cotton,2022,28.0,70.0,315.7,105.1,2.02
3749,Maharashtra,Pune,Wheat,2022,22.3,70.0,810.2,185.8,4.58
3750,Maharashtra,Pune,Rice,2022,26.6,70.0,639.2,153.4,3.22
3751,Maharashtra,Pune,Maize,2022,27.9,70.0,768.0,77.6,2.93
3752,Maharashtra,Pune,Cotton,2022,25.5,70.0,360.9,104.1,2.18
3753,Tamil Nadu,Thanjavur,Wheat,2022,36.7,70.0,112.9,6.4,0.21
3754,Tamil Nadu,Thanjavur,Rice,2022,20.2,70.0,533.2,75.2,2.86
3755,Tamil Nadu,Thanjavur,Maize,2022,25.4,70.0,886.4,114.4,3.13
3756,Tamil Nadu,Thanjavur,Cotton,2022,20.7,70.0,561.8,119.8,2.84
3757,Andhra Pradesh,Kurnool,Wheat,2022,25.7,70.0,769.3,194.5,4.63
3758,Andhra Pradesh,Kurnool,Rice,2022,22.7,70.0,933.7,144.0,3.55
3759,Andhra Pradesh,Kurnool,Maize,2022,22.6,70.0,615.5,110.4,3.34
3760,Andhra Pradesh,Kurnool,Cotton,2022,20.6,70.0,371.1,119.6,2.4
3761,Punjab,Ludhiana,Wheat,2023,21.4,70.0,324.8,143.4,4.33
3762,Punjab,Ludhiana,Rice,2023,25.9,70.0,464.6,143.1,3.51
3763,Punjab,Ludhiana,Maize,2023,22.8,70.0,608.5,100.8,2.62
3764,Punjab,Ludhiana,Cotton,2023,29.3,70.0,577.0,122.2,2.25
3765,Punjab,Patiala,Wheat,2023,23.3,70.0,785.3,211.4,5.11
3766,Punjab,Patiala,Rice,2023,27.0,70.0,607.8,162.3,3.64
3767,Punjab,Patiala,Maize,2023,18.0,70.0,785.8,131.5,2.9
3768,Punjab,Patiala,Cotton,2023,18.4,70.0,574.5,69.2,2.25
3769,Uttar Pradesh,Kanpur,Wheat,2023,23.4,70.0,729.7,164.8,4.1
3770,Uttar Pradesh,Kanpur,Rice,2023,18.7,70.0,953.4,136.3,4.07
3771,Uttar Pradesh,Kanpur,Maize,2023,19.3,70.0,413.3,156.9,2.62
3772,Uttar Pradesh,Kanpur,Cotton,2023,28.8,70.0,368.2,110.5,2.83
3773,Uttar Pradesh,Varanasi,Wheat,2023,26.6,70.0,361.6,163.7,4.47
3774,Uttar Pradesh,Varanasi,Rice,2023,29.5,70.0,518.6,154.8,4.24
3775,Uttar Pradesh,Varanasi,Maize,2023,39.2,70.0,57.0,2.3,0.31
3776,Uttar Pradesh,Varanasi,Cotton,2023,19.2,70.0,973.4,91.9,2.51
3777,West Bengal,Hooghly,Wheat,2023,26.2,70.0,668.9,151.4,4.19
3778,West Bengal,Hooghly,Rice,2023,20.5,70.0,673.6,133.5,4.0
3779,West Bengal,Hooghly,Maize,2023,26.3,70.0,910.8,130.7,3.02
3780,West Bengal,Hooghly,Cotton,2023,24.6,70.0,725.8,103.5,1.77
3781,West Bengal,Bardhaman,Wheat,2023,20.5,70.0,375.5,144.9,4.07
3782,West Bengal,Bardhaman,Rice,2023,24.8,70.0,427.5,138.8,3.7
3783,West Bengal,Bardhaman,Maize,2023,38.9,70.0,143.7,10.5,0.32
3784,West Bengal,Bardhaman,Cotton,2023,23.3,70.0,382.4,111.2,2.61
3785,Maharashtra,Nashik,Wheat,2023,28.8,70.0,497.3,154.9,4.33
3786,Maharashtra,Nashik,Rice,2023,24.1,70.0,964.5,110.1,3.19
3787,Maharashtra,Nashik,Maize,2023,25.3,70.0,657.0,167.1,3.43
3788,Maharashtra,Nashik,Cotton,2023,18.4,70.0,505.2,89.5,2.37
3789,Maharashtra,Pune,Wheat,2023,21.3,70.0,957.0,150.6,4.28
3790,Maharashtra,Pune,Rice,2023,25.9,70.0,912.3,178.9,3.62
3791,Maharashtra,Pune,Maize,2023,23.0,70.0,586.8,168.5,3.39
3792,Maharashtra,Pune,Cotton,2023,28.8,70.0,963.2,106.5,2.34
3793,Tamil Nadu,Thanjavur,Wheat,2023,22.3,70.0,767.4,129.9,4.04
3794,Tamil Nadu,Thanjavur,Rice,2023,28.8,70.0,341.9,150.1,4.2
3795,Tamil Nadu,Thanjavur,Maize,2023,23.6,70.0,583.4,116.7,3.19
3796,Tamil Nadu,Thanjavur,Cotton,2023,27.6,70.0,778.5,105.6,2.06
3797,Andhra Pradesh,Kurnool,Wheat,2023,28.7,70.0,970.7,145.3,3.66
3798,Andhra Pradesh,Kurnool,Rice,2023,23.7,70.0,339.3,120.2,3.82
3799,Andhra Pradesh,Kurnool,Maize,2023,18.3,70.0,853.8,103.6,3.34
3800,Andhra Pradesh,Kurnool,Cotton,2023,20.4,70.0,635.5,85.9,2.49
3801,Punjab,Ludhiana,Wheat,2019,18.5,70.0,521.3,175.3,4.22
3802,Punjab,Ludhiana,Rice,2019,27.5,70.0,645.2,143.1,4.12
3803,Punjab,Ludhiana,Maize,2019,25.8,70.0,771.9,104.5,3.04
3804,Punjab,Ludhiana,Cotton,2019,24.7,70.0,757.4,77.6,2.32
3805,Punjab,Patiala,Wheat,2019,35.1,70.0,91.5,19.8,0.13
3806,Punjab,Patiala,Rice,2019,20.9,70.0,686.9,136.9,3.65
3807,Punjab,Patiala,Maize,2019,18.3,70.0,749.5,160.1,3.73
3808,Punjab,Patiala,Cotton,2019,37.5,70.0,110.6,29.7,0.1
3809,Uttar Pradesh,Kanpur,Wheat,2019,26.5,70.0,500.3,169.1,4.64
3810,Uttar Pradesh,Kanpur,Rice,2019,18.6,70.0,352.4,130.4,3.4
3811,Uttar Pradesh,Kanpur,Maize,2019,40.3,70.0,118.8,19.4,0.23
3812,Uttar Pradesh,Kanpur,Cotton,2019,18.7,70.0,699.6,102.5,2.07
3813,Uttar Pradesh,Varanasi,Wheat,2019,21.5,70.0,570.6,163.4,4.51
3814,Uttar Pradesh,Varanasi,Rice,2019,38.5,70.0,105.2,28.3,1.35
3815,Uttar Pradesh,Varanasi,Maize,2019,22.9,70.0,351.2,107.5,3.25
3816,Uttar Pradesh,Varanasi,Cotton,2019,22.2,70.0,302.1,100.2,2.17
3817,West Bengal,Hooghly,Wheat,2019,37.3,70.0,50.3,24.4,0.29
3818,West Bengal,Hooghly,Rice,2019,19.8,70.0,315.1,156.5,4.26
3819,West Bengal,Hooghly,Maize,2019,40.4,70.0,116.4,12.7,0.25
3820,West Bengal,Hooghly,Cotton,2019,28.6,70.0,417.0,150.2,2.27
3821,West Bengal,Bardhaman,Wheat,2019,26.1,70.0,743.5,173.3,4.09
3822,West Bengal,Bardhaman,Rice,2019,40.9,70.0,131.9,14.8,0.1
3823,West Bengal,Bardhaman,Maize,2019,18.7,70.0,337.1,139.2,3.42
3824,West Bengal,Bardhaman,Cotton,2019,20.4,70.0,523.8,151.9,2.28
3825,Maharashtra,Nashik,Wheat,2019,27.0,70.0,636.7,149.6,3.66
3826,Maharashtra,Nashik,Rice,2019,24.2,70.0,827.7,153.1,3.78
3827,Maharashtra,Nashik,Maize,2019,23.6,70.0,447.8,136.5,3.31
3828,Maharashtra,Nashik,Cotton,2019,23.2,70.0,750.4,107.6,2.75
3829,Maharashtra,Pune,Wheat,2019,22.3,70.0,926.7,155.2,4.63
3830,Maharashtra,Pune,Rice,2019,19.5,70.0,718.6,112.9,3.19
3831,Maharashtra,Pune,Maize,2019,29.5,70.0,850.1,147.8,3.59
3832,Maharashtra,Pune,Cotton,2019,39.6,70.0,97.1,18.7,0.1
3833,Tamil Nadu,Thanjavur,Wheat,2019,19.7,70.0,374.6,176.1,4.15
3834,Tamil Nadu,Thanjavur,Rice,2019,22.2,70.0,994.2,123.3,3.47
3835,Tamil Nadu,Thanjavur,Maize,2019,35.5,70.0,85.6,6.1,0.34
3836,Tamil Nadu,Thanjavur,Cotton,2019,22.2,70.0,792.1,87.5,2.16
3837,Andhra Pradesh,Kurnool,Wheat,2019,24.9,70.0,351.2,150.0,3.52
3838,Andhra Pradesh,Kurnool,Rice,2019,24.3,70.0,729.1,168.4,3.86
3839,Andhra Pradesh,Kurnool,Maize,2019,21.1,70.0,341.5,98.3,3.44
3840,Andhra Pradesh,Kurnool,Cotton,2019,28.6,70.0,346.1,93.6,2.38
3841,Punjab,Ludhiana,Wheat,2020,21.2,70.0,499.0,203.9,4.49
3842,Punjab,Ludhiana,Rice,2020,21.2,70.0,881.2,154.2,3.63
3843,Punjab,Ludhiana,Maize,2020,25.0,70.0,694.0,102.0,3.27
3844,Punjab,Ludhiana,Cotton,2020,26.1,70.0,749.8,117.6,2.45
3845,Punjab,Patiala,Wheat,2020,25.5,70.0,596.2,193.4,4.63
3846,Punjab,Patiala,Rice,2020,28.1,70.0,397.2,123.0,3.68
3847,Punjab,Patiala,Maize,2020,18.6,70.0,694.8,125.7,3.51
3848,Punjab,Patiala,Cotton,2020,26.1,70.0,394.0,98.5,2.48
3849,Uttar Pradesh,Kanpur,Wheat,2020,25.4,70.0,780.1,180.5,4.4
3850,Uttar Pradesh,Kanpur,Rice,2020,29.3,70.0,336.0,130.2,4.15
3851,Uttar Pradesh,Kanpur,Maize,2020,20.2,70.0,825.7,122.1,3.28
3852,Uttar Pradesh,Kanpur,Cotton,2020,25.4,70.0,454.1,87.3,1.98
3853,Uttar Pradesh,Varanasi,Wheat,2020,21.6,70.0,936.5,201.9,4.67
3854,Uttar Pradesh,Varanasi,Rice,2020,26.9,70.0,816.9,155.4,3.96
3855,Uttar Pradesh,Varanasi,Maize,2020,27.0,70.0,902.2,122.2,3.59
3856,Uttar Pradesh,Varanasi,Cotton,2020,21.4,70.0,775.2,73.0,1.94
3857,West Bengal,Hooghly,Wheat,2020,22.8,70.0,484.0,116.0,3.79
3858,West Bengal,Hooghly,Rice,2020,24.1,70.0,620.0,149.0,3.77
3859,West Bengal,Hooghly,Maize,2020,22.7,70.0,557.0,106.5,3.16
3860,West Bengal,Hooghly,Cotton,2020,21.9,70.0,570.2,95.1,2.15
3861,West Bengal,Bardhaman,Wheat,2020,19.6,70.0,793.9,154.7,4.18
3862,West Bengal,Bardhaman,Rice,2020,27.6,70.0,632.6,108.4,3.7
3863,West Bengal,Bardhaman,Maize,2020,21.4,70.0,470.1,122.7,3.44
3864,West Bengal,Bardhaman,Cotton,2020,20.1,70.0,592.6,117.5,2.41
3865,Maharashtra,Nashik,Wheat,2020,22.1,70.0,753.9,172.7,3.58
3866,Maharashtra,Nashik,Rice,2020,26.9,70.0,923.9,137.9,3.18
3867,Maharashtra,Nashik,Maize,2020,25.9,70.0,948.0,108.9,2.99
3868,Maharashtra,Nashik,Cotton,2020,22.2,70.0,525.1,95.2,2.37
3869,Maharashtra,Pune,Wheat,2020,18.6,70.0,740.6,184.0,4.32
3870,Maharashtra,Pune,Rice,2020,37.7,70.0,85.5,29.9,0.16
3871,Maharashtra,Pune,Maize,2020,40.2,70.0,135.7,11.6,0.23
3872,Maharashtra,Pune,Cotton,2020,19.9,70.0,843.9,63.9,2.08
3873,Tamil Nadu,Thanjavur,Wheat,2020,20.6,70.0,975.1,175.1,3.98
3874,Tamil Nadu,Thanjavur,Rice,2020,29.4,70.0,926.9,140.0,4.06
3875,Tamil Nadu,Thanjavur,Maize,2020,26.1,70.0,600.6,148.6,3.6
3876,Tamil Nadu,Thanjavur,Cotton,2020,29.7,70.0,363.3,120.0,2.6
3877,Andhra Pradesh,Kurnool,Wheat,2020,37.3,70.0,82.8,15.4,0.1
3878,Andhra Pradesh,Kurnool,Rice,2020,26.7,70.0,318.9,149.5,3.9
3879,Andhra Pradesh,Kurnool,Maize,2020,27.8,70.0,342.4,121.0,3.18
3880,Andhra Pradesh,Kurnool,Cotton,2020,37.6,70.0,64.3,3.5,0.13
3881,Punjab,Ludhiana,Wheat,2021,29.1,70.0,862.9,163.6,4.53
3882,Punjab,Ludhiana,Rice,2021,27.1,70.0,440.4,175.4,3.67
3883,Punjab,Ludhiana,Maize,2021,18.6,70.0,381.3,132.7,3.71
3884,Punjab,Ludhiana,Cotton,2021,35.6,70.0,117.9,5.7,0.16
3885,Punjab,Patiala,Wheat,2021,27.0,70.0,530.8,150.6,3.84
3886,Punjab,Patiala,Rice,2021,35.9,70.0,68.3,24.7,0.35
3887,Punjab,Patiala,Maize,2021,21.6,70.0,803.5,89.7,3.38
3888,Punjab,Patiala,Cotton,2021,27.7,70.0,435.5,102.3,2.23
3889,Uttar Pradesh,Kanpur,Wheat,2021,19.9,70.0,966.9,191.6,4.35
3890,Uttar Pradesh,Kanpur,Rice,2021,23.9,70.0,958.9,138.5,3.68
3891,Uttar Pradesh,Kanpur,Maize,2021,27.6,70.0,367.1,125.7,2.72
3892,Uttar Pradesh,Kanpur,Cotton,2021,41.2,70.0,113.2,5.8,0.3
3893,Uttar Pradesh,Varanasi,Wheat,2021,28.9,70.0,601.8,182.5,4.78
3894,Uttar Pradesh,Varanasi,Rice,2021,24.8,70.0,583.7,152.9,4.37
3895,Uttar Pradesh,Varanasi,Maize,2021,23.8,70.0,348.9,134.4,3.5
3896,Uttar Pradesh,Varanasi,Cotton,2021,18.6,70.0,678.1,127.0,2.77
3897,West Bengal,Hooghly,Wheat,2021,26.1,70.0,369.1,178.9,4.42
3898,West Bengal,Hooghly,Rice,2021,23.4,70.0,396.9,163.1,3.74
3899,West Bengal,Hooghly,Maize,2021,20.9,70.0,653.7,96.0,2.56
3900,West Bengal,Hooghly,Cotton,2021,25.3,70.0,322.2,112.3,2.43
3901,West Bengal,Bardhaman,Wheat,2021,22.5,70.0,879.4,190.2,4.19
3902,West Bengal,Bardhaman,Rice,2021,21.8,70.0,454.2,154.9,3.66
3903,West Bengal,Bardhaman,Maize,2021,21.1,70.0,668.4,74.8,2.74
3904,West Bengal,Bardhaman,Cotton,2021,29.8,70.0,750.4,132.8,2.43
3905,Maharashtra,Nashik,Wheat,2021,19.0,70.0,517.9,168.1,3.5
3906,Maharashtra,Nashik,Rice,2021,21.5,70.0,657.4,183.2,3.67
3907,Maharashtra,Nashik,Maize,2021,23.8,70.0,773.6,205.6,3.28
3908,Maharashtra,Nashik,Cotton,2021,19.9,70.0,311.8,78.9,2.1
3909,Maharashtra,Pune,Wheat,2021,28.4,70.0,594.3,169.2,4.34
3910,Maharashtra,Pune,Rice,2021,20.0,70.0,383.5,157.1,3.98
3911,Maharashtra,Pune,Maize,2021,24.6,70.0,928.0,98.9,2.79
3912,Maharashtra,Pune,Cotton,2021,26.0,70.0,950.9,147.2,2.61
3913,Tamil Nadu,Thanjavur,Wheat,2021,39.0,70.0,110.0,6.9,0.1
3914,Tamil Nadu,Thanjavur,Rice,2021,28.6,70.0,803.8,137.4,3.52
3915,Tamil Nadu,Thanjavur,Maize,2021,27.4,70.0,375.4,121.7,3.67
3916,Tamil Nadu,Thanjavur,Cotton,2021,42.0,70.0,71.4,9.8,0.1
3917,Andhra Pradesh,Kurnool,Wheat,2021,23.3,70.0,987.0,142.7,4.39
3918,Andhra Pradesh,Kurnool,Rice,2021,24.0,70.0,404.5,109.6,3.5
3919,Andhra Pradesh,Kurnool,Maize,2021,21.9,70.0,524.1,111.9,3.42
3920,Andhra Pradesh,Kurnool,Cotton,2021,40.3,70.0,118.3,5.0,0.16
3921,Punjab,Ludhiana,Wheat,2022,24.5,70.0,608.1,190.4,4.79
3922,Punjab,Ludhiana,Rice,2022,18.2,70.0,840.4,145.1,3.49
3923,Punjab,Ludhiana,Maize,2022,29.4,70.0,680.0,91.6,2.62
3924,Punjab,Ludhiana,Cotton,2022,25.3,70.0,563.4,77.7,2.42
3925,Punjab,Patiala,Wheat,2022,20.5,70.0,746.9,134.2,3.75
3926,Punjab,Patiala,Rice,2022,19.1,70.0,938.2,148.0,3.93
3927,Punjab,Patiala,Maize,2022,27.4,70.0,816.2,143.4,3.56
3928,Punjab,Patiala,Cotton,2022,29.5,70.0,602.8,100.4,2.08
3929,Uttar Pradesh,Kanpur,Wheat,2022,27.4,70.0,673.9,165.9,4.68
3930,Uttar Pradesh,Kanpur,Rice,2022,19.8,70.0,851.4,178.2,3.89
3931,Uttar Pradesh,Kanpur,Maize,2022,18.6,70.0,518.8,107.7,3.26
3932,Uttar Pradesh,Kanpur,Cotton,2022,23.1,70.0,765.5,112.7,2.23
3933,Uttar Pradesh,Varanasi,Wheat,2022,20.3,70.0,918.7,145.1,4.31
3934,Uttar Pradesh,Varanasi,Rice,2022,19.4,70.0,745.1,198.9,4.02
3935,Uttar Pradesh,Varanasi,Maize,2022,20.6,70.0,752.6,185.7,3.35
3936,Uttar Pradesh,Varanasi,Cotton,2022,36.5,70.0,81.6,8.8,0.1
3937,West Bengal,Hooghly,Wheat,2022,21.7,70.0,471.4,163.8,4.44
3938,West Bengal,Hooghly,Rice,2022,22.4,70.0,598.0,135.0,3.87
3939,West Bengal,Hooghly,Maize,2022,26.9,70.0,666.4,64.2,2.71
3940,West Bengal,Hooghly,Cotton,2022,23.3,70.0,688.9,113.4,2.13
3941,West Bengal,Bardhaman,Wheat,2022,29.4,70.0,575.4,155.5,4.05
3942,West Bengal,Bardhaman,Rice,2022,19.1,70.0,763.4,105.1,3.78
3943,West Bengal,Bardhaman,Maize,2022,39.6,70.0,129.6,14.9,0.11
3944,West Bengal,Bardhaman,Cotton,2022,25.5,70.0,458.9,142.9,2.27
3945,Maharashtra,Nashik,Wheat,2022,18.0,70.0,968.9,130.7,3.78
3946,Maharashtra,Nashik,Rice,2022,23.5,70.0,526.2,139.4,3.17
3947,Maharashtra,Nashik,Maize,2022,18.5,70.0,428.5,110.6,3.09
3948,Maharashtra,Nashik,Cotton,2022,20.0,70.0,924.5,119.0,2.52
3949,Maharashtra,Pune,Wheat,2022,18.1,70.0,740.2,208.4,4.32
3950,Maharashtra,Pune,Rice,2022,20.6,70.0,459.2,191.4,3.61
3951,Maharashtra,Pune,Maize,2022,24.7,70.0,655.7,110.3,2.9
3952,Maharashtra,Pune,Cotton,2022,26.7,70.0,586.2,138.3,2.59
3953,Tamil Nadu,Thanjavur,Wheat,2022,38.4,70.0,90.4,8.1,0.15
3954,Tamil Nadu,Thanjavur,Rice,2022,39.3,70.0,70.8,15.7,0.14
3955,Tamil Nadu,Thanjavur,Maize,2022,22.1,70.0,702.8,108.8,3.49
3956,Tamil Nadu,Thanjavur,Cotton,2022,23.9,70.0,836.5,124.3,2.37
3957,Andhra Pradesh,Kurnool,Wheat,2022,27.1,70.0,755.2,201.1,4.17
3958,Andhra Pradesh,Kurnool,Rice,2022,25.0,70.0,572.2,94.3,3.16
3959,Andhra Pradesh,Kurnool,Maize,2022,18.7,70.0,686.1,145.2,3.17
3960,Andhra Pradesh,Kurnool,Cotton,2022,27.0,70.0,839.0,169.5,2.83
3961,Punjab,Ludhiana,Wheat,2023,28.8,70.0,301.0,122.1,3.55
3962,Punjab,Ludhiana,Rice,2023,19.1,70.0,847.4,137.5,3.32
3963,Punjab,Ludhiana,Maize,2023,36.4,70.0,83.5,14.6,0.15
3964,Punjab,Ludhiana,Cotton,2023,27.8,70.0,376.8,129.6,2.67
3965,Punjab,Patiala,Wheat,2023,26.1,70.0,406.2,139.5,4.0
3966,Punjab,Patiala,Rice,2023,19.5,70.0,484.1,155.1,3.96
3967,Punjab,Patiala,Maize,2023,22.5,70.0,952.7,95.8,2.5
3968,Punjab,Patiala,Cotton,2023,41.3,70.0,74.8,18.6,0.1
3969,Uttar Pradesh,Kanpur,Wheat,2023,22.3,70.0,331.5,137.0,3.89
3970,Uttar Pradesh,Kanpur,Rice,2023,22.8,70.0,938.2,156.5,3.87
3971,Uttar Pradesh,Kanpur,Maize,2023,20.8,70.0,782.8,160.3,3.31
3972,Uttar Pradesh,Kanpur,Cotton,2023,20.3,70.0,687.5,97.7,2.53
3973,Uttar Pradesh,Varanasi,Wheat,2023,29.5,70.0,570.4,149.1,4.49
3974,Uttar Pradesh,Varanasi,Rice,2023,19.9,70.0,580.8,125.3,3.86
3975,Uttar Pradesh,Varanasi,Maize,2023,24.9,70.0,941.3,196.6,3.75
3976,Uttar Pradesh,Varanasi,Cotton,2023,25.4,70.0,855.9,72.9,1.9
3977,West Bengal,Hooghly,Wheat,2023,41.9,70.0,142.9,17.3,0.15
3978,West Bengal,Hooghly,Rice,2023,27.2,70.0,355.9,189.2,4.36
3979,West Bengal,Hooghly,Maize,2023,21.5,70.0,326.8,156.7,3.66
3980,West Bengal,Hooghly,Cotton,2023,26.2,70.0,681.8,133.4,2.55
3981,West Bengal,Bardhaman,Wheat,2023,41.9,70.0,142.6,0.8,0.19
3982,West Bengal,Bardhaman,Rice,2023,18.6,70.0,312.8,106.9,3.71
3983,West Bengal,Bardhaman,Maize,2023,26.0,70.0,882.4,132.7,3.04
3984,West Bengal,Bardhaman,Cotton,2023,23.9,70.0,427.0,92.3,2.28
3985,Maharashtra,Nashik,Wheat,2023,22.8,70.0,834.9,166.0,3.81
3986,Maharashtra,Nashik,Rice,2023,21.2,70.0,895.7,158.2,3.8
3987,Maharashtra,Nashik,Maize,2023,24.2,70.0,428.8,124.4,3.47
3988,Maharashtra,Nashik,Cotton,2023,20.0,70.0,537.1,87.1,2.12
3989,Maharashtra,Pune,Wheat,2023,23.1,70.0,955.9,140.1,4.46
3990,Maharashtra,Pune,Rice,2023,39.3,70.0,59.3,10.1,0.38
3991,Maharashtra,Pune,Maize,2023,24.5,70.0,594.6,161.7,3.48
3992,Maharashtra,Pune,Cotton,2023,39.8,70.0,116.6,4.1,0.16
3993,Tamil Nadu,Thanjavur,Wheat,2023,21.8,70.0,683.7,178.3,4.14
3994,Tamil Nadu,Thanjavur,Rice,2023,20.5,70.0,818.8,149.0,3.72
3995,Tamil Nadu,Thanjavur,Maize,2023,28.6,70.0,379.6,135.9,3.85
3996,Tamil Nadu,Thanjavur,Cotton,2023,28.1,70.0,645.1,89.5,2.19
3997,Andhra Pradesh,Kurnool,Wheat,2023,19.9,70.0,594.5,194.2,5.04
3998,Andhra Pradesh,Kurnool,Rice,2023,24.5,70.0,861.9,154.9,3.92
3999,Andhra Pradesh,Kurnool,Maize,2023,18.6,70.0,933.9,117.3,2.93
4000,Andhra Pradesh,Kurnool,Cotton,2023,26.4,70.0,815.4,79.8,2.23
4001,Punjab,Ludhiana,Wheat,2019,24.4,70.0,938.4,191.5,4.36
4002,Punjab,Ludhiana,Rice,2019,20.2,70.0,896.0,92.8,3.51
4003,Punjab,Ludhiana,Maize,2019,37.8,70.0,63.0,23.6,0.28
4004,Punjab,Ludhiana,Cotton,2019,29.5,70.0,768.3,95.4,2.45
4005,Punjab,Patiala,Wheat,2019,19.2,70.0,683.9,190.3,4.29
4006,Punjab,Patiala,Rice,2019,27.8,70.0,613.0,135.0,3.55
4007,Punjab,Patiala,Maize,2019,36.6,70.0,99.9,26.3,0.11
4008,Punjab,Patiala,Cotton,2019,24.0,70.0,325.5,124.3,2.42
4009,Uttar Pradesh,Kanpur,Wheat,2019,19.7,70.0,575.6,149.5,3.75
4010,Uttar Pradesh,Kanpur,Rice,2019,18.5,70.0,577.5,133.8,3.2
4011,Uttar Pradesh,Kanpur,Maize,2019,26.1,70.0,721.2,116.8,3.7
4012,Uttar Pradesh,Kanpur,Cotton,2019,25.5,70.0,974.6,97.0,2.48
4013,Uttar Pradesh,Varanasi,Wheat,2019,38.6,70.0,112.4,6.9,0.37
4014,Uttar Pradesh,Varanasi,Rice,2019,36.6,70.0,75.3,14.0,0.18
4015,Uttar Pradesh,Varanasi,Maize,2019,39.0,70.0,85.7,25.9,0.3
4016,Uttar Pradesh,Varanasi,Cotton,2019,25.0,70.0,624.9,134.1,2.4
4017,West Bengal,Hooghly,Wheat,2019,22.1,70.0,414.3,167.0,4.51
4018,West Bengal,Hooghly,Rice,2019,29.9,70.0,730.3,151.1,4.09
4019,West Bengal,Hooghly,Maize,2019,21.5,70.0,337.0,118.8,2.84
4020,West Bengal,Hooghly,Cotton,2019,19.6,70.0,969.6,116.9,2.44
4021,West Bengal,Bardhaman,Wheat,2019,23.0,70.0,733.7,187.6,4.25
4022,West Bengal,Bardhaman,Rice,2019,29.6,70.0,801.9,165.7,4.43
4023,West Bengal,Bardhaman,Maize,2019,28.5,70.0,839.7,111.0,2.89
4024,West Bengal,Bardhaman,Cotton,2019,23.3,70.0,314.2,52.3,1.63
4025,Maharashtra,Nashik,Wheat,2019,24.6,70.0,993.6,173.7,4.04
4026,Maharashtra,Nashik,Rice,2019,28.2,70.0,303.2,165.4,3.44
4027,Maharashtra,Nashik,Maize,2019,36.4,70.0,120.6,4.3,0.35
4028,Maharashtra,Nashik,Cotton,2019,28.6,70.0,768.6,142.0,2.2
4029,Maharashtra,Pune,Wheat,2019,23.1,70.0,382.4,128.4,4.21
4030,Maharashtra,Pune,Rice,2019,19.7,70.0,996.6,137.8,3.11
4031,Maharashtra,Pune,Maize,2019,36.3,70.0,118.0,4.2,0.47
4032,Maharashtra,Pune,Cotton,2019,22.7,70.0,487.0,116.2,2.53
4033,Tamil Nadu,Thanjavur,Wheat,2019,20.4,70.0,362.0,148.1,3.8
4034,Tamil Nadu,Thanjavur,Rice,2019,37.3,70.0,84.0,11.6,0.18
4035,Tamil Nadu,Thanjavur,Maize,2019,26.9,70.0,394.2,115.2,3.16
4036,Tamil Nadu,Thanjavur,Cotton,2019,28.1,70.0,966.0,121.6,1.97
4037,Andhra Pradesh,Kurnool,Wheat,2019,28.2,70.0,419.9,155.9,3.94
4038,Andhra Pradesh,Kurnool,Rice,2019,22.0,70.0,583.9,113.1,3.27
4039,Andhra Pradesh,Kurnool,Maize,2019,20.1,70.0,852.5,139.5,3.21
4040,Andhra Pradesh,Kurnool,Cotton,2019,26.8,70.0,633.7,99.7,2.6
4041,Punjab,Ludhiana,Wheat,2020,19.9,70.0,992.1,148.1,4.21
4042,Punjab,Ludhiana,Rice,2020,23.8,70.0,918.9,169.7,3.66
4043,Punjab,Ludhiana,Maize,2020,24.9,70.0,522.4,112.0,3.25
4044,Punjab,Ludhiana,Cotton,2020,36.3,70.0,102.3,29.1,0.1
4045,Punjab,Patiala,Wheat,2020,24.2,70.0,521.8,188.6,4.39
4046,Punjab,Patiala,Rice,2020,28.6,70.0,637.4,144.3,3.36
4047,Punjab,Patiala,Maize,2020,21.4,70.0,383.1,90.3,2.71
4048,Punjab,Patiala,Cotton,2020,29.2,70.0,442.0,122.8,2.5
4049,Uttar Pradesh,Kanpur,Wheat,2020,19.1,70.0,637.4,139.8,4.3
4050,Uttar Pradesh,Kanpur,Rice,2020,18.2,70.0,791.2,159.1,3.8
4051,Uttar Pradesh,Kanpur,Maize,2020,37.3,70.0,56.4,19.5,0.24
4052,Uttar Pradesh,Kanpur,Cotton,2020,20.7,70.0,396.5,65.7,1.85
4053,Uttar Pradesh,Varanasi,Wheat,2020,23.5,70.0,959.4,176.7,4.46
4054,Uttar Pradesh,Varanasi,Rice,2020,19.7,70.0,426.6,117.7,3.7
4055,Uttar Pradesh,Varanasi,Maize,2020,24.6,70.0,355.2,102.1,3.1
4056,Uttar Pradesh,Varanasi,Cotton,2020,41.0,70.0,134.7,24.6,0.71
4057,West Bengal,Hooghly,Wheat,2020,25.0,70.0,547.3,164.9,3.9
4058,West Bengal,Hooghly,Rice,2020,28.4,70.0,645.7,111.3,3.71
4059,West Bengal,Hooghly,Maize,2020,28.7,70.0,916.1,162.6,3.73
4060,West Bengal,Hooghly,Cotton,2020,28.3,70.0,721.5,92.4,2.13
4061,West Bengal,Bardhaman,Wheat,2020,25.6,70.0,713.2,213.6,4.53
4062,West Bengal,Bardhaman,Rice,2020,18.1,70.0,318.7,150.3,3.88
4063,West Bengal,Bardhaman,Maize,2020,28.2,70.0,515.8,150.6,3.27
4064,West Bengal,Bardhaman,Cotton,2020,21.5,70.0,862.0,81.3,2.35
4065,Maharashtra,Nashik,Wheat,2020,26.5,70.0,587.6,171.2,4.08
4066,Maharashtra,Nashik,Rice,2020,20.5,70.0,604.3,130.3,3.44
4067,Maharashtra,Nashik,Maize,2020,36.2,70.0,116.6,13.8,0.19
4068,Maharashtra,Nashik,Cotton,2020,24.4,70.0,465.2,102.8,1.99
4069,Maharashtra,Pune,Wheat,2020,22.2,70.0,588.3,184.3,4.31
4070,Maharashtra,Pune,Rice,2020,20.2,70.0,672.1,185.8,3.73
4071,Maharashtra,Pune,Maize,2020,19.4,70.0,340.4,114.9,3.22
4072,Maharashtra,Pune,Cotton,2020,38.4,70.0,73.0,24.0,0.1
4073,Tamil Nadu,Thanjavur,Wheat,2020,20.6,70.0,902.9,167.9,4.13
4074,Tamil Nadu,Thanjavur,Rice,2020,36.8,70.0,86.1,6.6,0.22
4075,Tamil Nadu,Thanjavur,Maize,2020,40.8,70.0,124.9,8.4,0.22
4076,Tamil Nadu,Thanjavur,Cotton,2020,20.6,70.0,588.1,126.6,2.45
4077,Andhra Pradesh,Kurnool,Wheat,2020,21.0,70.0,649.9,181.4,3.87
4078,Andhra Pradesh,Kurnool,Rice,2020,24.2,70.0,910.0,138.2,4.1
4079,Andhra Pradesh,Kurnool,Maize,2020,23.6,70.0,574.1,156.6,3.64
4080,Andhra Pradesh,Kurnool,Cotton,2020,22.7,70.0,585.3,157.7,2.2
4081,Punjab,Ludhiana,Wheat,2021,24.1,70.0,833.0,180.1,4.38
4082,Punjab,Ludhiana,Rice,2021,20.8,70.0,310.1,167.1,4.1
4083,Punjab,Ludhiana,Maize,2021,26.1,70.0,558.2,180.2,3.66
4084,Punjab,Ludhiana,Cotton,2021,39.6,70.0,123.2,18.2,0.1
4085,Punjab,Patiala,Wheat,2021,21.8,70.0,452.6,178.2,4.06
4086,Punjab,Patiala,Rice,2021,23.9,70.0,747.0,122.2,3.69
4087,Punjab,Patiala,Maize,2021,25.2,70.0,698.3,169.0,3.64
4088,Punjab,Patiala,Cotton,2021,36.8,70.0,50.8,20.5,0.33
4089,Uttar Pradesh,Kanpur,Wheat,2021,39.9,70.0,130.5,15.5,0.34
4090,Uttar Pradesh,Kanpur,Rice,2021,29.0,70.0,307.2,81.9,3.29
4091,Uttar Pradesh,Kanpur,Maize,2021,28.8,70.0,900.6,150.2,3.41
4092,Uttar Pradesh,Kanpur,Cotton,2021,22.4,70.0,424.4,89.7,2.36
4093,Uttar Pradesh,Varanasi,Wheat,2021,40.9,70.0,141.1,16.4,0.51
4094,Uttar Pradesh,Varanasi,Rice,2021,22.1,70.0,497.2,152.1,3.76
4095,Uttar Pradesh,Varanasi,Maize,2021,27.0,70.0,836.6,105.6,3.17
4096,Uttar Pradesh,Varanasi,Cotton,2021,23.4,70.0,961.0,121.8,2.28
4097,West Bengal,Hooghly,Wheat,2021,41.2,70.0,62.3,17.5,0.3
4098,West Bengal,Hooghly,Rice,2021,24.1,70.0,661.6,165.8,4.32
4099,West Bengal,Hooghly,Maize,2021,41.9,70.0,83.5,29.3,0.15
4100,West Bengal,Hooghly,Cotton,2021,40.8,70.0,59.5,24.0,0.73
4101,West Bengal,Bardhaman,Wheat,2021,27.4,70.0,692.8,146.6,3.9
4102,West Bengal,Bardhaman,Rice,2021,25.9,70.0,586.4,171.3,3.78
4103,West Bengal,Bardhaman,Maize,2021,21.4,70.0,888.5,119.7,3.38
4104,West Bengal,Bardhaman,Cotton,2021,29.4,70.0,980.8,118.8,2.23
4105,Maharashtra,Nashik,Wheat,2021,37.5,70.0,72.1,8.0,0.13
4106,Maharashtra,Nashik,Rice,2021,18.9,70.0,837.8,175.6,3.6
4107,Maharashtra,Nashik,Maize,2021,19.5,70.0,500.0,71.9,2.43
4108,Maharashtra,Nashik,Cotton,2021,24.2,70.0,796.6,86.6,2.0
4109,Maharashtra,Pune,Wheat,2021,38.5,70.0,103.5,23.1,0.23
4110,Maharashtra,Pune,Rice,2021,26.0,70.0,338.5,153.4,3.66
4111,Maharashtra,Pune,Maize,2021,38.7,70.0,126.0,2.7,0.21
4112,Maharashtra,Pune,Cotton,2021,27.5,70.0,755.9,117.1,2.25
4113,Tamil Nadu,Thanjavur,Wheat,2021,25.1,70.0,903.9,108.0,3.87
4114,Tamil Nadu,Thanjavur,Rice,2021,24.6,70.0,801.6,140.4,3.69
4115,Tamil Nadu,Thanjavur,Maize,2021,26.3,70.0,445.5,130.5,3.42
4116,Tamil Nadu,Thanjavur,Cotton,2021,26.4,70.0,367.6,97.6,2.36
4117,Andhra Pradesh,Kurnool,Wheat,2021,18.2,70.0,563.1,162.3,4.31
4118,Andhra Pradesh,Kurnool,Rice,2021,36.1,70.0,87.7,23.2,0.17
4119,Andhra Pradesh,Kurnool,Maize,2021,26.4,70.0,977.5,132.8,3.42
4120,Andhra Pradesh,Kurnool,Cotton,2021,26.5,70.0,668.9,78.4,2.23
4121,Punjab,Ludhiana,Wheat,2022,19.9,70.0,767.8,139.1,3.71
4122,Punjab,Ludhiana,Rice,2022,24.9,70.0,621.9,122.8,3.79
4123,Punjab,Ludhiana,Maize,2022,28.8,70.0,754.9,87.7,2.58
4124,Punjab,Ludhiana,Cotton,2022,26.0,70.0,404.2,130.4,2.56
4125,Punjab,Patiala,Wheat,2022,19.0,70.0,433.9,179.3,3.88
4126,Punjab,Patiala,Rice,2022,20.6,70.0,904.3,192.9,3.51
4127,Punjab,Patiala,Maize,2022,23.2,70.0,403.9,110.0,3.05
4128,Punjab,Patiala,Cotton,2022,18.7,70.0,827.3,111.6,2.41
4129,Uttar Pradesh,Kanpur,Wheat,2022,24.9,70.0,346.9,164.8,4.01
4130,Uttar Pradesh,Kanpur,Rice,2022,29.4,70.0,622.9,122.1,3.61
4131,Uttar Pradesh,Kanpur,Maize,2022,25.6,70.0,355.9,148.5,3.23
4132,Uttar Pradesh,Kanpur,Cotton,2022,25.2,70.0,587.8,117.7,2.15
4133,Uttar Pradesh,Varanasi,Wheat,2022,37.6,70.0,135.3,22.2,0.27
4134,Uttar Pradesh,Varanasi,Rice,2022,26.3,70.0,448.7,131.2,3.66
4135,Uttar Pradesh,Varanasi,Maize,2022,29.1,70.0,371.3,129.3,3.09
4136,Uttar Pradesh,Varanasi,Cotton,2022,19.8,70.0,586.3,128.6,2.52
4137,West Bengal,Hooghly,Wheat,2022,23.4,70.0,687.2,191.9,4.46
4138,West Bengal,Hooghly,Rice,2022,21.6,70.0,660.2,190.4,4.3
4139,West Bengal,Hooghly,Maize,2022,22.6,70.0,412.7,151.6,3.6
4140,West Bengal,Hooghly,Cotton,2022,24.7,70.0,345.4,73.3,1.93
4141,West Bengal,Bardhaman,Wheat,2022,23.8,70.0,395.7,169.4,4.03
4142,West Bengal,Bardhaman,Rice,2022,22.5,70.0,801.9,164.8,3.82
4143,West Bengal,Bardhaman,Maize,2022,26.7,70.0,345.3,108.1,2.88
4144,West Bengal,Bardhaman,Cotton,2022,20.9,70.0,461.0,116.6,2.49
4145,Maharashtra,Nashik,Wheat,2022,23.0,70.0,394.1,142.4,3.62
4146,Maharashtra,Nashik,Rice,2022,19.7,70.0,917.4,160.8,3.67
4147,Maharashtra,Nashik,Maize,2022,41.0,70.0,116.7,6.4,0.1
4148,Maharashtra,Nashik,Cotton,2022,19.6,70.0,819.8,101.3,1.83
4149,Maharashtra,Pune,Wheat,2022,22.0,70.0,762.3,169.2,4.07
4150,Maharashtra,Pune,Rice,2022,20.2,70.0,381.3,199.4,4.01
4151,Maharashtra,Pune,Maize,2022,41.2,70.0,95.8,4.6,0.37
4152,Maharashtra,Pune,Cotton,2022,28.5,70.0,713.4,134.4,2.33
4153,Tamil Nadu,Thanjavur,Wheat,2022,26.6,70.0,790.3,229.9,5.0
4154,Tamil Nadu,Thanjavur,Rice,2022,40.3,70.0,130.4,17.4,0.25
4155,Tamil Nadu,Thanjavur,Maize,2022,27.2,70.0,995.6,150.1,3.79
4156,Tamil Nadu,Thanjavur,Cotton,2022,24.1,70.0,475.6,120.4,2.26
4157,Andhra Pradesh,Kurnool,Wheat,2022,21.8,70.0,917.7,185.1,5.04
4158,Andhra Pradesh,Kurnool,Rice,2022,23.2,70.0,852.5,133.8,3.71
4159,Andhra Pradesh,Kurnool,Maize,2022,37.9,70.0,72.8,28.0,0.38
4160,Andhra Pradesh,Kurnool,Cotton,2022,25.5,70.0,616.8,132.5,2.35
4161,Punjab,Ludhiana,Wheat,2023,25.6,70.0,543.8,209.2,4.35
4162,Punjab,Ludhiana,Rice,2023,26.6,70.0,395.1,154.4,3.4
4163,Punjab,Ludhiana,Maize,2023,29.0,70.0,321.6,112.8,2.93
4164,Punjab,Ludhiana,Cotton,2023,40.2,70.0,80.3,21.8,0.8
4165,Punjab,Patiala,Wheat,2023,19.7,70.0,447.5,173.3,3.62
4166,Punjab,Patiala,Rice,2023,25.5,70.0,482.7,113.9,2.93
4167,Punjab,Patiala,Maize,2023,23.4,70.0,424.8,121.1,3.23
4168,Punjab,Patiala,Cotton,2023,38.7,70.0,55.2,3.5,0.13
4169,Uttar Pradesh,Kanpur,Wheat,2023,19.8,70.0,472.1,161.6,4.57
4170,Uttar Pradesh,Kanpur,Rice,2023,29.9,70.0,616.2,127.1,3.73
4171,Uttar Pradesh,Kanpur,Maize,2023,19.3,70.0,952.3,108.9,2.94
4172,Uttar Pradesh,Kanpur,Cotton,2023,25.6,70.0,493.6,111.7,2.37
4173,Uttar Pradesh,Varanasi,Wheat,2023,40.4,70.0,123.2,19.6,0.13
4174,Uttar Pradesh,Varanasi,Rice,2023,20.2,70.0,606.6,183.2,4.36
4175,Uttar Pradesh,Varanasi,Maize,2023,28.9,70.0,549.7,82.7,3.31
4176,Uttar Pradesh,Varanasi,Cotton,2023,27.6,70.0,956.4,61.3,2.16
4177,West Bengal,Hooghly,Wheat,2023,36.7,70.0,52.3,23.9,0.42
4178,West Bengal,Hooghly,Rice,2023,27.2,70.0,386.8,120.8,3.58
4179,West Bengal,Hooghly,Maize,2023,18.1,70.0,936.6,119.6,3.36
4180,West Bengal,Hooghly,Cotton,2023,26.1,70.0,553.7,99.6,2.4
4181,West Bengal,Bardhaman,Wheat,2023,23.3,70.0,824.2,147.8,4.22
4182,West Bengal,Bardhaman,Rice,2023,19.6,70.0,544.3,109.0,4.0
4183,West Bengal,Bardhaman,Maize,2023,29.6,70.0,599.7,146.1,3.27
4184,West Bengal,Bardhaman,Cotton,2023,28.3,70.0,539.0,113.9,1.98
4185,Maharashtra,Nashik,Wheat,2023,23.5,70.0,557.0,172.7,4.11
4186,Maharashtra,Nashik,Rice,2023,27.0,70.0,941.4,133.0,3.5
4187,Maharashtra,Nashik,Maize,2023,29.0,70.0,767.7,115.0,2.91
4188,Maharashtra,Nashik,Cotton,2023,25.6,70.0,673.8,124.6,2.37
4189,Maharashtra,Pune,Wheat,2023,21.8,70.0,572.2,176.0,4.71
4190,Maharashtra,Pune,Rice,2023,38.6,70.0,63.9,1.2,0.36
4191,Maharashtra,Pune,Maize,2023,18.8,70.0,641.4,89.1,3.04
4192,Maharashtra,Pune,Cotton,2023,39.1,70.0,90.7,20.5,0.1
4193,Tamil Nadu,Thanjavur,Wheat,2023,26.1,70.0,953.2,207.8,5.03
4194,Tamil Nadu,Thanjavur,Rice,2023,40.3,70.0,131.0,18.4,0.1
4195,Tamil Nadu,Thanjavur,Maize,2023,20.2,70.0,437.8,106.1,3.17
4196,Tamil Nadu,Thanjavur,Cotton,2023,21.8,70.0,418.6,146.8,2.74
4197,Andhra Pradesh,Kurnool,Wheat,2023,29.7,70.0,355.3,149.2,4.02
4198,Andhra Pradesh,Kurnool,Rice,2023,26.3,70.0,667.3,158.1,3.47
4199,Andhra Pradesh,Kurnool,Maize,2023,28.4,70.0,408.2,130.2,3.39
4200,Andhra Pradesh,Kurnool,Cotton,2023,19.3,70.0,665.2,107.3,2.57
4201,Punjab,Ludhiana,Wheat,2019,20.4,70.0,418.5,188.4,4.29
4202,Punjab,Ludhiana,Rice,2019,22.9,70.0,393.7,107.5,2.99
4203,Punjab,Ludhiana,Maize,2019,18.5,70.0,761.2,127.3,2.99
4204,Punjab,Ludhiana,Cotton,2019,29.2,70.0,643.4,57.1,1.79
4205,Punjab,Patiala,Wheat,2019,38.6,70.0,91.0,27.2,0.18
4206,Punjab,Patiala,Rice,2019,25.6,70.0,383.0,141.8,3.06
4207,Punjab,Patiala,Maize,2019,24.9,70.0,771.9,90.3,2.77
4208,Punjab,Patiala,Cotton,2019,29.2,70.0,497.3,131.4,2.84
4209,Uttar Pradesh,Kanpur,Wheat,2019,37.6,70.0,57.1,5.8,0.48
4210,Uttar Pradesh,Kanpur,Rice,2019,26.9,70.0,438.8,149.5,3.8
4211,Uttar Pradesh,Kanpur,Maize,2019,24.8,70.0,746.6,71.6,2.46
4212,Uttar Pradesh,Kanpur,Cotton,2019,26.2,70.0,591.6,167.5,2.64
4213,Uttar Pradesh,Varanasi,Wheat,2019,25.4,70.0,661.0,182.1,4.24
4214,Uttar Pradesh,Varanasi,Rice,2019,25.2,70.0,399.3,140.5,3.35
4215,Uttar Pradesh,Varanasi,Maize,2019,23.8,70.0,462.4,128.7,2.98
4216,Uttar Pradesh,Varanasi,Cotton,2019,20.4,70.0,478.7,149.3,2.26
4217,West Bengal,Hooghly,Wheat,2019,28.9,70.0,655.1,177.1,4.86
4218,West Bengal,Hooghly,Rice,2019,27.3,70.0,747.7,131.7,3.8
4219,West Bengal,Hooghly,Maize,2019,25.9,70.0,516.1,119.8,3.16
4220,West Bengal,Hooghly,Cotton,2019,23.2,70.0,552.3,132.3,2.57
4221,West Bengal,Bardhaman,Wheat,2019,24.2,70.0,930.3,141.5,3.68
4222,West Bengal,Bardhaman,Rice,2019,40.0,70.0,133.3,5.9,0.29
4223,West Bengal,Bardhaman,Maize,2019,27.4,70.0,364.9,100.9,3.04
4224,West Bengal,Bardhaman,Cotton,2019,40.8,70.0,139.5,4.8,0.1
4225,Maharashtra,Nashik,Wheat,2019,23.8,70.0,389.8,210.4,4.59
4226,Maharashtra,Nashik,Rice,2019,19.0,70.0,331.6,103.8,3.18
4227,Maharashtra,Nashik,Maize,2019,22.3,70.0,964.3,108.7,3.15
4228,Maharashtra,Nashik,Cotton,2019,21.9,70.0,999.3,126.3,2.59
4229,Maharashtra,Pune,Wheat,2019,26.4,70.0,596.2,163.7,4.44
4230,Maharashtra,Pune,Rice,2019,20.6,70.0,653.0,113.4,3.27
4231,Maharashtra,Pune,Maize,2019,38.4,70.0,57.4,29.5,0.18
4232,Maharashtra,Pune,Cotton,2019,26.7,70.0,313.5,112.4,2.41
4233,Tamil Nadu,Thanjavur,Wheat,2019,21.4,70.0,731.7,126.1,3.81
4234,Tamil Nadu,Thanjavur,Rice,2019,28.5,70.0,678.4,111.1,3.23
4235,Tamil Nadu,Thanjavur,Maize,2019,26.1,70.0,751.4,137.5,2.82
4236,Tamil Nadu,Thanjavur,Cotton,2019,24.7,70.0,434.1,101.1,2.3
4237,Andhra Pradesh,Kurnool,Wheat,2019,26.5,70.0,323.8,136.1,4.13
4238,Andhra Pradesh,Kurnool,Rice,2019,19.4,70.0,443.6,137.9,3.53
4239,Andhra Pradesh,Kurnool,Maize,2019,21.7,70.0,848.6,57.2,2.53
4240,Andhra Pradesh,Kurnool,Cotton,2019,26.3,70.0,491.7,112.1,2.37
4241,Punjab,Ludhiana,Wheat,2020,19.9,70.0,751.8,162.8,4.13
4242,Punjab,Ludhiana,Rice,2020,21.6,70.0,766.6,163.7,4.05
4243,Punjab,Ludhiana,Maize,2020,21.7,70.0,681.5,156.0,3.76
4244,Punjab,Ludhiana,Cotton,2020,21.7,70.0,911.2,147.2,2.56
4245,Punjab,Patiala,Wheat,2020,29.1,70.0,781.0,181.9,4.71
4246,Punjab,Patiala,Rice,2020,29.0,70.0,570.6,121.3,3.25
4247,Punjab,Patiala,Maize,2020,21.1,70.0,597.1,117.1,3.04
4248,Punjab,Patiala,Cotton,2020,22.7,70.0,414.9,82.0,1.66
4249,Uttar Pradesh,Kanpur,Wheat,2020,19.8,70.0,933.2,156.9,4.43
4250,Uttar Pradesh,Kanpur,Rice,2020,41.0,70.0,54.7,3.7,0.11
4251,Uttar Pradesh,Kanpur,Maize,2020,27.6,70.0,369.9,116.1,3.09
4252,Uttar Pradesh,Kanpur,Cotton,2020,27.1,70.0,524.7,93.8,2.23
4253,Uttar Pradesh,Varanasi,Wheat,2020,20.8,70.0,869.9,193.0,4.76
4254,Uttar Pradesh,Varanasi,Rice,2020,40.9,70.0,136.1,15.2,0.37
4255,Uttar Pradesh,Varanasi,Maize,2020,20.2,70.0,407.6,148.3,3.45
4256,Uttar Pradesh,Varanasi,Cotton,2020,24.8,70.0,364.6,115.1,2.36
4257,West Bengal,Hooghly,Wheat,2020,24.6,70.0,939.8,175.0,4.5
4258,West Bengal,Hooghly,Rice,2020,27.2,70.0,448.0,162.9,4.04
4259,West Bengal,Hooghly,Maize,2020,29.0,70.0,752.7,82.2,3.3
4260,West Bengal,Hooghly,Cotton,2020,28.6,70.0,696.9,84.0,2.22
4261,West Bengal,Bardhaman,Wheat,2020,29.7,70.0,486.5,162.1,4.25
4262,West Bengal,Bardhaman,Rice,2020,28.2,70.0,852.8,173.7,3.82
4263,West Bengal,Bardhaman,Maize,2020,40.7,70.0,104.9,24.6,0.23
4264,West Bengal,Bardhaman,Cotton,2020,25.4,70.0,697.5,167.9,2.17
4265,Maharashtra,Nashik,Wheat,2020,37.9,70.0,144.7,2.9,0.2
4266,Maharashtra,Nashik,Rice,2020,18.0,70.0,740.2,135.4,2.97
4267,Maharashtra,Nashik,Maize,2020,25.1,70.0,643.6,132.2,3.23
4268,Maharashtra,Nashik,Cotton,2020,23.9,70.0,476.8,98.3,2.16
4269,Maharashtra,Pune,Wheat,2020,26.3,70.0,637.8,134.2,3.81
4270,Maharashtra,Pune,Rice,2020,29.1,70.0,641.8,123.8,3.73
4271,Maharashtra,Pune,Maize,2020,21.5,70.0,937.0,149.6,3.57
4272,Maharashtra,Pune,Cotton,2020,39.9,70.0,74.4,27.4,0.1
4273,Tamil Nadu,Thanjavur,Wheat,2020,36.7,70.0,122.7,22.1,0.37
4274,Tamil Nadu,Thanjavur,Rice,2020,40.6,70.0,64.5,12.3,0.46
4275,Tamil Nadu,Thanjavur,Maize,2020,23.9,70.0,583.2,136.7,3.03
4276,Tamil Nadu,Thanjavur,Cotton,2020,22.6,70.0,575.5,109.8,2.08
4277,Andhra Pradesh,Kurnool,Wheat,2020,22.1,70.0,521.1,157.6,4.23
4278,Andhra Pradesh,Kurnool,Rice,2020,18.7,70.0,613.8,99.2,3.43
4279,Andhra Pradesh,Kurnool,Maize,2020,25.6,70.0,990.3,92.6,2.98
4280,Andhra Pradesh,Kurnool,Cotton,2020,25.8,70.0,481.9,101.5,2.25
4281,Punjab,Ludhiana,Wheat,2021,28.5,70.0,544.1,164.7,4.42
4282,Punjab,Ludhiana,Rice,2021,20.2,70.0,556.6,151.2,3.77
4283,Punjab,Ludhiana,Maize,2021,23.8,70.0,771.2,122.7,3.15
4284,Punjab,Ludhiana,Cotton,2021,29.8,70.0,849.2,62.4,2.14
4285,Punjab,Patiala,Wheat,2021,38.9,70.0,136.6,5.1,0.21
4286,Punjab,Patiala,Rice,2021,20.8,70.0,665.0,131.2,2.89
4287,Punjab,Patiala,Maize,2021,19.2,70.0,539.8,152.8,3.55
4288,Punjab,Patiala,Cotton,2021,20.7,70.0,481.1,124.7,2.24
4289,Uttar Pradesh,Kanpur,Wheat,2021,36.4,70.0,116.9,9.4,0.1
4290,Uttar Pradesh,Kanpur,Rice,2021,26.3,70.0,901.7,139.2,3.49
4291,Uttar Pradesh,Kanpur,Maize,2021,22.8,70.0,512.9,109.4,3.42
4292,Uttar Pradesh,Kanpur,Cotton,2021,37.6,70.0,82.9,25.6,0.1
4293,Uttar Pradesh,Varanasi,Wheat,2021,22.2,70.0,788.9,160.5,3.99
4294,Uttar Pradesh,Varanasi,Rice,2021,25.8,70.0,396.9,168.4,3.75
4295,Uttar Pradesh,Varanasi,Maize,2021,28.5,70.0,741.2,148.1,3.77
4296,Uttar Pradesh,Varanasi,Cotton,2021,41.0,70.0,110.1,20.5,0.11
4297,West Bengal,Hooghly,Wheat,2021,21.5,70.0,497.7,203.0,4.8
4298,West Bengal,Hooghly,Rice,2021,21.6,70.0,329.5,156.7,4.26
4299,West Bengal,Hooghly,Maize,2021,24.9,70.0,539.0,132.3,3.55
4300,West Bengal,Hooghly,Cotton,2021,25.9,70.0,852.3,84.2,1.93
4301,West Bengal,Bardhaman,Wheat,2021,24.9,70.0,450.5,182.0,4.21
4302,West Bengal,Bardhaman,Rice,2021,19.5,70.0,317.0,168.7,4.35
4303,West Bengal,Bardhaman,Maize,2021,21.4,70.0,429.0,153.6,3.67
4304,West Bengal,Bardhaman,Cotton,2021,37.7,70.0,109.0,24.1,0.1
4305,Maharashtra,Nashik,Wheat,2021,27.0,70.0,559.1,158.0,3.83
4306,Maharashtra,Nashik,Rice,2021,26.2,70.0,497.9,133.4,3.86
4307,Maharashtra,Nashik,Maize,2021,20.6,70.0,468.4,140.9,3.43
4308,Maharashtra,Nashik,Cotton,2021,25.3,70.0,391.5,134.5,2.4
4309,Maharashtra,Pune,Wheat,2021,19.3,70.0,538.0,192.3,4.48
4310,Maharashtra,Pune,Rice,2021,21.7,70.0,770.0,127.0,3.64
4311,Maharashtra,Pune,Maize,2021,21.9,70.0,967.6,162.1,3.48
4312,Maharashtra,Pune,Cotton,2021,20.2,70.0,592.3,138.5,2.25
4313,Tamil Nadu,Thanjavur,Wheat,2021,39.4,70.0,75.6,25.2,1.37
4314,Tamil Nadu,Thanjavur,Rice,2021,28.5,70.0,488.9,124.4,3.83
4315,Tamil Nadu,Thanjavur,Maize,2021,24.9,70.0,865.6,135.2,3.71
4316,Tamil Nadu,Thanjavur,Cotton,2021,25.2,70.0,810.2,90.2,2.18
4317,Andhra Pradesh,Kurnool,Wheat,2021,35.1,70.0,93.1,11.2,0.16
4318,Andhra Pradesh,Kurnool,Rice,2021,37.5,70.0,73.5,2.9,0.1
4319,Andhra Pradesh,Kurnool,Maize,2021,29.6,70.0,863.2,82.4,3.2
4320,Andhra Pradesh,Kurnool,Cotton,2021,40.2,70.0,123.7,4.7,0.17
4321,Punjab,Ludhiana,Wheat,2022,25.5,70.0,415.5,175.6,3.87
4322,Punjab,Ludhiana,Rice,2022,20.7,70.0,854.7,150.4,4.07
4323,Punjab,Ludhiana,Maize,2022,22.4,70.0,645.7,132.2,3.31
4324,Punjab,Ludhiana,Cotton,2022,23.4,70.0,936.1,71.9,2.17
4325,Punjab,Patiala,Wheat,2022,22.7,70.0,911.9,175.5,4.03
4326,Punjab,Patiala,Rice,2022,26.8,70.0,521.6,146.9,3.58
4327,Punjab,Patiala,Maize,2022,40.0,70.0,78.4,29.8,0.18
4328,Punjab,Patiala,Cotton,2022,19.4,70.0,667.4,99.7,2.48
4329,Uttar Pradesh,Kanpur,Wheat,2022,36.9,70.0,50.3,17.6,0.1
4330,Uttar Pradesh,Kanpur,Rice,2022,19.1,70.0,933.3,141.9,3.79
4331,Uttar Pradesh,Kanpur,Maize,2022,20.7,70.0,486.5,101.0,3.04
4332,Uttar Pradesh,Kanpur,Cotton,2022,24.8,70.0,917.4,80.6,2.37
4333,Uttar Pradesh,Varanasi,Wheat,2022,37.2,70.0,125.8,26.3,0.19
4334,Uttar Pradesh,Varanasi,Rice,2022,20.4,70.0,824.8,166.0,4.02
4335,Uttar Pradesh,Varanasi,Maize,2022,24.1,70.0,684.3,177.7,3.14
4336,Uttar Pradesh,Varanasi,Cotton,2022,22.6,70.0,747.0,72.0,1.98
4337,West Bengal,Hooghly,Wheat,2022,39.1,70.0,123.0,24.5,0.28
4338,West Bengal,Hooghly,Rice,2022,25.3,70.0,937.2,119.4,4.12
4339,West Bengal,Hooghly,Maize,2022,25.9,70.0,769.1,122.6,3.42
4340,West Bengal,Hooghly,Cotton,2022,26.1,70.0,740.1,96.7,2.39
4341,West Bengal,Bardhaman,Wheat,2022,22.3,70.0,387.7,208.8,4.45
4342,West Bengal,Bardhaman,Rice,2022,26.5,70.0,575.0,135.2,3.91
4343,West Bengal,Bardhaman,Maize,2022,25.9,70.0,783.2,134.8,3.54
4344,West Bengal,Bardhaman,Cotton,2022,26.8,70.0,631.1,63.2,1.88
4345,Maharashtra,Nashik,Wheat,2022,26.0,70.0,625.4,137.2,3.84
4346,Maharashtra,Nashik,Rice,2022,23.5,70.0,591.6,164.3,3.99
4347,Maharashtra,Nashik,Maize,2022,22.8,70.0,425.8,144.3,2.8
4348,Maharashtra,Nashik,Cotton,2022,22.1,70.0,520.3,115.7,2.21
4349,Maharashtra,Pune,Wheat,2022,25.3,70.0,327.2,124.3,3.81
4350,Maharashtra,Pune,Rice,2022,39.1,70.0,96.1,12.5,0.22
4351,Maharashtra,Pune,Maize,2022,25.9,70.0,698.7,123.4,2.85
4352,Maharashtra,Pune,Cotton,2022,27.7,70.0,580.1,81.7,2.12
4353,Tamil Nadu,Thanjavur,Wheat,2022,21.1,70.0,396.4,168.6,4.63
4354,Tamil Nadu,Thanjavur,Rice,2022,37.6,70.0,67.8,4.3,0.29
4355,Tamil Nadu,Thanjavur,Maize,2022,19.2,70.0,643.7,131.6,3.05
4356,Tamil Nadu,Thanjavur,Cotton,2022,26.8,70.0,639.8,87.1,2.37
4357,Andhra Pradesh,Kurnool,Wheat,2022,19.5,70.0,841.2,149.9,4.05
4358,Andhra Pradesh,Kurnool,Rice,2022,27.7,70.0,804.8,147.4,4.0
4359,Andhra Pradesh,Kurnool,Maize,2022,28.4,70.0,534.0,99.7,3.06
4360,Andhra Pradesh,Kurnool,Cotton,2022,20.8,70.0,730.2,94.9,2.38
4361,Punjab,Ludhiana,Wheat,2023,26.6,70.0,861.0,152.5,4.31
4362,Punjab,Ludhiana,Rice,2023,26.2,70.0,418.0,137.1,3.54
4363,Punjab,Ludhiana,Maize,2023,26.8,70.0,498.9,97.1,3.31
4364,Punjab,Ludhiana,Cotton,2023,24.8,70.0,658.1,141.1,2.96
4365,Punjab,Patiala,Wheat,2023,25.4,70.0,610.8,177.0,4.67
4366,Punjab,Patiala,Rice,2023,28.4,70.0,469.1,119.9,3.59
4367,Punjab,Patiala,Maize,2023,21.7,70.0,862.3,82.0,2.95
4368,Punjab,Patiala,Cotton,2023,25.2,70.0,731.9,83.0,2.18
4369,Uttar Pradesh,Kanpur,Wheat,2023,25.9,70.0,384.1,182.7,4.69
4370,Uttar Pradesh,Kanpur,Rice,2023,23.8,70.0,889.0,152.6,4.14
4371,Uttar Pradesh,Kanpur,Maize,2023,24.7,70.0,830.5,137.5,3.72
4372,Uttar Pradesh,Kanpur,Cotton,2023,28.0,70.0,345.2,99.0,2.39
4373,Uttar Pradesh,Varanasi,Wheat,2023,24.1,70.0,884.7,157.2,4.05
4374,Uttar Pradesh,Varanasi,Rice,2023,26.3,70.0,967.3,138.2,3.52
4375,Uttar Pradesh,Varanasi,Maize,2023,20.7,70.0,480.2,94.7,3.22
4376,Uttar Pradesh,Varanasi,Cotton,2023,18.9,70.0,440.4,135.0,2.65
4377,West Bengal,Hooghly,Wheat,2023,38.7,70.0,140.7,2.4,0.21
4378,West Bengal,Hooghly,Rice,2023,39.7,70.0,148.9,20.7,0.14
4379,West Bengal,Hooghly,Maize,2023,37.6,70.0,128.9,8.0,0.1
4380,West Bengal,Hooghly,Cotton,2023,19.3,70.0,394.5,92.6,2.15
4381,West Bengal,Bardhaman,Wheat,2023,29.9,70.0,330.2,180.9,4.79
4382,West Bengal,Bardhaman,Rice,2023,26.3,70.0,436.1,114.9,3.75
4383,West Bengal,Bardhaman,Maize,2023,38.1,70.0,142.2,15.1,0.28
4384,West Bengal,Bardhaman,Cotton,2023,22.6,70.0,735.2,110.4,2.16
4385,Maharashtra,Nashik,Wheat,2023,20.8,70.0,903.6,189.9,4.28
4386,Maharashtra,Nashik,Rice,2023,41.6,70.0,127.6,18.6,0.2
4387,Maharashtra,Nashik,Maize,2023,22.7,70.0,634.1,111.9,3.21
4388,Maharashtra,Nashik,Cotton,2023,21.2,70.0,720.9,70.6,2.23
4389,Maharashtra,Pune,Wheat,2023,24.0,70.0,752.0,178.8,4.24
4390,Maharashtra,Pune,Rice,2023,19.1,70.0,972.4,139.1,3.96
4391,Maharashtra,Pune,Maize,2023,29.7,70.0,811.5,135.4,3.3
4392,Maharashtra,Pune,Cotton,2023,21.7,70.0,728.6,130.3,2.39
4393,Tamil Nadu,Thanjavur,Wheat,2023,27.2,70.0,982.4,103.0,3.71
4394,Tamil Nadu,Thanjavur,Rice,2023,19.3,70.0,586.3,160.2,3.96
4395,Tamil Nadu,Thanjavur,Maize,2023,21.3,70.0,400.5,118.4,3.44
4396,Tamil Nadu,Thanjavur,Cotton,2023,23.1,70.0,952.5,84.2,2.37
4397,Andhra Pradesh,Kurnool,Wheat,2023,26.0,70.0,711.8,162.5,4.42
4398,Andhra Pradesh,Kurnool,Rice,2023,28.2,70.0,604.7,159.3,3.96
4399,Andhra Pradesh,Kurnool,Maize,2023,22.4,70.0,936.6,101.6,3.37
4400,Andhra Pradesh,Kurnool,Cotton,2023,20.4,70.0,423.2,73.5,2.11
4401,Punjab,Ludhiana,Wheat,2019,22.8,70.0,580.4,201.7,4.93
4402,Punjab,Ludhiana,Rice,2019,27.7,70.0,326.5,174.7,4.11
4403,Punjab,Ludhiana,Maize,2019,23.5,70.0,390.7,126.5,3.61
4404,Punjab,Ludhiana,Cotton,2019,27.7,70.0,901.1,113.2,2.5
4405,Punjab,Patiala,Wheat,2019,22.7,70.0,411.1,163.0,4.58
4406,Punjab,Patiala,Rice,2019,22.5,70.0,965.4,125.9,3.18
4407,Punjab,Patiala,Maize,2019,19.2,70.0,490.5,113.2,3.22
4408,Punjab,Patiala,Cotton,2019,23.7,70.0,886.7,87.9,2.32
4409,Uttar Pradesh,Kanpur,Wheat,2019,27.4,70.0,793.6,112.9,4.17
4410,Uttar Pradesh,Kanpur,Rice,2019,22.9,70.0,506.7,165.1,3.57
4411,Uttar Pradesh,Kanpur,Maize,2019,21.7,70.0,302.2,154.4,3.61
4412,Uttar Pradesh,Kanpur,Cotton,2019,27.5,70.0,568.2,125.4,2.34
4413,Uttar Pradesh,Varanasi,Wheat,2019,20.3,70.0,543.8,198.8,5.01
4414,Uttar Pradesh,Varanasi,Rice,2019,25.2,70.0,344.9,146.1,4.28
4415,Uttar Pradesh,Varanasi,Maize,2019,28.6,70.0,734.7,90.3,3.25
4416,Uttar Pradesh,Varanasi,Cotton,2019,27.7,70.0,387.7,83.8,1.96
4417,West Bengal,Hooghly,Wheat,2019,28.3,70.0,434.4,173.3,4.31
4418,West Bengal,Hooghly,Rice,2019,22.1,70.0,878.6,113.1,3.74
4419,West Bengal,Hooghly,Maize,2019,28.2,70.0,370.8,106.5,3.28
4420,West Bengal,Hooghly,Cotton,2019,20.5,70.0,651.2,140.6,2.54
4421,West Bengal,Bardhaman,Wheat,2019,26.6,70.0,844.3,125.4,4.05
4422,West Bengal,Bardhaman,Rice,2019,27.3,70.0,977.2,144.7,3.63
4423,West Bengal,Bardhaman,Maize,2019,18.7,70.0,805.1,142.0,3.34
4424,West Bengal,Bardhaman,Cotton,2019,23.9,70.0,392.0,159.4,2.31
4425,Maharashtra,Nashik,Wheat,2019,19.7,70.0,720.4,165.4,3.99
4426,Maharashtra,Nashik,Rice,2019,24.5,70.0,381.5,117.7,3.31
4427,Maharashtra,Nashik,Maize,2019,21.2,70.0,629.8,136.7,3.31
4428,Maharashtra,Nashik,Cotton,2019,39.1,70.0,119.3,0.1,0.1
4429,Maharashtra,Pune,Wheat,2019,25.3,70.0,355.4,149.8,4.59
4430,Maharashtra,Pune,Rice,2019,37.4,70.0,82.2,7.8,0.37
4431,Maharashtra,Pune,Maize,2019,19.7,70.0,819.3,137.9,3.41
4432,Maharashtra,Pune,Cotton,2019,25.2,70.0,996.3,105.6,2.01
4433,Tamil Nadu,Thanjavur,Wheat,2019,18.2,70.0,627.2,153.1,4.33
4434,Tamil Nadu,Thanjavur,Rice,2019,24.2,70.0,824.4,163.4,4.04
4435,Tamil Nadu,Thanjavur,Maize,2019,36.8,70.0,135.6,29.2,0.1
4436,Tamil Nadu,Thanjavur,Cotton,2019,20.8,70.0,441.4,123.5,2.37
4437,Andhra Pradesh,Kurnool,Wheat,2019,25.7,70.0,330.3,149.7,4.44
4438,Andhra Pradesh,Kurnool,Rice,2019,19.4,70.0,772.7,135.8,3.66
4439,Andhra Pradesh,Kurnool,Maize,2019,19.4,70.0,304.2,124.4,3.45
4440,Andhra Pradesh,Kurnool,Cotton,2019,23.4,70.0,430.8,101.7,2.08
4441,Punjab,Ludhiana,Wheat,2020,37.4,70.0,124.9,15.8,0.24
4442,Punjab,Ludhiana,Rice,2020,29.9,70.0,931.8,168.6,3.69
4443,Punjab,Ludhiana,Maize,2020,28.2,70.0,865.3,157.6,3.01
4444,Punjab,Ludhiana,Cotton,2020,29.6,70.0,497.6,87.2,2.31
4445,Punjab,Patiala,Wheat,2020,41.7,70.0,91.9,26.0,0.15
4446,Punjab,Patiala,Rice,2020,21.9,70.0,660.6,143.8,3.31
4447,Punjab,Patiala,Maize,2020,28.7,70.0,822.3,86.2,2.29
4448,Punjab,Patiala,Cotton,2020,29.1,70.0,680.6,97.3,2.62
4449,Uttar Pradesh,Kanpur,Wheat,2020,25.2,70.0,506.4,195.0,4.85
4450,Uttar Pradesh,Kanpur,Rice,2020,22.0,70.0,471.8,89.2,3.35
4451,Uttar Pradesh,Kanpur,Maize,2020,22.3,70.0,308.8,110.6,3.11
4452,Uttar Pradesh,Kanpur,Cotton,2020,24.4,70.0,517.0,153.7,2.46
4453,Uttar Pradesh,Varanasi,Wheat,2020,23.0,70.0,827.9,176.9,4.58
4454,Uttar Pradesh,Varanasi,Rice,2020,29.4,70.0,487.5,188.0,4.37
4455,Uttar Pradesh,Varanasi,Maize,2020,18.5,70.0,922.2,115.7,3.64
4456,Uttar Pradesh,Varanasi,Cotton,2020,28.0,70.0,589.5,79.6,2.1
4457,West Bengal,Hooghly,Wheat,2020,20.7,70.0,661.5,182.3,3.73
4458,West Bengal,Hooghly,Rice,2020,18.5,70.0,875.0,112.8,3.48
4459,West Bengal,Hooghly,Maize,2020,21.0,70.0,723.7,76.7,3.13
4460,West Bengal,Hooghly,Cotton,2020,25.9,70.0,868.7,150.0,2.55
4461,West Bengal,Bardhaman,Wheat,2020,28.2,70.0,623.7,209.5,4.17
4462,West Bengal,Bardhaman,Rice,2020,38.9,70.0,125.1,10.5,0.15
4463,West Bengal,Bardhaman,Maize,2020,28.3,70.0,412.1,109.9,3.17
4464,West Bengal,Bardhaman,Cotton,2020,25.5,70.0,919.9,116.8,2.16
4465,Maharashtra,Nashik,Wheat,2020,29.0,70.0,977.6,163.5,4.41
4466,Maharashtra,Nashik,Rice,2020,28.6,70.0,751.5,123.9,3.71
4467,Maharashtra,Nashik,Maize,2020,27.9,70.0,942.2,102.8,3.32
4468,Maharashtra,Nashik,Cotton,2020,22.9,70.0,786.4,134.1,2.69
4469,Maharashtra,Pune,Wheat,2020,28.3,70.0,826.8,209.2,4.06
4470,Maharashtra,Pune,Rice,2020,23.5,70.0,961.8,100.5,3.3
4471,Maharashtra,Pune,Maize,2020,36.2,70.0,131.2,10.6,0.2
4472,Maharashtra,Pune,Cotton,2020,29.2,70.0,473.7,107.6,2.72
4473,Tamil Nadu,Thanjavur,Wheat,2020,26.1,70.0,822.4,158.9,3.85
4474,Tamil Nadu,Thanjavur,Rice,2020,29.5,70.0,884.1,123.2,3.41
4475,Tamil Nadu,Thanjavur,Maize,2020,41.9,70.0,115.6,29.7,0.1
4476,Tamil Nadu,Thanjavur,Cotton,2020,22.4,70.0,744.2,93.2,2.15
4477,Andhra Pradesh,Kurnool,Wheat,2020,24.9,70.0,414.2,180.6,4.2
4478,Andhra Pradesh,Kurnool,Rice,2020,20.3,70.0,851.4,111.8,3.99
4479,Andhra Pradesh,Kurnool,Maize,2020,25.1,70.0,595.2,89.6,3.06
4480,Andhra Pradesh,Kurnool,Cotton,2020,20.1,70.0,558.1,120.1,2.43
4481,Punjab,Ludhiana,Wheat,2021,21.0,70.0,686.3,169.6,4.29
4482,Punjab,Ludhiana,Rice,2021,24.1,70.0,467.2,181.4,3.79
4483,Punjab,Ludhiana,Maize,2021,40.0,70.0,89.4,5.3,0.38
4484,Punjab,Ludhiana,Cotton,2021,29.0,70.0,392.3,63.0,1.97
4485,Punjab,Patiala,Wheat,2021,35.1,70.0,146.4,4.4,0.32
4486,Punjab,Patiala,Rice,2021,40.2,70.0,105.4,26.2,0.34
4487,Punjab,Patiala,Maize,2021,21.1,70.0,642.3,125.4,3.43
4488,Punjab,Patiala,Cotton,2021,24.5,70.0,450.0,146.7,2.85
4489,Uttar Pradesh,Kanpur,Wheat,2021,26.8,70.0,447.7,88.1,3.46
4490,Uttar Pradesh,Kanpur,Rice,2021,25.0,70.0,541.2,121.8,3.1
4491,Uttar Pradesh,Kanpur,Maize,2021,25.5,70.0,342.8,150.6,3.57
4492,Uttar Pradesh,Kanpur,Cotton,2021,20.7,70.0,692.3,88.5,2.4
4493,Uttar Pradesh,Varanasi,Wheat,2021,24.0,70.0,775.2,174.1,4.39
4494,Uttar Pradesh,Varanasi,Rice,2021,19.4,70.0,442.9,115.3,3.42
4495,Uttar Pradesh,Varanasi,Maize,2021,18.7,70.0,423.7,96.6,2.46
4496,Uttar Pradesh,Varanasi,Cotton,2021,19.7,70.0,831.5,149.9,2.65
4497,West Bengal,Hooghly,Wheat,2021,36.8,70.0,125.7,17.5,0.1
4498,West Bengal,Hooghly,Rice,2021,22.6,70.0,418.0,149.2,3.66
4499,West Bengal,Hooghly,Maize,2021,29.2,70.0,820.9,120.4,3.33
4500,West Bengal,Hooghly,Cotton,2021,28.4,70.0,633.2,77.2,1.75
4501,West Bengal,Bardhaman,Wheat,2021,24.5,70.0,877.1,134.9,3.42
4502,West Bengal,Bardhaman,Rice,2021,25.0,70.0,351.4,165.5,4.1
4503,West Bengal,Bardhaman,Maize,2021,28.6,70.0,483.3,127.9,3.44
4504,West Bengal,Bardhaman,Cotton,2021,19.1,70.0,790.4,109.4,2.34
4505,Maharashtra,Nashik,Wheat,2021,27.4,70.0,898.8,172.3,3.94
4506,Maharashtra,Nashik,Rice,2021,24.7,70.0,645.7,146.7,3.94
4507,Maharashtra,Nashik,Maize,2021,29.2,70.0,462.7,112.5,2.74
4508,Maharashtra,Nashik,Cotton,2021,38.2,70.0,117.5,4.3,0.23
4509,Maharashtra,Pune,Wheat,2021,26.9,70.0,536.9,151.5,3.89
4510,Maharashtra,Pune,Rice,2021,19.1,70.0,680.5,114.7,3.61
4511,Maharashtra,Pune,Maize,2021,21.4,70.0,383.1,98.2,3.4
4512,Maharashtra,Pune,Cotton,2021,18.9,70.0,486.9,73.4,2.11
4513,Tamil Nadu,Thanjavur,Wheat,2021,18.8,70.0,486.5,218.0,4.65
4514,Tamil Nadu,Thanjavur,Rice,2021,29.9,70.0,731.2,162.2,3.82
4515,Tamil Nadu,Thanjavur,Maize,2021,40.4,70.0,64.3,10.6,0.1
4516,Tamil Nadu,Thanjavur,Cotton,2021,27.4,70.0,791.8,66.9,2.25
4517,Andhra Pradesh,Kurnool,Wheat,2021,20.3,70.0,353.6,188.5,4.4
4518,Andhra Pradesh,Kurnool,Rice,2021,24.6,70.0,519.7,123.6,3.7
4519,Andhra Pradesh,Kurnool,Maize,2021,24.5,70.0,714.8,141.7,3.59
4520,Andhra Pradesh,Kurnool,Cotton,2021,23.3,70.0,938.2,93.1,2.23
4521,Punjab,Ludhiana,Wheat,2022,18.9,70.0,951.4,137.6,4.46
4522,Punjab,Ludhiana,Rice,2022,28.9,70.0,783.3,125.7,3.32
4523,Punjab,Ludhiana,Maize,2022,26.0,70.0,986.2,111.5,2.97
4524,Punjab,Ludhiana,Cotton,2022,23.3,70.0,417.8,109.6,2.39
4525,Punjab,Patiala,Wheat,2022,36.7,70.0,140.9,27.5,0.16
4526,Punjab,Patiala,Rice,2022,20.4,70.0,848.3,87.2,3.64
4527,Punjab,Patiala,Maize,2022,25.1,70.0,849.9,142.6,3.36
4528,Punjab,Patiala,Cotton,2022,25.3,70.0,497.3,114.1,2.51
4529,Uttar Pradesh,Kanpur,Wheat,2022,21.3,70.0,510.6,202.7,4.55
4530,Uttar Pradesh,Kanpur,Rice,2022,23.9,70.0,979.5,142.4,4.39
4531,Uttar Pradesh,Kanpur,Maize,2022,25.4,70.0,567.5,171.7,3.58
4532,Uttar Pradesh,Kanpur,Cotton,2022,25.0,70.0,684.4,105.9,2.5
4533,Uttar Pradesh,Varanasi,Wheat,2022,24.8,70.0,825.2,163.1,4.46
4534,Uttar Pradesh,Varanasi,Rice,2022,23.8,70.0,771.3,147.3,3.93
4535,Uttar Pradesh,Varanasi,Maize,2022,22.8,70.0,323.8,131.6,3.61
4536,Uttar Pradesh,Varanasi,Cotton,2022,22.6,70.0,461.2,108.9,2.21
4537,West Bengal,Hooghly,Wheat,2022,25.4,70.0,490.1,176.4,4.15
4538,West Bengal,Hooghly,Rice,2022,21.7,70.0,461.0,166.4,4.09
4539,West Bengal,Hooghly,Maize,2022,22.4,70.0,823.6,140.8,3.38
4540,West Bengal,Hooghly,Cotton,2022,22.3,70.0,905.7,98.2,2.01
4541,West Bengal,Bardhaman,Wheat,2022,26.8,70.0,376.4,183.8,4.46
4542,West Bengal,Bardhaman,Rice,2022,41.2,70.0,109.6,24.8,0.32
4543,West Bengal,Bardhaman,Maize,2022,36.2,70.0,136.3,25.2,1.19
4544,West Bengal,Bardhaman,Cotton,2022,27.3,70.0,377.7,164.9,2.32
4545,Maharashtra,Nashik,Wheat,2022,20.1,70.0,467.2,145.1,4.08
4546,Maharashtra,Nashik,Rice,2022,39.2,70.0,94.5,10.7,0.29
4547,Maharashtra,Nashik,Maize,2022,19.4,70.0,899.9,137.7,3.45
4548,Maharashtra,Nashik,Cotton,2022,28.2,70.0,551.2,115.9,2.51
4549,Maharashtra,Pune,Wheat,2022,28.4,70.0,337.3,180.8,4.33
4550,Maharashtra,Pune,Rice,2022,24.2,70.0,927.9,194.0,3.9
4551,Maharashtra,Pune,Maize,2022,25.0,70.0,840.9,110.2,3.85
4552,Maharashtra,Pune,Cotton,2022,18.2,70.0,545.8,80.6,2.06
4553,Tamil Nadu,Thanjavur,Wheat,2022,21.0,70.0,904.5,171.1,4.36
4554,Tamil Nadu,Thanjavur,Rice,2022,20.9,70.0,310.2,166.7,4.06
4555,Tamil Nadu,Thanjavur,Maize,2022,19.3,70.0,543.0,94.9,3.09
4556,Tamil Nadu,Thanjavur,Cotton,2022,26.5,70.0,914.4,71.4,2.18
4557,Andhra Pradesh,Kurnool,Wheat,2022,36.2,70.0,118.4,12.3,0.43
4558,Andhra Pradesh,Kurnool,Rice,2022,28.7,70.0,415.7,145.2,3.79
4559,Andhra Pradesh,Kurnool,Maize,2022,27.6,70.0,978.2,101.9,3.54
4560,Andhra Pradesh,Kurnool,Cotton,2022,27.2,70.0,943.3,133.2,2.42
4561,Punjab,Ludhiana,Wheat,2023,23.5,70.0,643.4,162.7,4.74
4562,Punjab,Ludhiana,Rice,2023,24.3,70.0,431.5,103.1,3.25
4563,Punjab,Ludhiana,Maize,2023,35.2,70.0,143.7,10.4,0.42
4564,Punjab,Ludhiana,Cotton,2023,28.7,70.0,977.1,129.1,2.59
4565,Punjab,Patiala,Wheat,2023,39.6,70.0,113.3,26.6,0.21
4566,Punjab,Patiala,Rice,2023,38.9,70.0,92.4,17.4,0.22
4567,Punjab,Patiala,Maize,2023,27.4,70.0,520.2,117.5,3.11
4568,Punjab,Patiala,Cotton,2023,21.5,70.0,853.5,119.8,2.31
4569,Uttar Pradesh,Kanpur,Wheat,2023,21.7,70.0,783.3,176.7,4.83
4570,Uttar Pradesh,Kanpur,Rice,2023,18.0,70.0,490.0,155.0,3.78
4571,Uttar Pradesh,Kanpur,Maize,2023,28.2,70.0,889.3,93.0,3.64
4572,Uttar Pradesh,Kanpur,Cotton,2023,29.1,70.0,336.6,120.7,2.49
4573,Uttar Pradesh,Varanasi,Wheat,2023,23.1,70.0,506.7,155.1,4.49
4574,Uttar Pradesh,Varanasi,Rice,2023,41.6,70.0,79.3,17.5,0.1
4575,Uttar Pradesh,Varanasi,Maize,2023,19.1,70.0,951.6,76.1,3.45
4576,Uttar Pradesh,Varanasi,Cotton,2023,27.5,70.0,969.8,98.7,2.25
4577,West Bengal,Hooghly,Wheat,2023,28.9,70.0,404.1,155.1,4.16
4578,West Bengal,Hooghly,Rice,2023,29.0,70.0,312.7,102.3,3.54
4579,West Bengal,Hooghly,Maize,2023,23.4,70.0,695.1,92.6,2.73
4580,West Bengal,Hooghly,Cotton,2023,23.2,70.0,670.0,151.7,2.43
4581,West Bengal,Bardhaman,Wheat,2023,27.1,70.0,919.1,181.3,4.1
4582,West Bengal,Bardhaman,Rice,2023,25.7,70.0,407.5,97.7,3.18
4583,West Bengal,Bardhaman,Maize,2023,41.9,70.0,131.6,28.7,0.53
4584,West Bengal,Bardhaman,Cotton,2023,26.0,70.0,825.6,130.3,2.26
4585,Maharashtra,Nashik,Wheat,2023,25.3,70.0,976.6,208.0,4.32
4586,Maharashtra,Nashik,Rice,2023,21.6,70.0,632.3,143.6,2.74
4587,Maharashtra,Nashik,Maize,2023,27.8,70.0,747.0,114.2,3.08
4588,Maharashtra,Nashik,Cotton,2023,40.6,70.0,79.2,9.7,0.1
4589,Maharashtra,Pune,Wheat,2023,20.7,70.0,878.5,138.3,3.87
4590,Maharashtra,Pune,Rice,2023,38.7,70.0,84.8,23.3,0.34
4591,Maharashtra,Pune,Maize,2023,18.8,70.0,506.6,149.8,3.96
4592,Maharashtra,Pune,Cotton,2023,29.6,70.0,853.9,95.5,2.2
4593,Tamil Nadu,Thanjavur,Wheat,2023,27.3,70.0,914.1,186.2,4.57
4594,Tamil Nadu,Thanjavur,Rice,2023,18.9,70.0,780.5,160.5,4.04
4595,Tamil Nadu,Thanjavur,Maize,2023,29.8,70.0,530.1,72.9,2.72
4596,Tamil Nadu,Thanjavur,Cotton,2023,25.1,70.0,909.1,128.8,2.34
4597,Andhra Pradesh,Kurnool,Wheat,2023,38.3,70.0,59.3,27.2,0.28
4598,Andhra Pradesh,Kurnool,Rice,2023,28.0,70.0,479.3,140.7,3.7
4599,Andhra Pradesh,Kurnool,Maize,2023,19.9,70.0,447.6,102.3,2.67
4600,Andhra Pradesh,Kurnool,Cotton,2023,27.5,70.0,649.2,87.7,1.79
4601,Punjab,Ludhiana,Wheat,2019,18.3,70.0,358.0,124.8,3.78
4602,Punjab,Ludhiana,Rice,2019,27.6,70.0,978.7,127.2,3.76
4603,Punjab,Ludhiana,Maize,2019,29.3,70.0,376.1,124.1,3.28
4604,Punjab,Ludhiana,Cotton,2019,20.6,70.0,950.5,115.8,2.37
4605,Punjab,Patiala,Wheat,2019,25.6,70.0,892.0,153.8,3.97
4606,Punjab,Patiala,Rice,2019,24.4,70.0,814.3,143.2,3.67
4607,Punjab,Patiala,Maize,2019,26.2,70.0,305.9,138.8,3.28
4608,Punjab,Patiala,Cotton,2019,29.4,70.0,446.2,54.8,1.96
4609,Uttar Pradesh,Kanpur,Wheat,2019,35.9,70.0,114.4,29.7,0.1
4610,Uttar Pradesh,Kanpur,Rice,2019,23.1,70.0,915.9,83.3,2.71
4611,Uttar Pradesh,Kanpur,Maize,2019,18.4,70.0,583.6,136.2,3.7
4612,Uttar Pradesh,Kanpur,Cotton,2019,19.7,70.0,622.6,37.1,1.87
4613,Uttar Pradesh,Varanasi,Wheat,2019,21.2,70.0,303.7,173.1,4.29
4614,Uttar Pradesh,Varanasi,Rice,2019,19.0,70.0,855.7,113.7,3.49
4615,Uttar Pradesh,Varanasi,Maize,2019,40.1,70.0,108.0,11.5,0.31
4616,Uttar Pradesh,Varanasi,Cotton,2019,21.5,70.0,392.2,96.7,2.54
4617,West Bengal,Hooghly,Wheat,2019,26.4,70.0,444.3,156.6,3.49
4618,West Bengal,Hooghly,Rice,2019,35.7,70.0,112.2,15.7,0.22
4619,West Bengal,Hooghly,Maize,2019,20.2,70.0,939.6,84.9,2.91
4620,West Bengal,Hooghly,Cotton,2019,24.5,70.0,352.4,102.8,2.25
4621,West Bengal,Bardhaman,Wheat,2019,28.0,70.0,643.5,139.2,4.12
4622,West Bengal,Bardhaman,Rice,2019,18.5,70.0,686.7,107.2,3.4
4623,West Bengal,Bardhaman,Maize,2019,25.4,70.0,758.8,129.7,3.1
4624,West Bengal,Bardhaman,Cotton,2019,36.7,70.0,96.2,8.4,0.11
4625,Maharashtra,Nashik,Wheat,2019,35.8,70.0,73.5,23.6,0.11
4626,Maharashtra,Nashik,Rice,2019,39.0,70.0,142.9,6.7,0.22
4627,Maharashtra,Nashik,Maize,2019,25.0,70.0,331.5,100.5,3.0
4628,Maharashtra,Nashik,Cotton,2019,23.2,70.0,379.7,138.6,2.66
4629,Maharashtra,Pune,Wheat,2019,19.9,70.0,523.9,200.5,4.4
4630,Maharashtra,Pune,Rice,2019,25.0,70.0,556.6,144.6,3.89
4631,Maharashtra,Pune,Maize,2019,25.5,70.0,859.4,114.9,2.91
4632,Maharashtra,Pune,Cotton,2019,38.6,70.0,144.2,14.8,0.31
4633,Tamil Nadu,Thanjavur,Wheat,2019,23.6,70.0,621.2,180.9,4.67
4634,Tamil Nadu,Thanjavur,Rice,2019,19.6,70.0,382.2,88.5,3.5
4635,Tamil Nadu,Thanjavur,Maize,2019,37.6,70.0,116.4,8.1,0.34
4636,Tamil Nadu,Thanjavur,Cotton,2019,18.7,70.0,728.9,105.5,2.13
4637,Andhra Pradesh,Kurnool,Wheat,2019,24.1,70.0,422.4,134.2,4.04
4638,Andhra Pradesh,Kurnool,Rice,2019,20.7,70.0,386.3,131.8,3.76
4639,Andhra Pradesh,Kurnool,Maize,2019,29.3,70.0,906.9,128.6,2.86
4640,Andhra Pradesh,Kurnool,Cotton,2019,18.2,70.0,334.4,123.4,2.52
4641,Punjab,Ludhiana,Wheat,2020,19.1,70.0,361.7,148.9,3.82
4642,Punjab,Ludhiana,Rice,2020,24.3,70.0,543.0,137.9,3.46
4643,Punjab,Ludhiana,Maize,2020,29.5,70.0,742.5,129.2,3.36
4644,Punjab,Ludhiana,Cotton,2020,25.2,70.0,679.2,136.4,2.61
4645,Punjab,Patiala,Wheat,2020,18.1,70.0,457.2,146.0,4.06
4646,Punjab,Patiala,Rice,2020,22.1,70.0,484.9,128.0,3.43
4647,Punjab,Patiala,Maize,2020,18.8,70.0,306.0,143.9,3.0
4648,Punjab,Patiala,Cotton,2020,21.5,70.0,692.0,65.3,1.87
4649,Uttar Pradesh,Kanpur,Wheat,2020,25.9,70.0,808.6,190.5,4.83
4650,Uttar Pradesh,Kanpur,Rice,2020,28.9,70.0,304.6,136.8,3.71
4651,Uttar Pradesh,Kanpur,Maize,2020,20.7,70.0,845.6,123.8,3.2
4652,Uttar Pradesh,Kanpur,Cotton,2020,25.5,70.0,932.7,125.3,2.36
4653,Uttar Pradesh,Varanasi,Wheat,2020,29.0,70.0,428.5,191.6,4.29
4654,Uttar Pradesh,Varanasi,Rice,2020,40.3,70.0,88.8,10.1,0.3
4655,Uttar Pradesh,Varanasi,Maize,2020,22.3,70.0,737.9,109.7,3.22
4656,Uttar Pradesh,Varanasi,Cotton,2020,22.2,70.0,726.1,116.6,2.75
4657,West Bengal,Hooghly,Wheat,2020,20.6,70.0,902.3,196.0,4.54
4658,West Bengal,Hooghly,Rice,2020,20.8,70.0,362.2,134.6,3.52
4659,West Bengal,Hooghly,Maize,2020,21.5,70.0,727.9,103.8,3.45
4660,West Bengal,Hooghly,Cotton,2020,24.0,70.0,939.5,94.0,2.45
4661,West Bengal,Bardhaman,Wheat,2020,18.5,70.0,808.1,172.3,4.07
4662,West Bengal,Bardhaman,Rice,2020,24.5,70.0,800.2,161.6,3.97
4663,West Bengal,Bardhaman,Maize,2020,23.7,70.0,648.8,100.7,3.4
4664,West Bengal,Bardhaman,Cotton,2020,18.2,70.0,672.8,114.9,1.97
4665,Maharashtra,Nashik,Wheat,2020,22.1,70.0,893.0,176.9,4.76
4666,Maharashtra,Nashik,Rice,2020,20.9,70.0,913.6,136.6,3.54
4667,Maharashtra,Nashik,Maize,2020,19.2,70.0,649.9,136.1,3.12
4668,Maharashtra,Nashik,Cotton,2020,19.1,70.0,418.7,101.3,2.07
4669,Maharashtra,Pune,Wheat,2020,19.9,70.0,856.3,145.1,3.57
4670,Maharashtra,Pune,Rice,2020,26.7,70.0,628.2,122.5,3.57
4671,Maharashtra,Pune,Maize,2020,21.5,70.0,306.3,133.3,3.26
4672,Maharashtra,Pune,Cotton,2020,23.3,70.0,750.3,127.4,2.63
4673,Tamil Nadu,Thanjavur,Wheat,2020,22.9,70.0,918.9,154.9,4.29
4674,Tamil Nadu,Thanjavur,Rice,2020,39.2,70.0,64.4,10.5,0.3
4675,Tamil Nadu,Thanjavur,Maize,2020,26.2,70.0,317.8,173.4,3.66
4676,Tamil Nadu,Thanjavur,Cotton,2020,22.2,70.0,690.5,94.1,2.32
4677,Andhra Pradesh,Kurnool,Wheat,2020,22.8,70.0,758.3,207.4,4.62
4678,Andhra Pradesh,Kurnool,Rice,2020,25.3,70.0,973.2,175.1,4.26
4679,Andhra Pradesh,Kurnool,Maize,2020,24.2,70.0,521.8,81.9,3.13
4680,Andhra Pradesh,Kurnool,Cotton,2020,29.5,70.0,766.2,106.4,2.32
4681,Punjab,Ludhiana,Wheat,2021,26.1,70.0,827.3,190.4,4.08
4682,Punjab,Ludhiana,Rice,2021,35.7,70.0,149.4,18.2,0.39
4683,Punjab,Ludhiana,Maize,2021,18.9,70.0,517.6,104.3,3.0
4684,Punjab,Ludhiana,Cotton,2021,24.2,70.0,534.8,87.6,2.33
4685,Punjab,Patiala,Wheat,2021,26.1,70.0,396.2,153.8,4.4
4686,Punjab,Patiala,Rice,2021,35.4,70.0,62.8,14.7,0.47
4687,Punjab,Patiala,Maize,2021,22.2,70.0,772.5,108.9,3.0
4688,Punjab,Patiala,Cotton,2021,18.7,70.0,555.1,171.6,2.5
4689,Uttar Pradesh,Kanpur,Wheat,2021,27.3,70.0,627.0,131.2,4.24
4690,Uttar Pradesh,Kanpur,Rice,2021,27.0,70.0,314.5,141.4,3.71
4691,Uttar Pradesh,Kanpur,Maize,2021,20.8,70.0,961.5,131.9,3.42
4692,Uttar Pradesh,Kanpur,Cotton,2021,24.5,70.0,941.3,133.6,2.41
4693,Uttar Pradesh,Varanasi,Wheat,2021,27.7,70.0,533.2,201.5,4.83
4694,Uttar Pradesh,Varanasi,Rice,2021,26.8,70.0,548.2,140.6,3.77
4695,Uttar Pradesh,Varanasi,Maize,2021,20.7,70.0,891.8,125.1,3.45
4696,Uttar Pradesh,Varanasi,Cotton,2021,23.3,70.0,644.1,128.8,2.65
4697,West Bengal,Hooghly,Wheat,2021,22.5,70.0,778.2,165.5,4.55
4698,West Bengal,Hooghly,Rice,2021,20.8,70.0,459.5,140.9,4.27
4699,West Bengal,Hooghly,Maize,2021,27.7,70.0,705.1,134.5,3.14
4700,West Bengal,Hooghly,Cotton,2021,22.6,70.0,747.7,124.0,2.19
4701,West Bengal,Bardhaman,Wheat,2021,29.0,70.0,944.6,187.6,3.77
4702,West Bengal,Bardhaman,Rice,2021,19.4,70.0,659.1,138.7,3.62
4703,West Bengal,Bardhaman,Maize,2021,18.6,70.0,916.1,172.6,3.39
4704,West Bengal,Bardhaman,Cotton,2021,38.1,70.0,113.1,29.2,0.1
4705,Maharashtra,Nashik,Wheat,2021,29.0,70.0,339.6,189.8,4.53
4706,Maharashtra,Nashik,Rice,2021,27.8,70.0,979.6,93.7,3.09
4707,Maharashtra,Nashik,Maize,2021,19.5,70.0,816.3,107.4,3.08
4708,Maharashtra,Nashik,Cotton,2021,18.9,70.0,939.5,106.6,2.42
4709,Maharashtra,Pune,Wheat,2021,23.2,70.0,645.0,183.6,3.84
4710,Maharashtra,Pune,Rice,2021,37.3,70.0,81.4,4.6,0.11
4711,Maharashtra,Pune,Maize,2021,29.1,70.0,718.9,159.8,3.18
4712,Maharashtra,Pune,Cotton,2021,23.7,70.0,385.9,141.4,2.46
4713,Tamil Nadu,Thanjavur,Wheat,2021,21.3,70.0,900.7,219.6,4.51
4714,Tamil Nadu,Thanjavur,Rice,2021,26.2,70.0,417.1,167.5,3.91
4715,Tamil Nadu,Thanjavur,Maize,2021,23.9,70.0,526.3,76.3,3.15
4716,Tamil Nadu,Thanjavur,Cotton,2021,18.6,70.0,546.8,71.1,1.77
4717,Andhra Pradesh,Kurnool,Wheat,2021,26.0,70.0,679.8,155.1,4.35
4718,Andhra Pradesh,Kurnool,Rice,2021,41.5,70.0,61.5,16.0,0.27
4719,Andhra Pradesh,Kurnool,Maize,2021,35.8,70.0,143.0,3.0,0.15
4720,Andhra Pradesh,Kurnool,Cotton,2021,19.8,70.0,538.8,129.9,2.12
4721,Punjab,Ludhiana,Wheat,2022,25.8,70.0,653.8,181.0,4.04
4722,Punjab,Ludhiana,Rice,2022,23.1,70.0,785.2,172.3,3.82
4723,Punjab,Ludhiana,Maize,2022,23.2,70.0,574.0,127.5,3.05
4724,Punjab,Ludhiana,Cotton,2022,28.6,70.0,962.0,131.7,2.36
4725,Punjab,Patiala,Wheat,2022,40.2,70.0,77.9,7.2,0.31
4726,Punjab,Patiala,Rice,2022,37.0,70.0,78.4,16.1,0.39
4727,Punjab,Patiala,Maize,2022,41.1,70.0,82.5,20.5,0.41
4728,Punjab,Patiala,Cotton,2022,25.2,70.0,962.9,73.1,2.11
4729,Uttar Pradesh,Kanpur,Wheat,2022,30.0,70.0,934.8,171.8,4.59
4730,Uttar Pradesh,Kanpur,Rice,2022,37.1,70.0,143.0,9.2,0.19
4731,Uttar Pradesh,Kanpur,Maize,2022,19.6,70.0,864.8,136.2,4.0
4732,Uttar Pradesh,Kanpur,Cotton,2022,41.5,70.0,136.3,3.1,0.1
4733,Uttar Pradesh,Varanasi,Wheat,2022,29.2,70.0,728.2,134.8,4.08
4734,Uttar Pradesh,Varanasi,Rice,2022,21.9,70.0,638.9,161.3,4.46
4735,Uttar Pradesh,Varanasi,Maize,2022,29.5,70.0,631.8,141.9,3.62
4736,Uttar Pradesh,Varanasi,Cotton,2022,24.2,70.0,537.8,126.6,2.47
4737,West Bengal,Hooghly,Wheat,2022,28.0,70.0,522.6,157.4,3.99
4738,West Bengal,Hooghly,Rice,2022,21.2,70.0,671.2,140.4,4.21
4739,West Bengal,Hooghly,Maize,2022,40.9,70.0,142.8,19.1,0.2
4740,West Bengal,Hooghly,Cotton,2022,40.4,70.0,59.4,28.5,0.62
4741,West Bengal,Bardhaman,Wheat,2022,20.0,70.0,670.2,137.2,4.03
4742,West Bengal,Bardhaman,Rice,2022,19.7,70.0,563.1,130.9,4.16
4743,West Bengal,Bardhaman,Maize,2022,18.3,70.0,836.2,89.0,2.73
4744,West Bengal,Bardhaman,Cotton,2022,19.1,70.0,727.2,113.1,2.18
4745,Maharashtra,Nashik,Wheat,2022,24.0,70.0,732.8,169.4,3.64
4746,Maharashtra,Nashik,Rice,2022,22.3,70.0,722.7,142.4,3.74
4747,Maharashtra,Nashik,Maize,2022,22.9,70.0,475.0,103.8,2.86
4748,Maharashtra,Nashik,Cotton,2022,27.0,70.0,709.3,135.2,2.44
4749,Maharashtra,Pune,Wheat,2022,21.7,70.0,953.4,152.5,4.28
4750,Maharashtra,Pune,Rice,2022,21.5,70.0,397.6,163.4,3.56
4751,Maharashtra,Pune,Maize,2022,27.6,70.0,351.0,108.2,2.69
4752,Maharashtra,Pune,Cotton,2022,24.8,70.0,447.5,123.1,2.24
4753,Tamil Nadu,Thanjavur,Wheat,2022,26.2,70.0,306.4,164.0,4.32
4754,Tamil Nadu,Thanjavur,Rice,2022,22.7,70.0,795.7,116.4,4.07
4755,Tamil Nadu,Thanjavur,Maize,2022,21.1,70.0,433.5,99.5,2.85
4756,Tamil Nadu,Thanjavur,Cotton,2022,23.5,70.0,810.3,178.3,2.65
4757,Andhra Pradesh,Kurnool,Wheat,2022,22.7,70.0,692.5,171.2,4.46
4758,Andhra Pradesh,Kurnool,Rice,2022,19.2,70.0,921.9,151.5,3.86
4759,Andhra Pradesh,Kurnool,Maize,2022,39.9,70.0,78.5,19.5,0.35
4760,Andhra Pradesh,Kurnool,Cotton,2022,23.6,70.0,614.6,101.8,2.59
4761,Punjab,Ludhiana,Wheat,2023,22.2,70.0,560.7,175.8,4.47
4762,Punjab,Ludhiana,Rice,2023,25.2,70.0,648.7,125.9,3.46
4763,Punjab,Ludhiana,Maize,2023,21.0,70.0,662.2,145.7,3.61
4764,Punjab,Ludhiana,Cotton,2023,25.7,70.0,311.8,145.6,2.35
4765,Punjab,Patiala,Wheat,2023,28.3,70.0,871.9,175.1,3.87
4766,Punjab,Patiala,Rice,2023,22.4,70.0,636.4,132.4,3.71
4767,Punjab,Patiala,Maize,2023,29.0,70.0,901.3,103.3,3.0
4768,Punjab,Patiala,Cotton,2023,21.7,70.0,567.6,84.8,1.92
4769,Uttar Pradesh,Kanpur,Wheat,2023,20.8,70.0,624.9,203.4,4.41
4770,Uttar Pradesh,Kanpur,Rice,2023,25.2,70.0,730.0,128.6,3.9
4771,Uttar Pradesh,Kanpur,Maize,2023,25.3,70.0,909.1,122.3,3.48
4772,Uttar Pradesh,Kanpur,Cotton,2023,20.2,70.0,652.2,81.5,2.22
4773,Uttar Pradesh,Varanasi,Wheat,2023,37.0,70.0,93.6,0.4,0.19
4774,Uttar Pradesh,Varanasi,Rice,2023,22.5,70.0,614.1,166.6,4.07
4775,Uttar Pradesh,Varanasi,Maize,2023,36.2,70.0,114.5,15.6,0.28
4776,Uttar Pradesh,Varanasi,Cotton,2023,25.5,70.0,331.2,75.0,2.42
4777,West Bengal,Hooghly,Wheat,2023,18.4,70.0,619.8,143.1,4.07
4778,West Bengal,Hooghly,Rice,2023,36.1,70.0,54.5,1.7,0.31
4779,West Bengal,Hooghly,Maize,2023,21.0,70.0,686.2,132.4,3.91
4780,West Bengal,Hooghly,Cotton,2023,41.0,70.0,97.4,17.4,0.1
4781,West Bengal,Bardhaman,Wheat,2023,22.4,70.0,434.2,186.4,4.09
4782,West Bengal,Bardhaman,Rice,2023,20.6,70.0,378.3,159.8,4.33
4783,West Bengal,Bardhaman,Maize,2023,25.9,70.0,743.4,132.0,3.02
4784,West Bengal,Bardhaman,Cotton,2023,40.9,70.0,95.0,11.0,0.1
4785,Maharashtra,Nashik,Wheat,2023,22.6,70.0,561.5,175.5,3.68
4786,Maharashtra,Nashik,Rice,2023,29.2,70.0,498.0,156.2,3.47
4787,Maharashtra,Nashik,Maize,2023,27.5,70.0,316.2,97.1,2.81
4788,Maharashtra,Nashik,Cotton,2023,28.1,70.0,868.1,126.1,2.3
4789,Maharashtra,Pune,Wheat,2023,19.6,70.0,846.7,121.1,4.36
4790,Maharashtra,Pune,Rice,2023,27.0,70.0,433.1,158.9,3.4
4791,Maharashtra,Pune,Maize,2023,28.2,70.0,485.7,137.2,3.44
4792,Maharashtra,Pune,Cotton,2023,22.4,70.0,469.5,108.3,2.21
4793,Tamil Nadu,Thanjavur,Wheat,2023,26.2,70.0,620.8,157.4,4.47
4794,Tamil Nadu,Thanjavur,Rice,2023,23.9,70.0,350.2,133.0,3.7
4795,Tamil Nadu,Thanjavur,Maize,2023,29.2,70.0,473.5,93.6,3.12
4796,Tamil Nadu,Thanjavur,Cotton,2023,19.9,70.0,358.9,102.3,2.25
4797,Andhra Pradesh,Kurnool,Wheat,2023,23.9,70.0,856.9,214.9,4.32
4798,Andhra Pradesh,Kurnool,Rice,2023,19.8,70.0,709.7,190.2,4.41
4799,Andhra Pradesh,Kurnool,Maize,2023,21.4,70.0,373.8,122.5,3.33
4800,Andhra Pradesh,Kurnool,Cotton,2023,29.9,70.0,553.5,105.5,2.15
4801,Punjab,Ludhiana,Wheat,2019,22.4,70.0,381.9,137.8,3.89
4802,Punjab,Ludhiana,Rice,2019,21.9,70.0,892.3,183.9,3.87
4803,Punjab,Ludhiana,Maize,2019,24.4,70.0,716.6,91.4,3.53
4804,Punjab,Ludhiana,Cotton,2019,37.2,70.0,50.8,5.5,0.33
4805,Punjab,Patiala,Wheat,2019,39.5,70.0,62.5,21.1,0.33
4806,Punjab,Patiala,Rice,2019,41.0,70.0,96.2,9.6,0.1
4807,Punjab,Patiala,Maize,2019,19.0,70.0,653.6,109.9,2.99
4808,Punjab,Patiala,Cotton,2019,25.8,70.0,899.2,105.5,2.08
4809,Uttar Pradesh,Kanpur,Wheat,2019,21.2,70.0,367.3,169.4,4.18
4810,Uttar Pradesh,Kanpur,Rice,2019,28.9,70.0,315.4,135.4,3.51
4811,Uttar Pradesh,Kanpur,Maize,2019,29.4,70.0,480.4,133.1,3.5
4812,Uttar Pradesh,Kanpur,Cotton,2019,35.1,70.0,57.1,19.6,0.14
4813,Uttar Pradesh,Varanasi,Wheat,2019,21.3,70.0,899.6,187.7,4.54
4814,Uttar Pradesh,Varanasi,Rice,2019,27.2,70.0,474.9,170.8,3.91
4815,Uttar Pradesh,Varanasi,Maize,2019,28.4,70.0,467.4,104.4,3.05
4816,Uttar Pradesh,Varanasi,Cotton,2019,35.8,70.0,56.6,3.5,0.1
4817,West Bengal,Hooghly,Wheat,2019,29.7,70.0,958.9,153.2,4.81
4818,West Bengal,Hooghly,Rice,2019,18.3,70.0,776.3,126.6,4.08
4819,West Bengal,Hooghly,Maize,2019,23.8,70.0,734.1,132.6,3.14
4820,West Bengal,Hooghly,Cotton,2019,36.0,70.0,85.3,13.5,0.23
4821,West Bengal,Bardhaman,Wheat,2019,21.9,70.0,429.5,177.7,4.4
4822,West Bengal,Bardhaman,Rice,2019,22.9,70.0,535.2,157.0,4.05
4823,West Bengal,Bardhaman,Maize,2019,24.5,70.0,401.1,126.7,3.39
4824,West Bengal,Bardhaman,Cotton,2019,21.9,70.0,348.3,116.7,2.15
4825,Maharashtra,Nashik,Wheat,2019,39.8,70.0,60.5,17.1,0.34
4826,Maharashtra,Nashik,Rice,2019,36.1,70.0,148.5,28.7,0.37
4827,Maharashtra,Nashik,Maize,2019,23.8,70.0,604.0,174.3,3.45
4828,Maharashtra,Nashik,Cotton,2019,37.2,70.0,101.0,13.7,0.1
4829,Maharashtra,Pune,Wheat,2019,21.1,70.0,660.8,180.5,4.4
4830,Maharashtra,Pune,Rice,2019,23.1,70.0,704.8,142.5,3.79
4831,Maharashtra,Pune,Maize,2019,18.8,70.0,456.0,138.6,3.65
4832,Maharashtra,Pune,Cotton,2019,18.7,70.0,979.0,103.5,2.29
4833,Tamil Nadu,Thanjavur,Wheat,2019,18.1,70.0,845.2,181.9,4.42
4834,Tamil Nadu,Thanjavur,Rice,2019,27.9,70.0,960.1,117.3,3.87
4835,Tamil Nadu,Thanjavur,Maize,2019,28.7,70.0,765.4,162.3,3.69
4836,Tamil Nadu,Thanjavur,Cotton,2019,27.3,70.0,453.6,98.9,2.22
4837,Andhra Pradesh,Kurnool,Wheat,2019,40.1,70.0,109.9,14.6,0.38
4838,Andhra Pradesh,Kurnool,Rice,2019,22.3,70.0,978.9,139.2,3.79
4839,Andhra Pradesh,Kurnool,Maize,2019,26.4,70.0,590.7,121.0,3.28
4840,Andhra Pradesh,Kurnool,Cotton,2019,18.6,70.0,831.8,99.0,2.33
4841,Punjab,Ludhiana,Wheat,2020,25.4,70.0,975.1,194.0,4.35
4842,Punjab,Ludhiana,Rice,2020,23.3,70.0,656.2,110.5,3.63
4843,Punjab,Ludhiana,Maize,2020,28.2,70.0,788.7,114.7,3.4
4844,Punjab,Ludhiana,Cotton,2020,20.2,70.0,586.1,80.5,2.0
4845,Punjab,Patiala,Wheat,2020,27.1,70.0,832.9,176.1,4.41
4846,Punjab,Patiala,Rice,2020,24.3,70.0,712.5,124.2,3.41
4847,Punjab,Patiala,Maize,2020,25.5,70.0,648.4,100.2,3.07
4848,Punjab,Patiala,Cotton,2020,25.8,70.0,396.3,92.7,2.41
4849,Uttar Pradesh,Kanpur,Wheat,2020,41.5,70.0,141.1,7.2,0.22
4850,Uttar Pradesh,Kanpur,Rice,2020,26.8,70.0,864.9,141.3,3.28
4851,Uttar Pradesh,Kanpur,Maize,2020,22.7,70.0,776.3,96.9,3.09
4852,Uttar Pradesh,Kanpur,Cotton,2020,28.1,70.0,889.4,126.3,2.58
4853,Uttar Pradesh,Varanasi,Wheat,2020,28.8,70.0,564.8,165.9,4.39
4854,Uttar Pradesh,Varanasi,Rice,2020,41.2,70.0,80.7,17.0,0.39
4855,Uttar Pradesh,Varanasi,Maize,2020,19.1,70.0,440.1,131.7,3.62
4856,Uttar Pradesh,Varanasi,Cotton,2020,21.9,70.0,781.8,117.2,2.21
4857,West Bengal,Hooghly,Wheat,2020,24.7,70.0,520.6,195.3,4.23
4858,West Bengal,Hooghly,Rice,2020,27.7,70.0,881.4,184.7,3.81
4859,West Bengal,Hooghly,Maize,2020,18.6,70.0,669.5,123.4,0.66
4860,West Bengal,Hooghly,Cotton,2020,26.4,70.0,347.2,118.1,2.19
4861,West Bengal,Bardhaman,Wheat,2020,20.3,70.0,925.4,156.5,4.1
4862,West Bengal,Bardhaman,Rice,2020,24.0,70.0,302.5,155.8,3.86
4863,West Bengal,Bardhaman,Maize,2020,22.2,70.0,595.9,128.7,3.27
4864,West Bengal,Bardhaman,Cotton,2020,25.4,70.0,445.6,153.1,2.4
4865,Maharashtra,Nashik,Wheat,2020,36.6,70.0,116.1,8.1,0.26
4866,Maharashtra,Nashik,Rice,2020,28.8,70.0,979.0,139.4,3.74
4867,Maharashtra,Nashik,Maize,2020,26.5,70.0,565.4,147.3,3.43
4868,Maharashtra,Nashik,Cotton,2020,27.1,70.0,582.9,138.3,2.67
4869,Maharashtra,Pune,Wheat,2020,40.9,70.0,134.6,18.9,0.24
4870,Maharashtra,Pune,Rice,2020,27.2,70.0,569.5,80.7,2.63
4871,Maharashtra,Pune,Maize,2020,26.7,70.0,940.8,99.2,3.16
4872,Maharashtra,Pune,Cotton,2020,24.1,70.0,947.4,81.7,1.95
4873,Tamil Nadu,Thanjavur,Wheat,2020,18.4,70.0,787.2,209.9,4.71
4874,Tamil Nadu,Thanjavur,Rice,2020,38.1,70.0,125.4,29.2,0.26
4875,Tamil Nadu,Thanjavur,Maize,2020,28.8,70.0,623.6,72.6,3.07
4876,Tamil Nadu,Thanjavur,Cotton,2020,41.5,70.0,125.7,12.6,0.27
4877,Andhra Pradesh,Kurnool,Wheat,2020,20.5,70.0,475.0,191.8,3.96
4878,Andhra Pradesh,Kurnool,Rice,2020,36.3,70.0,76.7,1.0,0.13
4879,Andhra Pradesh,Kurnool,Maize,2020,29.7,70.0,981.3,74.0,2.68
4880,Andhra Pradesh,Kurnool,Cotton,2020,24.8,70.0,380.5,77.1,1.96
4881,Punjab,Ludhiana,Wheat,2021,23.3,70.0,708.3,167.5,4.08
4882,Punjab,Ludhiana,Rice,2021,40.5,70.0,70.9,0.3,0.25
4883,Punjab,Ludhiana,Maize,2021,22.8,70.0,734.3,144.6,2.91
4884,Punjab,Ludhiana,Cotton,2021,21.0,70.0,342.2,127.2,2.18
4885,Punjab,Patiala,Wheat,2021,21.2,70.0,540.2,145.9,3.77
4886,Punjab,Patiala,Rice,2021,24.5,70.0,530.6,150.7,3.76
4887,Punjab,Patiala,Maize,2021,35.6,70.0,138.7,9.8,0.28
4888,Punjab,Patiala,Cotton,2021,26.1,70.0,471.0,109.7,2.54
4889,Uttar Pradesh,Kanpur,Wheat,2021,41.5,70.0,62.9,19.4,0.34
4890,Uttar Pradesh,Kanpur,Rice,2021,19.6,70.0,896.7,125.2,3.87
4891,Uttar Pradesh,Kanpur,Maize,2021,29.0,70.0,569.4,110.3,3.43
4892,Uttar Pradesh,Kanpur,Cotton,2021,25.9,70.0,923.5,67.9,2.19
4893,Uttar Pradesh,Varanasi,Wheat,2021,21.5,70.0,536.2,169.1,4.51
4894,Uttar Pradesh,Varanasi,Rice,2021,28.7,70.0,611.3,144.0,3.74
4895,Uttar Pradesh,Varanasi,Maize,2021,21.8,70.0,519.1,130.8,3.24
4896,Uttar Pradesh,Varanasi,Cotton,2021,18.9,70.0,570.1,64.0,2.29
4897,West Bengal,Hooghly,Wheat,2021,21.9,70.0,527.7,209.0,4.6
4898,West Bengal,Hooghly,Rice,2021,19.1,70.0,357.3,125.0,3.88
4899,West Bengal,Hooghly,Maize,2021,21.9,70.0,579.6,81.4,2.82
4900,West Bengal,Hooghly,Cotton,2021,29.3,70.0,927.4,137.0,2.49
4901,West Bengal,Bardhaman,Wheat,2021,18.6,70.0,592.5,223.2,4.64
4902,West Bengal,Bardhaman,Rice,2021,23.1,70.0,783.7,138.3,4.31
4903,West Bengal,Bardhaman,Maize,2021,19.8,70.0,701.5,121.1,3.35
4904,West Bengal,Bardhaman,Cotton,2021,22.3,70.0,570.7,152.2,2.22
4905,Maharashtra,Nashik,Wheat,2021,36.3,70.0,95.2,26.4,0.11
4906,Maharashtra,Nashik,Rice,2021,23.4,70.0,629.5,111.2,3.22
4907,Maharashtra,Nashik,Maize,2021,39.0,70.0,86.7,1.9,0.14
4908,Maharashtra,Nashik,Cotton,2021,24.6,70.0,610.7,117.8,2.28
4909,Maharashtra,Pune,Wheat,2021,40.3,70.0,108.4,23.0,0.33
4910,Maharashtra,Pune,Rice,2021,22.1,70.0,823.4,133.1,3.09
4911,Maharashtra,Pune,Maize,2021,20.6,70.0,893.4,84.5,2.73
4912,Maharashtra,Pune,Cotton,2021,18.6,70.0,857.8,126.0,2.36
4913,Tamil Nadu,Thanjavur,Wheat,2021,25.9,70.0,847.3,154.3,3.96
4914,Tamil Nadu,Thanjavur,Rice,2021,25.0,70.0,416.7,111.0,3.68
4915,Tamil Nadu,Thanjavur,Maize,2021,40.8,70.0,86.9,11.8,0.17
4916,Tamil Nadu,Thanjavur,Cotton,2021,28.5,70.0,428.6,116.4,2.25
4917,Andhra Pradesh,Kurnool,Wheat,2021,21.4,70.0,688.8,157.9,4.16
4918,Andhra Pradesh,Kurnool,Rice,2021,20.8,70.0,823.8,121.7,3.7
4919,Andhra Pradesh,Kurnool,Maize,2021,30.0,70.0,773.4,90.7,2.94
4920,Andhra Pradesh,Kurnool,Cotton,2021,28.6,70.0,772.0,117.0,2.47
4921,Punjab,Ludhiana,Wheat,2022,28.2,70.0,675.7,152.0,4.53
4922,Punjab,Ludhiana,Rice,2022,21.2,70.0,642.9,168.1,3.91
4923,Punjab,Ludhiana,Maize,2022,28.9,70.0,890.8,117.8,3.56
4924,Punjab,Ludhiana,Cotton,2022,22.1,70.0,997.3,168.4,2.75
4925,Punjab,Patiala,Wheat,2022,20.6,70.0,805.9,157.3,3.97
4926,Punjab,Patiala,Rice,2022,25.1,70.0,954.5,79.6,2.83
4927,Punjab,Patiala,Maize,2022,23.3,70.0,892.7,135.6,3.58
4928,Punjab,Patiala,Cotton,2022,39.3,70.0,149.4,3.2,0.29
4929,Uttar Pradesh,Kanpur,Wheat,2022,29.9,70.0,969.6,177.7,4.47
4930,Uttar Pradesh,Kanpur,Rice,2022,18.9,70.0,736.5,194.4,3.6
4931,Uttar Pradesh,Kanpur,Maize,2022,40.2,70.0,104.7,13.1,0.14
4932,Uttar Pradesh,Kanpur,Cotton,2022,21.7,70.0,888.0,96.9,1.86
4933,Uttar Pradesh,Varanasi,Wheat,2022,24.0,70.0,529.4,123.9,3.9
4934,Uttar Pradesh,Varanasi,Rice,2022,19.9,70.0,386.2,91.3,3.31
4935,Uttar Pradesh,Varanasi,Maize,2022,20.6,70.0,567.7,134.5,3.11
4936,Uttar Pradesh,Varanasi,Cotton,2022,40.5,70.0,111.8,26.9,0.1
4937,West Bengal,Hooghly,Wheat,2022,20.8,70.0,521.3,187.8,4.69
4938,West Bengal,Hooghly,Rice,2022,40.6,70.0,59.7,17.0,0.34
4939,West Bengal,Hooghly,Maize,2022,30.0,70.0,492.9,83.3,2.93
4940,West Bengal,Hooghly,Cotton,2022,18.5,70.0,916.8,71.3,2.15
4941,West Bengal,Bardhaman,Wheat,2022,30.0,70.0,629.0,175.6,4.4
4942,West Bengal,Bardhaman,Rice,2022,28.7,70.0,337.8,99.5,3.41
4943,West Bengal,Bardhaman,Maize,2022,21.1,70.0,301.6,76.6,2.73
4944,West Bengal,Bardhaman,Cotton,2022,20.8,70.0,746.7,114.5,2.18
4945,Maharashtra,Nashik,Wheat,2022,25.4,70.0,426.5,156.1,4.34
4946,Maharashtra,Nashik,Rice,2022,20.4,70.0,588.9,142.7,3.34
4947,Maharashtra,Nashik,Maize,2022,22.8,70.0,767.4,142.6,3.55
4948,Maharashtra,Nashik,Cotton,2022,19.7,70.0,845.3,114.1,2.18
4949,Maharashtra,Pune,Wheat,2022,27.3,70.0,906.5,170.5,3.73
4950,Maharashtra,Pune,Rice,2022,21.8,70.0,831.9,166.9,4.04
4951,Maharashtra,Pune,Maize,2022,26.3,70.0,959.9,152.0,3.01
4952,Maharashtra,Pune,Cotton,2022,22.5,70.0,339.9,119.3,2.56
4953,Tamil Nadu,Thanjavur,Wheat,2022,24.2,70.0,999.9,150.0,0.7
4954,Tamil Nadu,Thanjavur,Rice,2022,29.9,70.0,945.9,144.0,4.18
4955,Tamil Nadu,Thanjavur,Maize,2022,36.6,70.0,78.1,12.0,0.28
4956,Tamil Nadu,Thanjavur,Cotton,2022,29.9,70.0,525.4,129.6,2.53
4957,Andhra Pradesh,Kurnool,Wheat,2022,18.6,70.0,506.8,140.8,3.91
4958,Andhra Pradesh,Kurnool,Rice,2022,24.7,70.0,513.4,67.2,3.34
4959,Andhra Pradesh,Kurnool,Maize,2022,18.9,70.0,408.1,126.0,3.08
4960,Andhra Pradesh,Kurnool,Cotton,2022,26.6,70.0,438.7,112.3,2.33
4961,Punjab,Ludhiana,Wheat,2023,22.6,70.0,717.8,163.6,4.64
4962,Punjab,Ludhiana,Rice,2023,35.8,70.0,144.1,4.3,0.22
4963,Punjab,Ludhiana,Maize,2023,29.4,70.0,688.3,150.1,2.71
4964,Punjab,Ludhiana,Cotton,2023,40.3,70.0,60.4,11.2,0.1
4965,Punjab,Patiala,Wheat,2023,29.6,70.0,979.5,171.2,4.26
4966,Punjab,Patiala,Rice,2023,25.0,70.0,883.3,85.3,3.13
4967,Punjab,Patiala,Maize,2023,24.7,70.0,622.8,116.5,3.01
4968,Punjab,Patiala,Cotton,2023,27.1,70.0,440.1,100.2,2.34
4969,Uttar Pradesh,Kanpur,Wheat,2023,37.6,70.0,58.4,16.9,0.29
4970,Uttar Pradesh,Kanpur,Rice,2023,28.2,70.0,533.5,117.0,3.8
4971,Uttar Pradesh,Kanpur,Maize,2023,37.0,70.0,73.5,19.8,0.1
4972,Uttar Pradesh,Kanpur,Cotton,2023,20.5,70.0,665.5,107.3,2.4
4973,Uttar Pradesh,Varanasi,Wheat,2023,26.5,70.0,343.5,179.1,4.38
4974,Uttar Pradesh,Varanasi,Rice,2023,24.0,70.0,863.1,145.5,3.51
4975,Uttar Pradesh,Varanasi,Maize,2023,28.7,70.0,332.2,141.2,3.66
4976,Uttar Pradesh,Varanasi,Cotton,2023,28.3,70.0,737.6,127.3,2.15
4977,West Bengal,Hooghly,Wheat,2023,25.7,70.0,867.4,169.3,4.22
4978,West Bengal,Hooghly,Rice,2023,19.8,70.0,763.6,171.8,4.08
4979,West Bengal,Hooghly,Maize,2023,36.3,70.0,82.7,21.2,0.4
4980,West Bengal,Hooghly,Cotton,2023,27.6,70.0,589.1,137.5,2.31
4981,West Bengal,Bardhaman,Wheat,2023,24.5,70.0,678.9,201.7,4.29
4982,West Bengal,Bardhaman,Rice,2023,24.9,70.0,910.4,117.4,3.59
4983,West Bengal,Bardhaman,Maize,2023,24.2,70.0,747.5,89.7,2.44
4984,West Bengal,Bardhaman,Cotton,2023,21.7,70.0,654.6,113.8,2.36
4985,Maharashtra,Nashik,Wheat,2023,26.4,70.0,637.1,147.2,4.08
4986,Maharashtra,Nashik,Rice,2023,26.9,70.0,863.0,143.2,3.51
4987,Maharashtra,Nashik,Maize,2023,25.6,70.0,559.2,151.9,3.57
4988,Maharashtra,Nashik,Cotton,2023,20.5,70.0,956.2,82.2,2.26
4989,Maharashtra,Pune,Wheat,2023,18.8,70.0,447.0,140.9,4.3
4990,Maharashtra,Pune,Rice,2023,26.8,70.0,966.1,129.7,3.83
4991,Maharashtra,Pune,Maize,2023,24.2,70.0,418.6,131.6,2.92
4992,Maharashtra,Pune,Cotton,2023,27.1,70.0,906.4,59.5,2.01
4993,Tamil Nadu,Thanjavur,Wheat,2023,20.6,70.0,656.4,184.0,4.55
4994,Tamil Nadu,Thanjavur,Rice,2023,37.3,70.0,76.9,3.6,0.5
4995,Tamil Nadu,Thanjavur,Maize,2023,24.6,70.0,381.4,116.1,3.22
4996,Tamil Nadu,Thanjavur,Cotton,2023,18.0,70.0,596.9,145.8,2.47
4997,Andhra Pradesh,Kurnool,Wheat,2023,24.8,70.0,406.8,144.8,3.48
4998,Andhra Pradesh,Kurnool,Rice,2023,19.4,70.0,340.9,193.2,3.93
4999,Andhra Pradesh,Kurnool,Maize,2023,25.4,70.0,530.7,140.7,3.16
5000,Andhra Pradesh,Kurnool,Cotton,2023,26.0,70.0,454.9,119.8,2.36
5001,Punjab,Ludhiana,Wheat,2019,28.1,70.0,562.3,179.9,4.34
5002,Punjab,Ludhiana,Rice,2019,27.2,70.0,427.2,144.3,3.84
5003,Punjab,Ludhiana,Maize,2019,27.8,70.0,845.9,148.7,3.61
5004,Punjab,Ludhiana,Cotton,2019,20.6,70.0,333.3,132.6,2.35
5005,Punjab,Patiala,Wheat,2019,28.3,70.0,597.4,168.5,4.54
5006,Punjab,Patiala,Rice,2019,28.5,70.0,324.9,86.7,3.43
5007,Punjab,Patiala,Maize,2019,25.3,70.0,759.5,154.7,3.38
5008,Punjab,Patiala,Cotton,2019,21.8,70.0,886.6,106.5,2.3
5009,Uttar Pradesh,Kanpur,Wheat,2019,19.5,70.0,305.7,219.7,3.97
5010,Uttar Pradesh,Kanpur,Rice,2019,21.2,70.0,440.1,144.3,3.6
5011,Uttar Pradesh,Kanpur,Maize,2019,27.8,70.0,817.7,95.6,3.43
5012,Uttar Pradesh,Kanpur,Cotton,2019,37.7,70.0,146.7,20.8,0.33
5013,Uttar Pradesh,Varanasi,Wheat,2019,24.1,70.0,443.6,216.9,4.42
5014,Uttar Pradesh,Varanasi,Rice,2019,27.8,70.0,836.8,166.1,3.96
5015,Uttar Pradesh,Varanasi,Maize,2019,29.2,70.0,427.4,113.7,3.44
5016,Uttar Pradesh,Varanasi,Cotton,2019,20.6,70.0,871.5,71.6,2.25
5017,West Bengal,Hooghly,Wheat,2019,25.9,70.0,784.5,176.0,4.61
5018,West Bengal,Hooghly,Rice,2019,20.8,70.0,927.5,152.6,3.98
5019,West Bengal,Hooghly,Maize,2019,18.9,70.0,944.2,117.1,3.46
5020,West Bengal,Hooghly,Cotton,2019,38.8,70.0,119.1,18.3,0.38
5021,West Bengal,Bardhaman,Wheat,2019,26.5,70.0,812.6,149.4,4.0
5022,West Bengal,Bardhaman,Rice,2019,28.9,70.0,381.3,106.1,3.79
5023,West Bengal,Bardhaman,Maize,2019,22.8,70.0,468.7,103.9,3.47
5024,West Bengal,Bardhaman,Cotton,2019,36.4,70.0,74.3,12.3,0.24
5025,Maharashtra,Nashik,Wheat,2019,26.2,70.0,810.8,182.1,4.44
5026,Maharashtra,Nashik,Rice,2019,27.9,70.0,608.3,163.6,3.7
5027,Maharashtra,Nashik,Maize,2019,20.6,70.0,848.3,154.9,3.64
5028,Maharashtra,Nashik,Cotton,2019,25.7,70.0,402.2,123.0,2.43
5029,Maharashtra,Pune,Wheat,2019,21.2,70.0,832.0,185.1,4.31
5030,Maharashtra,Pune,Rice,2019,22.4,70.0,318.8,149.1,3.87
5031,Maharashtra,Pune,Maize,2019,18.6,70.0,632.9,151.6,3.37
5032,Maharashtra,Pune,Cotton,2019,18.9,70.0,602.4,111.4,2.15
5033,Tamil Nadu,Thanjavur,Wheat,2019,39.8,70.0,73.9,13.2,0.42
5034,Tamil Nadu,Thanjavur,Rice,2019,25.8,70.0,314.8,129.2,3.66
5035,Tamil Nadu,Thanjavur,Maize,2019,26.2,70.0,505.1,115.1,3.29
5036,Tamil Nadu,Thanjavur,Cotton,2019,27.5,70.0,629.4,106.2,2.15
5037,Andhra Pradesh,Kurnool,Wheat,2019,26.2,70.0,685.4,162.1,4.34
5038,Andhra Pradesh,Kurnool,Rice,2019,29.4,70.0,679.6,127.2,3.29
5039,Andhra Pradesh,Kurnool,Maize,2019,38.7,70.0,78.6,4.2,0.21
5040,Andhra Pradesh,Kurnool,Cotton,2019,27.9,70.0,440.4,80.4,2.17
5041,Punjab,Ludhiana,Wheat,2020,40.0,70.0,67.0,17.3,0.29
5042,Punjab,Ludhiana,Rice,2020,28.1,70.0,763.7,164.0,3.81
5043,Punjab,Ludhiana,Maize,2020,28.6,70.0,402.2,102.8,3.04
5044,Punjab,Ludhiana,Cotton,2020,25.6,70.0,663.7,110.5,2.74
5045,Punjab,Patiala,Wheat,2020,24.7,70.0,852.6,180.1,4.19
5046,Punjab,Patiala,Rice,2020,19.3,70.0,730.1,214.1,4.17
5047,Punjab,Patiala,Maize,2020,27.1,70.0,574.1,149.7,3.31
5048,Punjab,Patiala,Cotton,2020,22.4,70.0,420.9,124.4,2.25
5049,Uttar Pradesh,Kanpur,Wheat,2020,21.0,70.0,400.4,143.1,4.54
5050,Uttar Pradesh,Kanpur,Rice,2020,18.6,70.0,723.6,177.6,3.92
5051,Uttar Pradesh,Kanpur,Maize,2020,23.9,70.0,362.0,142.1,3.42
5052,Uttar Pradesh,Kanpur,Cotton,2020,21.8,70.0,533.1,86.6,2.06
5053,Uttar Pradesh,Varanasi,Wheat,2020,41.5,70.0,132.3,11.9,0.19
5054,Uttar Pradesh,Varanasi,Rice,2020,28.6,70.0,398.7,133.0,3.82
5055,Uttar Pradesh,Varanasi,Maize,2020,38.5,70.0,99.8,9.1,0.12
5056,Uttar Pradesh,Varanasi,Cotton,2020,20.0,70.0,494.6,129.6,2.61
5057,West Bengal,Hooghly,Wheat,2020,23.7,70.0,603.5,176.0,4.52
5058,West Bengal,Hooghly,Rice,2020,23.1,70.0,942.8,117.9,3.58
5059,West Bengal,Hooghly,Maize,2020,25.5,70.0,530.8,92.0,3.4
5060,West Bengal,Hooghly,Cotton,2020,21.7,70.0,429.0,127.0,2.51
5061,West Bengal,Bardhaman,Wheat,2020,29.4,70.0,829.2,120.3,3.26
5062,West Bengal,Bardhaman,Rice,2020,23.7,70.0,850.1,162.2,4.41
5063,West Bengal,Bardhaman,Maize,2020,18.5,70.0,492.4,116.0,3.09
5064,West Bengal,Bardhaman,Cotton,2020,22.1,70.0,578.1,95.3,2.22
5065,Maharashtra,Nashik,Wheat,2020,29.9,70.0,405.8,139.1,3.73
5066,Maharashtra,Nashik,Rice,2020,19.5,70.0,520.8,125.8,3.75
5067,Maharashtra,Nashik,Maize,2020,29.8,70.0,502.2,105.2,3.01
5068,Maharashtra,Nashik,Cotton,2020,29.2,70.0,442.7,107.9,2.17
5069,Maharashtra,Pune,Wheat,2020,25.7,70.0,840.3,166.1,3.62
5070,Maharashtra,Pune,Rice,2020,23.6,70.0,982.6,127.7,3.44
5071,Maharashtra,Pune,Maize,2020,21.7,70.0,980.0,120.0,3.02
5072,Maharashtra,Pune,Cotton,2020,30.0,70.0,807.6,136.2,2.47
5073,Tamil Nadu,Thanjavur,Wheat,2020,22.1,70.0,583.8,203.4,4.83
5074,Tamil Nadu,Thanjavur,Rice,2020,24.4,70.0,685.8,151.4,4.21
5075,Tamil Nadu,Thanjavur,Maize,2020,24.7,70.0,563.4,108.5,3.27
5076,Tamil Nadu,Thanjavur,Cotton,2020,28.1,70.0,933.4,135.7,2.45
5077,Andhra Pradesh,Kurnool,Wheat,2020,22.0,70.0,954.0,205.7,4.89
5078,Andhra Pradesh,Kurnool,Rice,2020,29.2,70.0,690.5,153.4,3.96
5079,Andhra Pradesh,Kurnool,Maize,2020,18.5,70.0,445.7,177.9,3.71
5080,Andhra Pradesh,Kurnool,Cotton,2020,36.7,70.0,138.9,8.7,0.1
5081,Punjab,Ludhiana,Wheat,2021,38.6,70.0,94.9,6.2,0.38
5082,Punjab,Ludhiana,Rice,2021,21.0,70.0,395.0,119.3,3.24
5083,Punjab,Ludhiana,Maize,2021,20.1,70.0,465.5,115.9,2.74
5084,Punjab,Ludhiana,Cotton,2021,41.1,70.0,109.2,19.5,0.28
5085,Punjab,Patiala,Wheat,2021,24.6,70.0,630.0,128.4,3.8
5086,Punjab,Patiala,Rice,2021,19.4,70.0,432.8,160.8,3.57
5087,Punjab,Patiala,Maize,2021,23.2,70.0,767.8,149.4,0.48
5088,Punjab,Patiala,Cotton,2021,24.4,70.0,654.1,117.0,2.32
5089,Uttar Pradesh,Kanpur,Wheat,2021,18.8,70.0,864.2,158.4,4.81
5090,Uttar Pradesh,Kanpur,Rice,2021,24.3,70.0,882.9,142.4,4.2
5091,Uttar Pradesh,Kanpur,Maize,2021,41.1,70.0,73.3,18.6,0.46
5092,Uttar Pradesh,Kanpur,Cotton,2021,37.9,70.0,125.9,19.7,0.14
5093,Uttar Pradesh,Varanasi,Wheat,2021,18.4,70.0,601.9,163.5,3.82
5094,Uttar Pradesh,Varanasi,Rice,2021,20.4,70.0,700.0,66.4,3.6
5095,Uttar Pradesh,Varanasi,Maize,2021,25.7,70.0,835.3,86.4,3.43
5096,Uttar Pradesh,Varanasi,Cotton,2021,37.9,70.0,107.7,23.8,0.16
5097,West Bengal,Hooghly,Wheat,2021,18.7,70.0,657.4,182.8,4.39
5098,West Bengal,Hooghly,Rice,2021,21.4,70.0,757.2,163.1,4.49
5099,West Bengal,Hooghly,Maize,2021,21.6,70.0,569.2,96.1,3.02
5100,West Bengal,Hooghly,Cotton,2021,20.4,70.0,870.6,95.5,2.25
5101,West Bengal,Bardhaman,Wheat,2021,26.6,70.0,427.3,186.3,4.74
5102,West Bengal,Bardhaman,Rice,2021,40.0,70.0,142.2,3.8,0.22
5103,West Bengal,Bardhaman,Maize,2021,20.2,70.0,920.1,148.2,3.38
5104,West Bengal,Bardhaman,Cotton,2021,35.7,70.0,86.8,18.2,0.1
5105,Maharashtra,Nashik,Wheat,2021,38.7,70.0,133.1,10.5,0.32
5106,Maharashtra,Nashik,Rice,2021,18.4,70.0,439.3,93.7,3.09
5107,Maharashtra,Nashik,Maize,2021,20.5,70.0,363.9,128.5,2.33
5108,Maharashtra,Nashik,Cotton,2021,41.8,70.0,147.9,11.7,0.1
5109,Maharashtra,Pune,Wheat,2021,21.6,70.0,772.3,169.8,3.84
5110,Maharashtra,Pune,Rice,2021,19.6,70.0,392.6,128.3,2.92
5111,Maharashtra,Pune,Maize,2021,40.2,70.0,92.7,4.3,0.4
5112,Maharashtra,Pune,Cotton,2021,28.5,70.0,480.9,129.3,2.45
5113,Tamil Nadu,Thanjavur,Wheat,2021,18.9,70.0,520.5,176.9,3.98
5114,Tamil Nadu,Thanjavur,Rice,2021,24.3,70.0,704.5,121.9,3.85
5115,Tamil Nadu,Thanjavur,Maize,2021,18.1,70.0,325.0,165.5,3.72
5116,Tamil Nadu,Thanjavur,Cotton,2021,20.2,70.0,937.4,128.7,2.19
5117,Andhra Pradesh,Kurnool,Wheat,2021,19.2,70.0,375.5,171.6,4.93
5118,Andhra Pradesh,Kurnool,Rice,2021,24.7,70.0,695.5,142.0,4.22
5119,Andhra Pradesh,Kurnool,Maize,2021,19.2,70.0,363.8,148.7,3.31
5120,Andhra Pradesh,Kurnool,Cotton,2021,21.3,70.0,666.1,104.5,2.27
5121,Punjab,Ludhiana,Wheat,2022,41.5,70.0,71.6,6.2,0.24
5122,Punjab,Ludhiana,Rice,2022,18.8,70.0,955.6,91.2,2.83
5123,Punjab,Ludhiana,Maize,2022,24.0,70.0,943.2,140.1,3.47
5124,Punjab,Ludhiana,Cotton,2022,27.2,70.0,966.4,137.3,2.72
5125,Punjab,Patiala,Wheat,2022,29.7,70.0,339.5,131.6,4.28
5126,Punjab,Patiala,Rice,2022,28.4,70.0,376.3,129.2,3.63
5127,Punjab,Patiala,Maize,2022,22.6,70.0,615.2,85.0,2.82
5128,Punjab,Patiala,Cotton,2022,20.1,70.0,432.3,128.3,2.46
5129,Uttar Pradesh,Kanpur,Wheat,2022,25.9,70.0,898.3,203.0,4.32
5130,Uttar Pradesh,Kanpur,Rice,2022,19.1,70.0,331.6,140.1,3.67
5131,Uttar Pradesh,Kanpur,Maize,2022,23.1,70.0,673.5,111.9,3.24
5132,Uttar Pradesh,Kanpur,Cotton,2022,28.8,70.0,513.5,115.2,2.29
5133,Uttar Pradesh,Varanasi,Wheat,2022,23.7,70.0,831.1,156.8,3.78
5134,Uttar Pradesh,Varanasi,Rice,2022,18.0,70.0,823.3,105.5,3.41
5135,Uttar Pradesh,Varanasi,Maize,2022,22.9,70.0,916.8,126.9,3.29
5136,Uttar Pradesh,Varanasi,Cotton,2022,29.7,70.0,980.0,113.6,2.16
5137,West Bengal,Hooghly,Wheat,2022,19.0,70.0,595.1,166.8,4.39
5138,West Bengal,Hooghly,Rice,2022,22.0,70.0,537.6,113.6,3.55
5139,West Bengal,Hooghly,Maize,2022,25.6,70.0,599.0,113.6,3.2
5140,West Bengal,Hooghly,Cotton,2022,19.9,70.0,321.4,130.4,2.76
5141,West Bengal,Bardhaman,Wheat,2022,19.2,70.0,392.9,204.4,4.22
5142,West Bengal,Bardhaman,Rice,2022,18.7,70.0,817.7,144.2,4.16
5143,West Bengal,Bardhaman,Maize,2022,23.5,70.0,683.3,103.2,3.42
5144,West Bengal,Bardhaman,Cotton,2022,24.2,70.0,324.4,189.9,2.55
5145,Maharashtra,Nashik,Wheat,2022,27.7,70.0,924.3,164.0,4.17
5146,Maharashtra,Nashik,Rice,2022,21.2,70.0,857.5,134.5,2.96
5147,Maharashtra,Nashik,Maize,2022,26.9,70.0,378.1,106.7,3.67
5148,Maharashtra,Nashik,Cotton,2022,37.2,70.0,64.9,8.1,0.51
5149,Maharashtra,Pune,Wheat,2022,22.9,70.0,805.2,129.7,3.69
5150,Maharashtra,Pune,Rice,2022,21.8,70.0,835.5,111.8,2.64
5151,Maharashtra,Pune,Maize,2022,28.2,70.0,701.2,145.0,3.77
5152,Maharashtra,Pune,Cotton,2022,28.4,70.0,789.2,102.4,2.52
5153,Tamil Nadu,Thanjavur,Wheat,2022,28.0,70.0,943.9,216.2,4.73
5154,Tamil Nadu,Thanjavur,Rice,2022,18.7,70.0,979.3,130.3,3.66
5155,Tamil Nadu,Thanjavur,Maize,2022,21.2,70.0,961.9,76.0,3.32
5156,Tamil Nadu,Thanjavur,Cotton,2022,19.8,70.0,334.3,69.9,1.74
5157,Andhra Pradesh,Kurnool,Wheat,2022,26.8,70.0,684.4,135.1,3.67
5158,Andhra Pradesh,Kurnool,Rice,2022,22.5,70.0,982.4,143.8,3.96
5159,Andhra Pradesh,Kurnool,Maize,2022,19.5,70.0,834.7,119.2,3.1
5160,Andhra Pradesh,Kurnool,Cotton,2022,29.9,70.0,417.6,79.8,2.58
5161,Punjab,Ludhiana,Wheat,2023,27.4,70.0,479.0,116.7,3.61
5162,Punjab,Ludhiana,Rice,2023,21.6,70.0,392.6,174.5,4.08
5163,Punjab,Ludhiana,Maize,2023,18.4,70.0,756.5,141.6,3.24
5164,Punjab,Ludhiana,Cotton,2023,18.9,70.0,828.4,86.1,2.19
5165,Punjab,Patiala,Wheat,2023,29.8,70.0,567.1,178.4,4.58
5166,Punjab,Patiala,Rice,2023,26.5,70.0,565.2,98.0,3.03
5167,Punjab,Patiala,Maize,2023,18.0,70.0,369.9,109.6,3.25
5168,Punjab,Patiala,Cotton,2023,41.3,70.0,72.7,7.6,0.25
5169,Uttar Pradesh,Kanpur,Wheat,2023,20.8,70.0,445.6,174.5,4.27
5170,Uttar Pradesh,Kanpur,Rice,2023,21.0,70.0,699.4,120.8,3.06
5171,Uttar Pradesh,Kanpur,Maize,2023,27.4,70.0,875.8,122.4,3.6
5172,Uttar Pradesh,Kanpur,Cotton,2023,22.2,70.0,780.0,108.2,2.55
5173,Uttar Pradesh,Varanasi,Wheat,2023,24.0,70.0,835.7,131.4,3.93
5174,Uttar Pradesh,Varanasi,Rice,2023,19.6,70.0,688.1,139.8,3.56
5175,Uttar Pradesh,Varanasi,Maize,2023,20.5,70.0,371.4,128.5,3.72
5176,Uttar Pradesh,Varanasi,Cotton,2023,27.8,70.0,971.3,140.9,2.28
5177,West Bengal,Hooghly,Wheat,2023,19.4,70.0,634.2,167.0,4.12
5178,West Bengal,Hooghly,Rice,2023,24.2,70.0,483.9,204.3,4.47
5179,West Bengal,Hooghly,Maize,2023,25.6,70.0,352.2,102.4,2.94
5180,West Bengal,Hooghly,Cotton,2023,21.9,70.0,903.9,112.1,2.33
5181,West Bengal,Bardhaman,Wheat,2023,39.6,70.0,61.0,9.0,0.17
5182,West Bengal,Bardhaman,Rice,2023,30.0,70.0,338.4,105.6,3.77
5183,West Bengal,Bardhaman,Maize,2023,29.8,70.0,881.0,93.9,3.05
5184,West Bengal,Bardhaman,Cotton,2023,26.3,70.0,534.3,142.0,2.13
5185,Maharashtra,Nashik,Wheat,2023,26.5,70.0,528.1,145.2,4.0
5186,Maharashtra,Nashik,Rice,2023,19.8,70.0,543.5,107.3,3.66
5187,Maharashtra,Nashik,Maize,2023,19.1,70.0,664.3,98.4,2.9
5188,Maharashtra,Nashik,Cotton,2023,24.3,70.0,995.0,69.2,1.76
5189,Maharashtra,Pune,Wheat,2023,29.8,70.0,848.7,154.5,4.21
5190,Maharashtra,Pune,Rice,2023,19.5,70.0,804.2,125.0,3.34
5191,Maharashtra,Pune,Maize,2023,19.5,70.0,840.2,101.9,3.33
5192,Maharashtra,Pune,Cotton,2023,23.6,70.0,590.0,103.8,2.14
5193,Tamil Nadu,Thanjavur,Wheat,2023,21.8,70.0,326.3,139.3,4.3
5194,Tamil Nadu,Thanjavur,Rice,2023,19.9,70.0,898.5,117.6,3.54
5195,Tamil Nadu,Thanjavur,Maize,2023,30.0,70.0,314.9,119.0,2.68
5196,Tamil Nadu,Thanjavur,Cotton,2023,25.2,70.0,627.6,122.3,2.48
5197,Andhra Pradesh,Kurnool,Wheat,2023,23.6,70.0,866.7,118.9,3.69
5198,Andhra Pradesh,Kurnool,Rice,2023,19.8,70.0,672.9,135.1,3.4
5199,Andhra Pradesh,Kurnool,Maize,2023,18.7,70.0,742.2,138.6,3.73
5200,Andhra Pradesh,Kurnool,Cotton,2023,29.2,70.0,791.6,60.7,1.84
5201,Punjab,Ludhiana,Wheat,2019,23.5,70.0,706.0,135.8,4.18
5202,Punjab,Ludhiana,Rice,2019,26.6,70.0,650.3,152.7,3.83
5203,Punjab,Ludhiana,Maize,2019,24.1,70.0,785.5,116.6,3.42
5204,Punjab,Ludhiana,Cotton,2019,38.5,70.0,142.0,10.9,0.1
5205,Punjab,Patiala,Wheat,2019,18.7,70.0,907.2,169.5,4.19
5206,Punjab,Patiala,Rice,2019,20.2,70.0,503.7,131.9,3.77
5207,Punjab,Patiala,Maize,2019,24.5,70.0,990.7,119.4,3.3
5208,Punjab,Patiala,Cotton,2019,21.7,70.0,360.5,87.6,2.03
5209,Uttar Pradesh,Kanpur,Wheat,2019,20.9,70.0,552.4,173.5,4.45
5210,Uttar Pradesh,Kanpur,Rice,2019,26.7,70.0,387.3,107.8,3.17
5211,Uttar Pradesh,Kanpur,Maize,2019,25.9,70.0,328.7,163.3,2.97
5212,Uttar Pradesh,Kanpur,Cotton,2019,22.0,70.0,574.5,127.2,2.39
5213,Uttar Pradesh,Varanasi,Wheat,2019,24.7,70.0,693.0,113.1,3.81
5214,Uttar Pradesh,Varanasi,Rice,2019,20.7,70.0,940.2,137.3,4.17
5215,Uttar Pradesh,Varanasi,Maize,2019,26.9,70.0,635.3,181.1,3.41
5216,Uttar Pradesh,Varanasi,Cotton,2019,21.1,70.0,497.1,146.0,2.53
5217,West Bengal,Hooghly,Wheat,2019,22.1,70.0,338.5,133.1,4.31
5218,West Bengal,Hooghly,Rice,2019,25.4,70.0,708.2,128.9,4.09
5219,West Bengal,Hooghly,Maize,2019,25.2,70.0,461.2,146.0,3.6
5220,West Bengal,Hooghly,Cotton,2019,24.1,70.0,542.4,96.3,2.16
5221,West Bengal,Bardhaman,Wheat,2019,25.5,70.0,572.1,148.3,4.3
5222,West Bengal,Bardhaman,Rice,2019,35.7,70.0,95.6,20.5,0.12
5223,West Bengal,Bardhaman,Maize,2019,22.6,70.0,702.8,127.4,3.77
5224,West Bengal,Bardhaman,Cotton,2019,41.9,70.0,108.7,7.2,0.1
5225,Maharashtra,Nashik,Wheat,2019,25.8,70.0,657.4,159.2,3.61
5226,Maharashtra,Nashik,Rice,2019,38.9,70.0,145.0,9.0,0.26
5227,Maharashtra,Nashik,Maize,2019,25.0,70.0,733.2,133.7,2.99
5228,Maharashtra,Nashik,Cotton,2019,36.1,70.0,88.1,1.3,0.21
5229,Maharashtra,Pune,Wheat,2019,40.2,70.0,142.0,14.7,0.16
5230,Maharashtra,Pune,Rice,2019,18.2,70.0,620.4,150.1,4.1
5231,Maharashtra,Pune,Maize,2019,27.1,70.0,877.3,142.1,3.04
5232,Maharashtra,Pune,Cotton,2019,18.1,70.0,693.2,104.1,2.29
5233,Tamil Nadu,Thanjavur,Wheat,2019,26.2,70.0,958.7,132.9,4.45
5234,Tamil Nadu,Thanjavur,Rice,2019,18.6,70.0,362.8,135.8,3.78
5235,Tamil Nadu,Thanjavur,Maize,2019,22.7,70.0,640.8,73.6,3.36
5236,Tamil Nadu,Thanjavur,Cotton,2019,18.5,70.0,958.7,100.0,2.49
5237,Andhra Pradesh,Kurnool,Wheat,2019,18.7,70.0,828.8,172.9,4.11
5238,Andhra Pradesh,Kurnool,Rice,2019,28.5,70.0,690.4,127.5,3.8
5239,Andhra Pradesh,Kurnool,Maize,2019,23.9,70.0,991.8,102.4,3.44
5240,Andhra Pradesh,Kurnool,Cotton,2019,27.2,70.0,827.3,105.5,2.04
5241,Punjab,Ludhiana,Wheat,2020,19.5,70.0,325.3,154.8,4.08
5242,Punjab,Ludhiana,Rice,2020,22.1,70.0,402.1,166.5,4.22
5243,Punjab,Ludhiana,Maize,2020,25.9,70.0,502.4,105.5,3.47
5244,Punjab,Ludhiana,Cotton,2020,24.5,70.0,764.9,124.2,2.27
5245,Punjab,Patiala,Wheat,2020,40.3,70.0,100.4,5.8,0.41
5246,Punjab,Patiala,Rice,2020,28.5,70.0,445.9,119.5,3.52
5247,Punjab,Patiala,Maize,2020,29.2,70.0,759.9,71.8,2.94
5248,Punjab,Patiala,Cotton,2020,24.1,70.0,626.4,112.9,2.1
5249,Uttar Pradesh,Kanpur,Wheat,2020,26.6,70.0,559.2,141.4,3.94
5250,Uttar Pradesh,Kanpur,Rice,2020,26.2,70.0,656.3,117.9,3.58
5251,Uttar Pradesh,Kanpur,Maize,2020,41.0,70.0,130.0,4.6,0.11
5252,Uttar Pradesh,Kanpur,Cotton,2020,29.4,70.0,963.8,120.2,2.58
5253,Uttar Pradesh,Varanasi,Wheat,2020,36.7,70.0,51.7,8.3,0.37
5254,Uttar Pradesh,Varanasi,Rice,2020,29.4,70.0,634.6,163.3,3.69
5255,Uttar Pradesh,Varanasi,Maize,2020,35.2,70.0,116.6,20.0,0.1
5256,Uttar Pradesh,Varanasi,Cotton,2020,22.4,70.0,472.5,128.0,2.53
5257,West Bengal,Hooghly,Wheat,2020,24.5,70.0,449.1,145.7,3.98
5258,West Bengal,Hooghly,Rice,2020,29.5,70.0,619.7,130.4,4.11
5259,West Bengal,Hooghly,Maize,2020,25.9,70.0,875.1,139.3,3.56
5260,West Bengal,Hooghly,Cotton,2020,28.3,70.0,619.4,99.8,1.98
5261,West Bengal,Bardhaman,Wheat,2020,38.0,70.0,93.5,6.0,0.3
5262,West Bengal,Bardhaman,Rice,2020,19.4,70.0,436.0,141.3,4.09
5263,West Bengal,Bardhaman,Maize,2020,19.2,70.0,852.5,118.5,3.44
5264,West Bengal,Bardhaman,Cotton,2020,23.0,70.0,640.3,122.1,2.64
5265,Maharashtra,Nashik,Wheat,2020,27.7,70.0,837.6,105.5,3.68
5266,Maharashtra,Nashik,Rice,2020,20.6,70.0,785.8,120.2,3.01
5267,Maharashtra,Nashik,Maize,2020,19.1,70.0,425.8,128.9,3.48
5268,Maharashtra,Nashik,Cotton,2020,29.2,70.0,913.1,87.6,2.16
5269,Maharashtra,Pune,Wheat,2020,22.6,70.0,928.0,168.2,3.86
5270,Maharashtra,Pune,Rice,2020,27.4,70.0,516.8,60.3,2.93
5271,Maharashtra,Pune,Maize,2020,20.6,70.0,832.8,139.7,3.57
5272,Maharashtra,Pune,Cotton,2020,19.1,70.0,324.5,76.7,1.94
5273,Tamil Nadu,Thanjavur,Wheat,2020,25.7,70.0,545.3,192.4,4.63
5274,Tamil Nadu,Thanjavur,Rice,2020,27.4,70.0,427.7,86.9,2.93
5275,Tamil Nadu,Thanjavur,Maize,2020,22.0,70.0,876.3,140.7,3.49
5276,Tamil Nadu,Thanjavur,Cotton,2020,23.5,70.0,556.2,65.1,2.24
5277,Andhra Pradesh,Kurnool,Wheat,2020,27.9,70.0,841.4,144.0,4.37
5278,Andhra Pradesh,Kurnool,Rice,2020,21.2,70.0,943.7,121.7,3.49
5279,Andhra Pradesh,Kurnool,Maize,2020,19.0,70.0,337.2,93.7,2.73
5280,Andhra Pradesh,Kurnool,Cotton,2020,24.5,70.0,830.4,120.5,2.45
5281,Punjab,Ludhiana,Wheat,2021,29.6,70.0,558.8,149.6,4.16
5282,Punjab,Ludhiana,Rice,2021,25.5,70.0,433.5,97.6,3.48
5283,Punjab,Ludhiana,Maize,2021,26.2,70.0,557.3,119.9,3.04
5284,Punjab,Ludhiana,Cotton,2021,24.1,70.0,619.3,120.4,2.58
5285,Punjab,Patiala,Wheat,2021,26.3,70.0,427.7,134.2,3.91
5286,Punjab,Patiala,Rice,2021,29.7,70.0,464.6,155.9,3.7
5287,Punjab,Patiala,Maize,2021,27.8,70.0,476.9,104.8,3.19
5288,Punjab,Patiala,Cotton,2021,35.9,70.0,94.5,24.9,0.19
5289,Uttar Pradesh,Kanpur,Wheat,2021,19.2,70.0,620.6,176.0,4.17
5290,Uttar Pradesh,Kanpur,Rice,2021,29.8,70.0,930.1,132.2,3.93
5291,Uttar Pradesh,Kanpur,Maize,2021,21.5,70.0,824.3,96.0,2.76
5292,Uttar Pradesh,Kanpur,Cotton,2021,18.9,70.0,400.1,140.6,2.54
5293,Uttar Pradesh,Varanasi,Wheat,2021,24.4,70.0,792.1,170.2,4.4
5294,Uttar Pradesh,Varanasi,Rice,2021,28.3,70.0,767.7,118.8,3.8
5295,Uttar Pradesh,Varanasi,Maize,2021,25.1,70.0,760.6,98.5,3.31
5296,Uttar Pradesh,Varanasi,Cotton,2021,21.4,70.0,906.4,113.8,2.71
5297,West Bengal,Hooghly,Wheat,2021,22.1,70.0,691.9,154.2,3.65
5298,West Bengal,Hooghly,Rice,2021,27.2,70.0,470.0,167.6,3.72
5299,West Bengal,Hooghly,Maize,2021,29.9,70.0,595.6,98.2,3.03
5300,West Bengal,Hooghly,Cotton,2021,24.4,70.0,797.9,94.7,2.04
5301,West Bengal,Bardhaman,Wheat,2021,21.7,70.0,516.8,149.6,4.53
5302,West Bengal,Bardhaman,Rice,2021,28.8,70.0,980.0,135.8,3.28
5303,West Bengal,Bardhaman,Maize,2021,24.0,70.0,877.7,155.2,3.4
5304,West Bengal,Bardhaman,Cotton,2021,19.9,70.0,997.5,107.0,2.06
5305,Maharashtra,Nashik,Wheat,2021,27.7,70.0,394.2,151.2,4.04
5306,Maharashtra,Nashik,Rice,2021,35.8,70.0,64.2,12.3,0.17
5307,Maharashtra,Nashik,Maize,2021,27.0,70.0,950.2,90.1,2.64
5308,Maharashtra,Nashik,Cotton,2021,40.4,70.0,137.2,4.7,0.11
5309,Maharashtra,Pune,Wheat,2021,27.7,70.0,922.7,172.2,4.37
5310,Maharashtra,Pune,Rice,2021,36.2,70.0,81.7,1.0,0.23
5311,Maharashtra,Pune,Maize,2021,20.8,70.0,409.5,103.6,3.49
5312,Maharashtra,Pune,Cotton,2021,29.6,70.0,724.9,90.1,2.27
5313,Tamil Nadu,Thanjavur,Wheat,2021,23.7,70.0,847.1,144.0,4.15
5314,Tamil Nadu,Thanjavur,Rice,2021,24.5,70.0,937.3,144.8,4.18
5315,Tamil Nadu,Thanjavur,Maize,2021,20.2,70.0,959.8,137.9,3.42
5316,Tamil Nadu,Thanjavur,Cotton,2021,27.7,70.0,607.0,146.3,2.75
5317,Andhra Pradesh,Kurnool,Wheat,2021,23.1,70.0,732.8,181.5,4.66
5318,Andhra Pradesh,Kurnool,Rice,2021,27.9,70.0,390.0,128.5,2.98
5319,Andhra Pradesh,Kurnool,Maize,2021,27.1,70.0,472.3,56.3,3.13
5320,Andhra Pradesh,Kurnool,Cotton,2021,24.3,70.0,365.8,123.7,2.57
5321,Punjab,Ludhiana,Wheat,2022,20.3,70.0,486.7,142.1,4.25
5322,Punjab,Ludhiana,Rice,2022,26.2,70.0,882.7,181.1,3.92
5323,Punjab,Ludhiana,Maize,2022,25.3,70.0,994.1,105.3,2.56
5324,Punjab,Ludhiana,Cotton,2022,19.5,70.0,855.6,106.2,2.36
5325,Punjab,Patiala,Wheat,2022,24.5,70.0,421.5,168.9,4.1
5326,Punjab,Patiala,Rice,2022,20.2,70.0,678.0,151.5,3.6
5327,Punjab,Patiala,Maize,2022,21.7,70.0,543.5,158.8,3.13
5328,Punjab,Patiala,Cotton,2022,24.1,70.0,527.3,122.5,2.21
5329,Uttar Pradesh,Kanpur,Wheat,2022,23.4,70.0,393.1,150.5,4.46
5330,Uttar Pradesh,Kanpur,Rice,2022,41.3,70.0,122.7,23.2,0.36
5331,Uttar Pradesh,Kanpur,Maize,2022,25.8,70.0,429.2,158.4,3.4
5332,Uttar Pradesh,Kanpur,Cotton,2022,18.3,70.0,910.1,121.9,2.64
5333,Uttar Pradesh,Varanasi,Wheat,2022,19.1,70.0,667.1,168.4,3.85
5334,Uttar Pradesh,Varanasi,Rice,2022,29.9,70.0,916.3,145.6,4.13
5335,Uttar Pradesh,Varanasi,Maize,2022,18.4,70.0,932.3,124.1,3.31
5336,Uttar Pradesh,Varanasi,Cotton,2022,23.3,70.0,359.7,142.4,2.62
5337,West Bengal,Hooghly,Wheat,2022,18.3,70.0,526.7,128.4,3.91
5338,West Bengal,Hooghly,Rice,2022,27.5,70.0,684.0,129.2,3.75
5339,West Bengal,Hooghly,Maize,2022,27.9,70.0,457.4,112.0,3.41
5340,West Bengal,Hooghly,Cotton,2022,37.0,70.0,133.8,24.5,0.15
5341,West Bengal,Bardhaman,Wheat,2022,19.3,70.0,408.9,146.3,3.64
5342,West Bengal,Bardhaman,Rice,2022,28.5,70.0,394.3,104.5,3.18
5343,West Bengal,Bardhaman,Maize,2022,18.2,70.0,315.5,115.0,3.09
5344,West Bengal,Bardhaman,Cotton,2022,20.7,70.0,522.7,146.3,2.19
5345,Maharashtra,Nashik,Wheat,2022,39.5,70.0,140.5,9.0,0.32
5346,Maharashtra,Nashik,Rice,2022,19.5,70.0,852.4,185.9,4.07
5347,Maharashtra,Nashik,Maize,2022,29.5,70.0,963.0,167.6,3.67
5348,Maharashtra,Nashik,Cotton,2022,21.4,70.0,793.5,119.0,2.26
5349,Maharashtra,Pune,Wheat,2022,20.5,70.0,919.5,181.2,3.99
5350,Maharashtra,Pune,Rice,2022,18.7,70.0,493.6,119.0,3.1
5351,Maharashtra,Pune,Maize,2022,19.6,70.0,870.1,112.3,3.1
5352,Maharashtra,Pune,Cotton,2022,18.7,70.0,959.7,83.8,2.29
5353,Tamil Nadu,Thanjavur,Wheat,2022,22.7,70.0,331.0,136.9,3.9
5354,Tamil Nadu,Thanjavur,Rice,2022,24.2,70.0,664.8,123.5,3.87
5355,Tamil Nadu,Thanjavur,Maize,2022,19.5,70.0,894.5,89.1,2.9
5356,Tamil Nadu,Thanjavur,Cotton,2022,23.5,70.0,789.9,152.6,2.64
5357,Andhra Pradesh,Kurnool,Wheat,2022,19.3,70.0,823.8,167.5,4.31
5358,Andhra Pradesh,Kurnool,Rice,2022,26.6,70.0,732.3,124.1,3.31
5359,Andhra Pradesh,Kurnool,Maize,2022,28.5,70.0,856.2,106.8,2.93
5360,Andhra Pradesh,Kurnool,Cotton,2022,26.5,70.0,611.1,55.7,2.19
5361,Punjab,Ludhiana,Wheat,2023,29.6,70.0,651.6,191.0,4.25
5362,Punjab,Ludhiana,Rice,2023,25.7,70.0,912.7,140.6,3.43
5363,Punjab,Ludhiana,Maize,2023,27.9,70.0,432.9,164.7,3.57
5364,Punjab,Ludhiana,Cotton,2023,22.2,70.0,443.5,118.1,2.33
5365,Punjab,Patiala,Wheat,2023,22.5,70.0,566.7,172.5,4.45
5366,Punjab,Patiala,Rice,2023,24.4,70.0,552.6,142.8,3.73
5367,Punjab,Patiala,Maize,2023,18.6,70.0,674.6,136.6,2.91
5368,Punjab,Patiala,Cotton,2023,22.8,70.0,961.6,138.7,2.55
5369,Uttar Pradesh,Kanpur,Wheat,2023,25.7,70.0,516.4,159.7,4.36
5370,Uttar Pradesh,Kanpur,Rice,2023,27.3,70.0,636.8,137.8,3.63
5371,Uttar Pradesh,Kanpur,Maize,2023,22.4,70.0,308.1,122.0,3.81
5372,Uttar Pradesh,Kanpur,Cotton,2023,22.5,70.0,358.8,107.4,2.35
5373,Uttar Pradesh,Varanasi,Wheat,2023,18.7,70.0,471.7,196.0,4.63
5374,Uttar Pradesh,Varanasi,Rice,2023,23.9,70.0,831.9,130.1,3.79
5375,Uttar Pradesh,Varanasi,Maize,2023,28.2,70.0,459.2,86.3,3.26
5376,Uttar Pradesh,Varanasi,Cotton,2023,25.6,70.0,592.0,102.8,2.55
5377,West Bengal,Hooghly,Wheat,2023,19.7,70.0,848.1,143.3,4.04
5378,West Bengal,Hooghly,Rice,2023,21.9,70.0,694.2,126.5,4.02
5379,West Bengal,Hooghly,Maize,2023,35.0,70.0,115.5,19.8,0.27
5380,West Bengal,Hooghly,Cotton,2023,28.5,70.0,344.2,120.8,2.46
5381,West Bengal,Bardhaman,Wheat,2023,19.0,70.0,866.9,213.7,4.49
5382,West Bengal,Bardhaman,Rice,2023,28.7,70.0,479.6,159.6,3.87
5383,West Bengal,Bardhaman,Maize,2023,36.4,70.0,94.9,18.7,0.12
5384,West Bengal,Bardhaman,Cotton,2023,18.3,70.0,540.8,73.1,2.16
5385,Maharashtra,Nashik,Wheat,2023,19.9,70.0,566.6,207.6,4.42
5386,Maharashtra,Nashik,Rice,2023,38.7,70.0,70.3,19.3,0.39
5387,Maharashtra,Nashik,Maize,2023,28.6,70.0,303.2,135.6,3.71
5388,Maharashtra,Nashik,Cotton,2023,26.1,70.0,745.2,89.7,2.31
5389,Maharashtra,Pune,Wheat,2023,22.8,70.0,764.0,159.9,3.58
5390,Maharashtra,Pune,Rice,2023,35.8,70.0,56.3,13.5,0.14
5391,Maharashtra,Pune,Maize,2023,35.6,70.0,61.8,20.4,0.19
5392,Maharashtra,Pune,Cotton,2023,41.4,70.0,78.6,22.9,0.15
5393,Tamil Nadu,Thanjavur,Wheat,2023,26.7,70.0,947.4,168.4,4.48
5394,Tamil Nadu,Thanjavur,Rice,2023,21.5,70.0,691.1,128.9,3.94
5395,Tamil Nadu,Thanjavur,Maize,2023,29.3,70.0,657.9,125.4,3.51
5396,Tamil Nadu,Thanjavur,Cotton,2023,38.0,70.0,90.8,20.7,0.23
5397,Andhra Pradesh,Kurnool,Wheat,2023,29.6,70.0,583.1,174.5,4.2
5398,Andhra Pradesh,Kurnool,Rice,2023,26.0,70.0,365.0,167.6,3.51
5399,Andhra Pradesh,Kurnool,Maize,2023,20.8,70.0,317.5,93.4,2.68
5400,Andhra Pradesh,Kurnool,Cotton,2023,26.4,70.0,987.8,116.8,2.25
5401,Punjab,Ludhiana,Wheat,2019,21.1,70.0,643.0,172.2,4.06
5402,Punjab,Ludhiana,Rice,2019,25.7,70.0,629.0,123.4,3.66
5403,Punjab,Ludhiana,Maize,2019,21.7,70.0,626.2,89.9,3.11
5404,Punjab,Ludhiana,Cotton,2019,21.5,70.0,605.9,110.0,2.57
5405,Punjab,Patiala,Wheat,2019,19.2,70.0,325.2,131.7,3.82
5406,Punjab,Patiala,Rice,2019,18.1,70.0,840.5,128.5,3.79
5407,Punjab,Patiala,Maize,2019,22.0,70.0,938.5,118.5,3.25
5408,Punjab,Patiala,Cotton,2019,19.1,70.0,739.7,150.8,2.7
5409,Uttar Pradesh,Kanpur,Wheat,2019,20.6,70.0,545.1,157.1,4.08
5410,Uttar Pradesh,Kanpur,Rice,2019,24.8,70.0,566.7,119.9,3.46
5411,Uttar Pradesh,Kanpur,Maize,2019,29.6,70.0,891.6,122.4,2.95
5412,Uttar Pradesh,Kanpur,Cotton,2019,27.9,70.0,808.6,117.0,2.25
5413,Uttar Pradesh,Varanasi,Wheat,2019,22.2,70.0,462.4,150.9,4.61
5414,Uttar Pradesh,Varanasi,Rice,2019,28.1,70.0,633.1,142.2,3.98
5415,Uttar Pradesh,Varanasi,Maize,2019,19.5,70.0,740.7,130.9,3.8
5416,Uttar Pradesh,Varanasi,Cotton,2019,27.5,70.0,513.4,123.2,2.01
5417,West Bengal,Hooghly,Wheat,2019,19.4,70.0,566.5,144.8,4.35
5418,West Bengal,Hooghly,Rice,2019,25.3,70.0,708.3,174.0,3.6
5419,West Bengal,Hooghly,Maize,2019,28.2,70.0,650.8,147.8,3.18
5420,West Bengal,Hooghly,Cotton,2019,20.6,70.0,377.6,92.8,2.08
5421,West Bengal,Bardhaman,Wheat,2019,18.3,70.0,597.6,208.3,4.85
5422,West Bengal,Bardhaman,Rice,2019,23.4,70.0,480.8,131.0,3.62
5423,West Bengal,Bardhaman,Maize,2019,23.6,70.0,872.2,114.2,3.12
5424,West Bengal,Bardhaman,Cotton,2019,27.5,70.0,460.7,94.4,1.79
5425,Maharashtra,Nashik,Wheat,2019,23.2,70.0,519.0,150.9,4.5
5426,Maharashtra,Nashik,Rice,2019,26.6,70.0,400.1,143.8,3.72
5427,Maharashtra,Nashik,Maize,2019,25.6,70.0,480.3,132.2,3.49
5428,Maharashtra,Nashik,Cotton,2019,29.3,70.0,585.3,137.4,2.49
5429,Maharashtra,Pune,Wheat,2019,28.4,70.0,615.7,145.1,4.75
5430,Maharashtra,Pune,Rice,2019,19.7,70.0,809.5,164.7,3.63
5431,Maharashtra,Pune,Maize,2019,19.7,70.0,653.5,95.7,2.88
5432,Maharashtra,Pune,Cotton,2019,29.5,70.0,424.5,116.0,2.61
5433,Tamil Nadu,Thanjavur,Wheat,2019,35.3,70.0,124.2,15.6,0.38
5434,Tamil Nadu,Thanjavur,Rice,2019,20.1,70.0,936.0,147.3,3.55
5435,Tamil Nadu,Thanjavur,Maize,2019,23.1,70.0,445.5,133.5,3.58
5436,Tamil Nadu,Thanjavur,Cotton,2019,24.8,70.0,538.7,148.5,2.77
5437,Andhra Pradesh,Kurnool,Wheat,2019,28.9,70.0,324.1,199.8,4.34
5438,Andhra Pradesh,Kurnool,Rice,2019,20.1,70.0,943.4,142.9,3.57
5439,Andhra Pradesh,Kurnool,Maize,2019,28.4,70.0,531.4,166.6,4.01
5440,Andhra Pradesh,Kurnool,Cotton,2019,23.0,70.0,385.0,116.2,2.54
5441,Punjab,Ludhiana,Wheat,2020,30.0,70.0,874.1,140.5,3.47
5442,Punjab,Ludhiana,Rice,2020,18.1,70.0,777.2,139.3,3.62
5443,Punjab,Ludhiana,Maize,2020,29.1,70.0,430.4,120.9,3.24
5444,Punjab,Ludhiana,Cotton,2020,29.0,70.0,960.1,118.1,2.53
5445,Punjab,Patiala,Wheat,2020,21.0,70.0,313.7,183.3,4.19
5446,Punjab,Patiala,Rice,2020,18.2,70.0,459.3,120.5,3.58
5447,Punjab,Patiala,Maize,2020,23.2,70.0,961.2,138.6,2.75
5448,Punjab,Patiala,Cotton,2020,24.9,70.0,992.7,71.3,2.29
5449,Uttar Pradesh,Kanpur,Wheat,2020,27.1,70.0,703.0,131.2,3.95
5450,Uttar Pradesh,Kanpur,Rice,2020,23.8,70.0,720.7,168.2,3.88
5451,Uttar Pradesh,Kanpur,Maize,2020,22.0,70.0,564.8,182.7,3.56
5452,Uttar Pradesh,Kanpur,Cotton,2020,23.5,70.0,301.3,115.8,2.37
5453,Uttar Pradesh,Varanasi,Wheat,2020,21.1,70.0,730.5,176.0,3.79
5454,Uttar Pradesh,Varanasi,Rice,2020,27.6,70.0,330.4,151.0,3.85
5455,Uttar Pradesh,Varanasi,Maize,2020,23.1,70.0,420.5,132.1,3.47
5456,Uttar Pradesh,Varanasi,Cotton,2020,19.0,70.0,824.6,129.0,2.42
5457,West Bengal,Hooghly,Wheat,2020,37.9,70.0,119.8,28.2,0.32
5458,West Bengal,Hooghly,Rice,2020,20.6,70.0,345.6,155.1,4.16
5459,West Bengal,Hooghly,Maize,2020,19.8,70.0,995.5,135.1,3.56
5460,West Bengal,Hooghly,Cotton,2020,27.5,70.0,670.3,87.7,2.13
5461,West Bengal,Bardhaman,Wheat,2020,19.5,70.0,666.6,140.2,3.62
5462,West Bengal,Bardhaman,Rice,2020,29.3,70.0,501.1,157.9,3.96
5463,West Bengal,Bardhaman,Maize,2020,20.0,70.0,426.6,151.6,3.41
5464,West Bengal,Bardhaman,Cotton,2020,21.0,70.0,459.2,100.1,2.45
5465,Maharashtra,Nashik,Wheat,2020,21.7,70.0,772.3,134.1,3.54
5466,Maharashtra,Nashik,Rice,2020,26.1,70.0,370.4,171.0,3.58
5467,Maharashtra,Nashik,Maize,2020,29.1,70.0,442.6,120.6,3.39
5468,Maharashtra,Nashik,Cotton,2020,39.8,70.0,70.4,16.0,0.4
5469,Maharashtra,Pune,Wheat,2020,23.9,70.0,970.6,125.9,4.04
5470,Maharashtra,Pune,Rice,2020,19.0,70.0,557.9,170.2,4.24
5471,Maharashtra,Pune,Maize,2020,24.2,70.0,556.3,134.9,3.09
5472,Maharashtra,Pune,Cotton,2020,27.2,70.0,737.4,126.3,2.65
5473,Tamil Nadu,Thanjavur,Wheat,2020,29.0,70.0,807.0,116.0,3.83
5474,Tamil Nadu,Thanjavur,Rice,2020,22.6,70.0,863.5,135.1,3.56
5475,Tamil Nadu,Thanjavur,Maize,2020,18.3,70.0,897.3,159.4,3.5
5476,Tamil Nadu,Thanjavur,Cotton,2020,39.3,70.0,141.9,19.3,0.13
5477,Andhra Pradesh,Kurnool,Wheat,2020,26.8,70.0,902.6,151.3,4.17
5478,Andhra Pradesh,Kurnool,Rice,2020,21.0,70.0,654.3,117.8,3.09
5479,Andhra Pradesh,Kurnool,Maize,2020,18.9,70.0,893.8,142.4,3.19
5480,Andhra Pradesh,Kurnool,Cotton,2020,22.1,70.0,502.6,79.4,2.19
5481,Punjab,Ludhiana,Wheat,2021,27.1,70.0,649.3,159.5,4.69
5482,Punjab,Ludhiana,Rice,2021,19.0,70.0,622.1,141.8,3.46
5483,Punjab,Ludhiana,Maize,2021,29.2,70.0,622.7,74.0,2.67
5484,Punjab,Ludhiana,Cotton,2021,24.4,70.0,349.7,107.2,2.5
5485,Punjab,Patiala,Wheat,2021,39.6,70.0,143.2,4.6,0.3
5486,Punjab,Patiala,Rice,2021,29.0,70.0,368.4,174.0,3.58
5487,Punjab,Patiala,Maize,2021,18.5,70.0,885.1,147.3,3.69
5488,Punjab,Patiala,Cotton,2021,18.5,70.0,303.4,119.1,2.33
5489,Uttar Pradesh,Kanpur,Wheat,2021,26.9,70.0,499.5,181.0,4.37
5490,Uttar Pradesh,Kanpur,Rice,2021,39.4,70.0,75.7,13.8,0.2
5491,Uttar Pradesh,Kanpur,Maize,2021,20.8,70.0,836.2,107.8,3.19
5492,Uttar Pradesh,Kanpur,Cotton,2021,24.7,70.0,542.5,127.3,2.69
5493,Uttar Pradesh,Varanasi,Wheat,2021,25.8,70.0,635.3,215.2,4.14
5494,Uttar Pradesh,Varanasi,Rice,2021,29.8,70.0,538.3,145.4,3.5
5495,Uttar Pradesh,Varanasi,Maize,2021,19.8,70.0,367.8,136.0,3.29
5496,Uttar Pradesh,Varanasi,Cotton,2021,19.5,70.0,434.9,65.6,2.17
5497,West Bengal,Hooghly,Wheat,2021,18.1,70.0,795.7,181.7,4.71
5498,West Bengal,Hooghly,Rice,2021,40.7,70.0,130.2,9.9,0.1
5499,West Bengal,Hooghly,Maize,2021,25.5,70.0,584.2,126.2,3.64
5500,West Bengal,Hooghly,Cotton,2021,35.1,70.0,134.7,18.7,0.12
5501,West Bengal,Bardhaman,Wheat,2021,21.9,70.0,802.1,160.9,4.12
5502,West Bengal,Bardhaman,Rice,2021,26.9,70.0,896.4,123.4,3.5
5503,West Bengal,Bardhaman,Maize,2021,19.7,70.0,974.4,111.7,3.13
5504,West Bengal,Bardhaman,Cotton,2021,26.8,70.0,328.9,115.8,2.36
5505,Maharashtra,Nashik,Wheat,2021,27.1,70.0,833.5,139.4,4.02
5506,Maharashtra,Nashik,Rice,2021,27.1,70.0,814.0,146.7,3.19
5507,Maharashtra,Nashik,Maize,2021,36.1,70.0,68.8,15.3,0.19
5508,Maharashtra,Nashik,Cotton,2021,22.9,70.0,714.2,125.6,2.35
5509,Maharashtra,Pune,Wheat,2021,23.1,70.0,634.9,206.1,4.44
5510,Maharashtra,Pune,Rice,2021,27.3,70.0,588.8,123.6,3.61
5511,Maharashtra,Pune,Maize,2021,37.0,70.0,103.2,7.8,0.17
5512,Maharashtra,Pune,Cotton,2021,29.8,70.0,684.8,96.3,2.48
5513,Tamil Nadu,Thanjavur,Wheat,2021,26.9,70.0,641.3,198.6,4.27
5514,Tamil Nadu,Thanjavur,Rice,2021,29.1,70.0,718.5,161.1,3.94
5515,Tamil Nadu,Thanjavur,Maize,2021,21.5,70.0,434.3,108.6,2.82
5516,Tamil Nadu,Thanjavur,Cotton,2021,29.9,70.0,777.1,114.5,2.34
5517,Andhra Pradesh,Kurnool,Wheat,2021,23.0,70.0,318.2,200.5,4.38
5518,Andhra Pradesh,Kurnool,Rice,2021,27.1,70.0,680.7,166.4,3.74
5519,Andhra Pradesh,Kurnool,Maize,2021,22.9,70.0,808.0,117.7,3.57
5520,Andhra Pradesh,Kurnool,Cotton,2021,35.5,70.0,97.7,24.5,0.12
5521,Punjab,Ludhiana,Wheat,2022,19.8,70.0,714.5,145.9,4.04
5522,Punjab,Ludhiana,Rice,2022,26.8,70.0,744.1,94.6,3.48
5523,Punjab,Ludhiana,Maize,2022,20.5,70.0,363.8,96.2,2.84
5524,Punjab,Ludhiana,Cotton,2022,27.7,70.0,467.5,127.1,2.71
5525,Punjab,Patiala,Wheat,2022,27.7,70.0,770.9,155.6,4.64
5526,Punjab,Patiala,Rice,2022,27.8,70.0,946.6,133.0,3.3
5527,Punjab,Patiala,Maize,2022,24.2,70.0,510.7,124.0,2.97
5528,Punjab,Patiala,Cotton,2022,29.9,70.0,699.9,110.5,2.34
5529,Uttar Pradesh,Kanpur,Wheat,2022,28.7,70.0,729.3,151.1,4.38
5530,Uttar Pradesh,Kanpur,Rice,2022,24.6,70.0,736.1,137.9,3.66
5531,Uttar Pradesh,Kanpur,Maize,2022,41.1,70.0,92.2,5.1,0.17
5532,Uttar Pradesh,Kanpur,Cotton,2022,38.4,70.0,138.2,4.2,0.1
5533,Uttar Pradesh,Varanasi,Wheat,2022,19.3,70.0,576.6,203.6,4.01
5534,Uttar Pradesh,Varanasi,Rice,2022,19.5,70.0,673.0,155.9,4.0
5535,Uttar Pradesh,Varanasi,Maize,2022,41.1,70.0,59.3,8.4,0.1
5536,Uttar Pradesh,Varanasi,Cotton,2022,39.7,70.0,109.0,1.5,0.21
5537,West Bengal,Hooghly,Wheat,2022,28.7,70.0,484.1,208.8,4.84
5538,West Bengal,Hooghly,Rice,2022,29.5,70.0,735.7,139.2,3.82
5539,West Bengal,Hooghly,Maize,2022,40.6,70.0,140.3,27.7,0.17
5540,West Bengal,Hooghly,Cotton,2022,40.1,70.0,102.8,19.2,0.27
5541,West Bengal,Bardhaman,Wheat,2022,30.0,70.0,527.5,146.5,4.09
5542,West Bengal,Bardhaman,Rice,2022,20.3,70.0,790.1,121.0,3.86
5543,West Bengal,Bardhaman,Maize,2022,18.6,70.0,701.6,136.6,3.05
5544,West Bengal,Bardhaman,Cotton,2022,19.1,70.0,460.8,96.5,2.0
5545,Maharashtra,Nashik,Wheat,2022,40.7,70.0,113.9,25.6,1.37
5546,Maharashtra,Nashik,Rice,2022,24.5,70.0,698.0,146.1,3.15
5547,Maharashtra,Nashik,Maize,2022,21.1,70.0,486.4,95.8,3.34
5548,Maharashtra,Nashik,Cotton,2022,19.0,70.0,558.0,75.6,2.22
5549,Maharashtra,Pune,Wheat,2022,25.6,70.0,363.3,161.4,4.25
5550,Maharashtra,Pune,Rice,2022,19.8,70.0,813.5,154.9,3.28
5551,Maharashtra,Pune,Maize,2022,20.3,70.0,499.8,100.2,2.94
5552,Maharashtra,Pune,Cotton,2022,36.3,70.0,78.9,22.7,0.12
5553,Tamil Nadu,Thanjavur,Wheat,2022,23.0,70.0,998.0,172.3,4.51
5554,Tamil Nadu,Thanjavur,Rice,2022,24.9,70.0,417.6,126.8,3.82
5555,Tamil Nadu,Thanjavur,Maize,2022,24.6,70.0,979.2,132.3,3.42
5556,Tamil Nadu,Thanjavur,Cotton,2022,26.9,70.0,968.2,127.5,2.03
5557,Andhra Pradesh,Kurnool,Wheat,2022,22.5,70.0,726.3,197.9,4.58
5558,Andhra Pradesh,Kurnool,Rice,2022,24.6,70.0,699.3,153.5,4.35
5559,Andhra Pradesh,Kurnool,Maize,2022,24.2,70.0,921.2,102.9,3.0
5560,Andhra Pradesh,Kurnool,Cotton,2022,27.9,70.0,714.5,76.2,2.62
5561,Punjab,Ludhiana,Wheat,2023,27.5,70.0,920.0,118.2,4.07
5562,Punjab,Ludhiana,Rice,2023,28.2,70.0,622.6,142.1,3.88
5563,Punjab,Ludhiana,Maize,2023,35.7,70.0,114.6,8.5,0.32
5564,Punjab,Ludhiana,Cotton,2023,25.0,70.0,312.4,101.8,2.28
5565,Punjab,Patiala,Wheat,2023,35.9,70.0,145.6,29.9,0.1
5566,Punjab,Patiala,Rice,2023,26.2,70.0,906.3,123.5,3.22
5567,Punjab,Patiala,Maize,2023,23.8,70.0,316.5,99.7,3.08
5568,Punjab,Patiala,Cotton,2023,27.1,70.0,530.4,123.7,2.74
5569,Uttar Pradesh,Kanpur,Wheat,2023,28.8,70.0,303.1,146.3,4.05
5570,Uttar Pradesh,Kanpur,Rice,2023,24.8,70.0,460.4,110.2,3.21
5571,Uttar Pradesh,Kanpur,Maize,2023,27.8,70.0,661.1,106.4,3.67
5572,Uttar Pradesh,Kanpur,Cotton,2023,40.3,70.0,129.7,15.3,0.19
5573,Uttar Pradesh,Varanasi,Wheat,2023,22.7,70.0,778.1,192.2,4.4
5574,Uttar Pradesh,Varanasi,Rice,2023,38.4,70.0,83.8,9.7,0.15
5575,Uttar Pradesh,Varanasi,Maize,2023,36.3,70.0,77.5,19.8,0.35
5576,Uttar Pradesh,Varanasi,Cotton,2023,20.0,70.0,547.7,77.4,2.05
5577,West Bengal,Hooghly,Wheat,2023,36.7,70.0,110.0,1.1,0.39
5578,West Bengal,Hooghly,Rice,2023,26.4,70.0,829.8,175.9,3.94
5579,West Bengal,Hooghly,Maize,2023,18.3,70.0,487.5,130.6,3.14
5580,West Bengal,Hooghly,Cotton,2023,19.9,70.0,469.5,82.8,1.73
5581,West Bengal,Bardhaman,Wheat,2023,26.1,70.0,746.9,138.5,3.98
5582,West Bengal,Bardhaman,Rice,2023,26.2,70.0,535.9,117.2,3.32
5583,West Bengal,Bardhaman,Maize,2023,20.6,70.0,975.7,81.0,3.3
5584,West Bengal,Bardhaman,Cotton,2023,20.7,70.0,480.6,121.5,2.31
5585,Maharashtra,Nashik,Wheat,2023,25.8,70.0,806.6,173.8,3.78
5586,Maharashtra,Nashik,Rice,2023,20.6,70.0,951.8,137.6,3.37
5587,Maharashtra,Nashik,Maize,2023,25.0,70.0,756.1,126.9,3.07
5588,Maharashtra,Nashik,Cotton,2023,36.2,70.0,77.0,20.9,0.26
5589,Maharashtra,Pune,Wheat,2023,22.3,70.0,761.0,160.6,3.9
5590,Maharashtra,Pune,Rice,2023,19.0,70.0,675.7,123.5,3.62
5591,Maharashtra,Pune,Maize,2023,29.4,70.0,464.7,94.7,2.52
5592,Maharashtra,Pune,Cotton,2023,29.0,70.0,532.9,114.9,2.45
5593,Tamil Nadu,Thanjavur,Wheat,2023,26.9,70.0,334.2,196.7,4.7
5594,Tamil Nadu,Thanjavur,Rice,2023,35.2,70.0,84.9,16.1,0.28
5595,Tamil Nadu,Thanjavur,Maize,2023,36.5,70.0,50.9,2.1,0.24
5596,Tamil Nadu,Thanjavur,Cotton,2023,36.7,70.0,50.9,13.9,0.1
5597,Andhra Pradesh,Kurnool,Wheat,2023,18.5,70.0,751.6,126.7,4.1
5598,Andhra Pradesh,Kurnool,Rice,2023,18.1,70.0,933.9,131.9,3.7
5599,Andhra Pradesh,Kurnool,Maize,2023,27.2,70.0,572.9,101.5,3.21
5600,Andhra Pradesh,Kurnool,Cotton,2023,28.1,70.0,496.3,89.7,2.45
5601,Punjab,Ludhiana,Wheat,2019,24.4,70.0,725.5,167.6,4.6
5602,Punjab,Ludhiana,Rice,2019,26.9,70.0,554.3,160.8,3.89
5603,Punjab,Ludhiana,Maize,2019,26.3,70.0,869.6,85.0,2.87
5604,Punjab,Ludhiana,Cotton,2019,20.3,70.0,699.3,85.6,2.19
5605,Punjab,Patiala,Wheat,2019,26.3,70.0,435.4,173.0,4.38
5606,Punjab,Patiala,Rice,2019,18.7,70.0,767.2,102.6,3.37
5607,Punjab,Patiala,Maize,2019,28.3,70.0,304.8,108.7,3.06
5608,Punjab,Patiala,Cotton,2019,29.9,70.0,504.4,88.4,1.66
5609,Uttar Pradesh,Kanpur,Wheat,2019,29.8,70.0,332.3,185.6,4.64
5610,Uttar Pradesh,Kanpur,Rice,2019,22.6,70.0,656.3,121.8,3.18
5611,Uttar Pradesh,Kanpur,Maize,2019,25.6,70.0,578.8,103.7,3.13
5612,Uttar Pradesh,Kanpur,Cotton,2019,28.0,70.0,514.3,126.8,2.5
5613,Uttar Pradesh,Varanasi,Wheat,2019,27.2,70.0,810.9,181.8,4.33
5614,Uttar Pradesh,Varanasi,Rice,2019,21.7,70.0,703.3,107.8,3.67
5615,Uttar Pradesh,Varanasi,Maize,2019,21.8,70.0,463.9,116.8,2.99
5616,Uttar Pradesh,Varanasi,Cotton,2019,23.5,70.0,643.8,117.6,2.39
5617,West Bengal,Hooghly,Wheat,2019,40.5,70.0,89.8,29.7,0.11
5618,West Bengal,Hooghly,Rice,2019,20.9,70.0,518.3,164.5,3.75
5619,West Bengal,Hooghly,Maize,2019,18.5,70.0,995.0,99.5,3.0
5620,West Bengal,Hooghly,Cotton,2019,18.0,70.0,686.0,91.6,2.23
5621,West Bengal,Bardhaman,Wheat,2019,28.1,70.0,611.8,178.2,4.19
5622,West Bengal,Bardhaman,Rice,2019,20.4,70.0,499.2,120.0,3.37
5623,West Bengal,Bardhaman,Maize,2019,37.1,70.0,146.6,28.2,0.1
5624,West Bengal,Bardhaman,Cotton,2019,28.5,70.0,914.1,128.7,2.48
5625,Maharashtra,Nashik,Wheat,2019,19.8,70.0,878.6,179.0,3.63
5626,Maharashtra,Nashik,Rice,2019,20.6,70.0,953.7,159.2,3.64
5627,Maharashtra,Nashik,Maize,2019,26.5,70.0,420.0,102.6,2.88
5628,Maharashtra,Nashik,Cotton,2019,23.0,70.0,483.9,126.5,2.08
5629,Maharashtra,Pune,Wheat,2019,29.6,70.0,833.5,132.9,3.69
5630,Maharashtra,Pune,Rice,2019,23.4,70.0,449.1,186.8,3.26
5631,Maharashtra,Pune,Maize,2019,25.0,70.0,831.0,166.4,3.16
5632,Maharashtra,Pune,Cotton,2019,20.2,70.0,889.9,129.8,2.4
5633,Tamil Nadu,Thanjavur,Wheat,2019,19.3,70.0,989.2,162.5,4.32
5634,Tamil Nadu,Thanjavur,Rice,2019,39.0,70.0,148.3,24.8,0.16
5635,Tamil Nadu,Thanjavur,Maize,2019,21.5,70.0,304.4,84.2,3.02
5636,Tamil Nadu,Thanjavur,Cotton,2019,20.0,70.0,833.2,108.2,2.31
5637,Andhra Pradesh,Kurnool,Wheat,2019,22.3,70.0,813.7,165.0,4.39
5638,Andhra Pradesh,Kurnool,Rice,2019,28.1,70.0,543.3,144.2,3.62
5639,Andhra Pradesh,Kurnool,Maize,2019,20.1,70.0,825.7,132.9,3.74
5640,Andhra Pradesh,Kurnool,Cotton,2019,39.3,70.0,60.8,25.6,0.1
5641,Punjab,Ludhiana,Wheat,2020,19.8,70.0,857.9,221.1,5.02
5642,Punjab,Ludhiana,Rice,2020,22.2,70.0,376.3,192.7,4.13
5643,Punjab,Ludhiana,Maize,2020,22.2,70.0,949.9,148.2,3.36
5644,Punjab,Ludhiana,Cotton,2020,18.6,70.0,413.4,122.7,2.63
5645,Punjab,Patiala,Wheat,2020,29.9,70.0,618.2,151.1,4.2
5646,Punjab,Patiala,Rice,2020,25.8,70.0,654.0,148.0,3.54
5647,Punjab,Patiala,Maize,2020,28.2,70.0,928.5,104.4,2.63
5648,Punjab,Patiala,Cotton,2020,22.2,70.0,409.6,147.6,2.41
5649,Uttar Pradesh,Kanpur,Wheat,2020,21.1,70.0,808.6,165.0,4.73
5650,Uttar Pradesh,Kanpur,Rice,2020,28.3,70.0,662.9,127.8,3.89
5651,Uttar Pradesh,Kanpur,Maize,2020,27.7,70.0,608.6,99.5,3.21
5652,Uttar Pradesh,Kanpur,Cotton,2020,29.2,70.0,943.5,143.3,2.36
5653,Uttar Pradesh,Varanasi,Wheat,2020,41.1,70.0,134.6,20.1,0.15
5654,Uttar Pradesh,Varanasi,Rice,2020,38.4,70.0,74.0,3.3,0.34
5655,Uttar Pradesh,Varanasi,Maize,2020,20.0,70.0,543.6,139.8,3.77
5656,Uttar Pradesh,Varanasi,Cotton,2020,23.2,70.0,736.7,137.5,2.46
5657,West Bengal,Hooghly,Wheat,2020,23.1,70.0,864.2,166.4,3.99
5658,West Bengal,Hooghly,Rice,2020,29.8,70.0,896.7,126.5,3.39
5659,West Bengal,Hooghly,Maize,2020,25.4,70.0,352.6,99.5,3.41
5660,West Bengal,Hooghly,Cotton,2020,21.6,70.0,809.3,123.7,2.09
5661,West Bengal,Bardhaman,Wheat,2020,24.7,70.0,993.7,121.4,3.69
5662,West Bengal,Bardhaman,Rice,2020,23.0,70.0,462.6,128.7,3.65
5663,West Bengal,Bardhaman,Maize,2020,30.0,70.0,652.3,136.5,3.02
5664,West Bengal,Bardhaman,Cotton,2020,20.6,70.0,823.8,139.4,2.08
5665,Maharashtra,Nashik,Wheat,2020,24.0,70.0,597.7,125.7,3.3
5666,Maharashtra,Nashik,Rice,2020,36.5,70.0,72.2,17.4,0.56
5667,Maharashtra,Nashik,Maize,2020,39.5,70.0,116.9,11.6,0.3
5668,Maharashtra,Nashik,Cotton,2020,39.1,70.0,68.3,6.5,0.18
5669,Maharashtra,Pune,Wheat,2020,19.6,70.0,473.5,159.4,4.31
5670,Maharashtra,Pune,Rice,2020,40.1,70.0,110.0,0.4,0.11
5671,Maharashtra,Pune,Maize,2020,18.0,70.0,769.9,79.0,2.93
5672,Maharashtra,Pune,Cotton,2020,40.7,70.0,114.3,18.4,0.16
5673,Tamil Nadu,Thanjavur,Wheat,2020,21.3,70.0,390.1,197.8,5.03
5674,Tamil Nadu,Thanjavur,Rice,2020,21.1,70.0,319.9,126.2,3.21
5675,Tamil Nadu,Thanjavur,Maize,2020,26.3,70.0,920.8,136.1,3.3
5676,Tamil Nadu,Thanjavur,Cotton,2020,22.9,70.0,602.4,70.8,1.96
5677,Andhra Pradesh,Kurnool,Wheat,2020,39.7,70.0,116.5,11.5,0.2
5678,Andhra Pradesh,Kurnool,Rice,2020,29.3,70.0,757.3,111.2,3.35
5679,Andhra Pradesh,Kurnool,Maize,2020,24.9,70.0,880.6,98.2,3.02
5680,Andhra Pradesh,Kurnool,Cotton,2020,18.0,70.0,574.3,101.2,2.58
5681,Punjab,Ludhiana,Wheat,2021,20.1,70.0,742.0,184.0,4.57
5682,Punjab,Ludhiana,Rice,2021,27.3,70.0,446.2,141.1,3.9
5683,Punjab,Ludhiana,Maize,2021,20.0,70.0,363.1,149.3,3.68
5684,Punjab,Ludhiana,Cotton,2021,24.6,70.0,882.9,149.7,2.39
5685,Punjab,Patiala,Wheat,2021,42.0,70.0,121.0,13.7,0.24
5686,Punjab,Patiala,Rice,2021,23.1,70.0,663.8,161.1,3.82
5687,Punjab,Patiala,Maize,2021,24.9,70.0,636.8,144.9,3.55
5688,Punjab,Patiala,Cotton,2021,36.0,70.0,90.0,0.0,0.1
5689,Uttar Pradesh,Kanpur,Wheat,2021,23.6,70.0,646.6,164.7,4.02
5690,Uttar Pradesh,Kanpur,Rice,2021,20.6,70.0,875.7,134.7,3.7
5691,Uttar Pradesh,Kanpur,Maize,2021,23.5,70.0,879.9,179.9,3.82
5692,Uttar Pradesh,Kanpur,Cotton,2021,28.0,70.0,590.2,85.2,2.27
5693,Uttar Pradesh,Varanasi,Wheat,2021,25.2,70.0,311.2,189.7,4.43
5694,Uttar Pradesh,Varanasi,Rice,2021,41.8,70.0,110.2,18.6,0.1
5695,Uttar Pradesh,Varanasi,Maize,2021,40.5,70.0,97.9,3.7,0.27
5696,Uttar Pradesh,Varanasi,Cotton,2021,25.1,70.0,601.7,125.9,2.77
5697,West Bengal,Hooghly,Wheat,2021,20.0,70.0,822.3,207.9,4.38
5698,West Bengal,Hooghly,Rice,2021,25.3,70.0,964.0,111.8,3.77
5699,West Bengal,Hooghly,Maize,2021,37.1,70.0,90.6,16.7,0.12
5700,West Bengal,Hooghly,Cotton,2021,21.1,70.0,963.2,65.5,2.14
5701,West Bengal,Bardhaman,Wheat,2021,27.2,70.0,836.4,162.3,4.0
5702,West Bengal,Bardhaman,Rice,2021,29.2,70.0,649.9,161.2,4.32
5703,West Bengal,Bardhaman,Maize,2021,27.3,70.0,762.7,142.5,3.64
5704,West Bengal,Bardhaman,Cotton,2021,23.1,70.0,600.1,126.3,2.38
5705,Maharashtra,Nashik,Wheat,2021,20.6,70.0,780.8,169.1,4.08
5706,Maharashtra,Nashik,Rice,2021,26.5,70.0,955.8,145.8,3.46
5707,Maharashtra,Nashik,Maize,2021,25.9,70.0,812.5,141.4,3.21
5708,Maharashtra,Nashik,Cotton,2021,27.3,70.0,865.7,122.2,2.29
5709,Maharashtra,Pune,Wheat,2021,23.6,70.0,536.1,126.1,3.51
5710,Maharashtra,Pune,Rice,2021,20.5,70.0,669.5,113.0,3.42
5711,Maharashtra,Pune,Maize,2021,20.4,70.0,729.8,114.9,3.09
5712,Maharashtra,Pune,Cotton,2021,39.3,70.0,119.5,27.8,0.1
5713,Tamil Nadu,Thanjavur,Wheat,2021,24.7,70.0,802.1,200.3,4.68
5714,Tamil Nadu,Thanjavur,Rice,2021,24.7,70.0,569.3,124.3,3.86
5715,Tamil Nadu,Thanjavur,Maize,2021,37.5,70.0,140.9,22.2,0.31
5716,Tamil Nadu,Thanjavur,Cotton,2021,18.2,70.0,702.9,107.5,2.25
5717,Andhra Pradesh,Kurnool,Wheat,2021,20.5,70.0,785.2,155.9,4.61
5718,Andhra Pradesh,Kurnool,Rice,2021,24.4,70.0,585.3,125.8,3.47
5719,Andhra Pradesh,Kurnool,Maize,2021,29.0,70.0,555.3,128.3,3.31
5720,Andhra Pradesh,Kurnool,Cotton,2021,26.5,70.0,302.3,160.8,2.63
5721,Punjab,Ludhiana,Wheat,2022,21.3,70.0,417.2,176.2,4.29
5722,Punjab,Ludhiana,Rice,2022,25.4,70.0,326.4,148.7,3.6
5723,Punjab,Ludhiana,Maize,2022,21.8,70.0,697.2,128.2,2.79
5724,Punjab,Ludhiana,Cotton,2022,21.5,70.0,475.8,123.7,2.37
5725,Punjab,Patiala,Wheat,2022,18.5,70.0,888.2,233.9,4.63
5726,Punjab,Patiala,Rice,2022,30.0,70.0,610.5,108.5,3.24
5727,Punjab,Patiala,Maize,2022,29.7,70.0,853.3,109.7,2.91
5728,Punjab,Patiala,Cotton,2022,23.9,70.0,759.1,102.0,2.08
5729,Uttar Pradesh,Kanpur,Wheat,2022,29.4,70.0,486.3,197.1,4.45
5730,Uttar Pradesh,Kanpur,Rice,2022,27.5,70.0,546.3,150.4,3.89
5731,Uttar Pradesh,Kanpur,Maize,2022,22.1,70.0,846.6,73.2,3.17
5732,Uttar Pradesh,Kanpur,Cotton,2022,29.6,70.0,633.9,95.8,2.56
5733,Uttar Pradesh,Varanasi,Wheat,2022,27.7,70.0,367.7,151.1,4.41
5734,Uttar Pradesh,Varanasi,Rice,2022,24.7,70.0,502.5,179.6,4.25
5735,Uttar Pradesh,Varanasi,Maize,2022,21.3,70.0,348.8,113.7,3.14
5736,Uttar Pradesh,Varanasi,Cotton,2022,26.6,70.0,921.7,87.8,1.94
5737,West Bengal,Hooghly,Wheat,2022,27.7,70.0,727.6,154.2,4.03
5738,West Bengal,Hooghly,Rice,2022,26.4,70.0,552.6,166.1,3.72
5739,West Bengal,Hooghly,Maize,2022,21.9,70.0,516.3,124.0,3.11
5740,West Bengal,Hooghly,Cotton,2022,29.6,70.0,427.2,77.2,2.11
5741,West Bengal,Bardhaman,Wheat,2022,26.3,70.0,875.4,183.4,3.94
5742,West Bengal,Bardhaman,Rice,2022,21.0,70.0,427.0,154.3,3.67
5743,West Bengal,Bardhaman,Maize,2022,26.0,70.0,758.0,111.5,3.52
5744,West Bengal,Bardhaman,Cotton,2022,20.8,70.0,787.7,111.9,2.16
5745,Maharashtra,Nashik,Wheat,2022,28.9,70.0,417.6,150.1,4.43
5746,Maharashtra,Nashik,Rice,2022,27.8,70.0,914.9,137.9,3.35
5747,Maharashtra,Nashik,Maize,2022,21.0,70.0,491.7,149.7,3.35
5748,Maharashtra,Nashik,Cotton,2022,26.7,70.0,386.3,80.7,2.16
5749,Maharashtra,Pune,Wheat,2022,20.7,70.0,525.0,182.1,4.27
5750,Maharashtra,Pune,Rice,2022,26.7,70.0,353.2,157.0,3.71
5751,Maharashtra,Pune,Maize,2022,28.2,70.0,372.8,127.1,3.23
5752,Maharashtra,Pune,Cotton,2022,22.5,70.0,346.8,155.0,2.6
5753,Tamil Nadu,Thanjavur,Wheat,2022,20.7,70.0,392.0,171.5,4.47
5754,Tamil Nadu,Thanjavur,Rice,2022,22.5,70.0,492.3,111.6,3.66
5755,Tamil Nadu,Thanjavur,Maize,2022,26.0,70.0,679.4,159.1,3.97
5756,Tamil Nadu,Thanjavur,Cotton,2022,23.9,70.0,685.9,131.8,2.81
5757,Andhra Pradesh,Kurnool,Wheat,2022,18.5,70.0,954.5,170.4,4.45
5758,Andhra Pradesh,Kurnool,Rice,2022,26.9,70.0,668.9,120.0,3.98
5759,Andhra Pradesh,Kurnool,Maize,2022,19.5,70.0,907.6,127.2,3.62
5760,Andhra Pradesh,Kurnool,Cotton,2022,23.8,70.0,433.0,127.4,2.42
5761,Punjab,Ludhiana,Wheat,2023,24.8,70.0,518.4,141.5,4.41
5762,Punjab,Ludhiana,Rice,2023,27.2,70.0,435.7,121.1,3.41
5763,Punjab,Ludhiana,Maize,2023,36.2,70.0,148.2,5.8,0.3
5764,Punjab,Ludhiana,Cotton,2023,22.3,70.0,776.9,114.7,2.57
5765,Punjab,Patiala,Wheat,2023,24.9,70.0,614.1,110.6,3.55
5766,Punjab,Patiala,Rice,2023,23.2,70.0,712.2,160.0,3.94
5767,Punjab,Patiala,Maize,2023,23.3,70.0,377.9,98.6,3.42
5768,Punjab,Patiala,Cotton,2023,22.4,70.0,691.4,85.7,2.4
5769,Uttar Pradesh,Kanpur,Wheat,2023,24.3,70.0,785.8,188.2,4.31
5770,Uttar Pradesh,Kanpur,Rice,2023,18.0,70.0,390.1,163.5,3.82
5771,Uttar Pradesh,Kanpur,Maize,2023,38.6,70.0,90.4,4.0,0.24
5772,Uttar Pradesh,Kanpur,Cotton,2023,23.6,70.0,992.1,149.0,2.71
5773,Uttar Pradesh,Varanasi,Wheat,2023,22.2,70.0,990.3,155.6,4.25
5774,Uttar Pradesh,Varanasi,Rice,2023,23.1,70.0,776.2,125.4,3.58
5775,Uttar Pradesh,Varanasi,Maize,2023,36.4,70.0,138.2,13.1,0.32
5776,Uttar Pradesh,Varanasi,Cotton,2023,25.2,70.0,988.9,95.0,1.88
5777,West Bengal,Hooghly,Wheat,2023,36.0,70.0,96.9,17.3,0.32
5778,West Bengal,Hooghly,Rice,2023,27.0,70.0,458.3,126.6,3.13
5779,West Bengal,Hooghly,Maize,2023,22.5,70.0,742.1,78.7,2.97
5780,West Bengal,Hooghly,Cotton,2023,27.6,70.0,526.2,117.6,2.53
5781,West Bengal,Bardhaman,Wheat,2023,21.8,70.0,850.9,120.8,4.04
5782,West Bengal,Bardhaman,Rice,2023,22.7,70.0,909.2,131.7,3.63
5783,West Bengal,Bardhaman,Maize,2023,40.4,70.0,52.8,21.0,1.23
5784,West Bengal,Bardhaman,Cotton,2023,21.1,70.0,783.8,137.7,2.22
5785,Maharashtra,Nashik,Wheat,2023,20.5,70.0,532.9,159.8,4.35
5786,Maharashtra,Nashik,Rice,2023,29.4,70.0,413.2,144.5,3.73
5787,Maharashtra,Nashik,Maize,2023,41.2,70.0,136.5,28.8,1.22
5788,Maharashtra,Nashik,Cotton,2023,18.5,70.0,955.0,109.2,2.62
5789,Maharashtra,Pune,Wheat,2023,22.9,70.0,592.9,161.5,4.3
5790,Maharashtra,Pune,Rice,2023,21.8,70.0,771.6,153.5,3.88
5791,Maharashtra,Pune,Maize,2023,18.6,70.0,708.9,80.9,2.66
5792,Maharashtra,Pune,Cotton,2023,22.6,70.0,582.8,94.9,2.48
5793,Tamil Nadu,Thanjavur,Wheat,2023,18.3,70.0,548.0,138.9,3.47
5794,Tamil Nadu,Thanjavur,Rice,2023,29.5,70.0,598.1,141.0,3.6
5795,Tamil Nadu,Thanjavur,Maize,2023,28.6,70.0,567.5,121.0,3.14
5796,Tamil Nadu,Thanjavur,Cotton,2023,21.3,70.0,546.6,141.4,2.8
5797,Andhra Pradesh,Kurnool,Wheat,2023,18.0,70.0,482.6,184.6,4.47
5798,Andhra Pradesh,Kurnool,Rice,2023,25.2,70.0,762.8,121.1,3.71
5799,Andhra Pradesh,Kurnool,Maize,2023,29.5,70.0,909.8,123.5,3.5
5800,Andhra Pradesh,Kurnool,Cotton,2023,29.1,70.0,405.5,117.5,2.38
5801,Punjab,Ludhiana,Wheat,2019,28.5,70.0,627.8,161.6,4.11
5802,Punjab,Ludhiana,Rice,2019,40.9,70.0,102.4,25.3,0.44
5803,Punjab,Ludhiana,Maize,2019,18.5,70.0,995.6,128.6,2.96
5804,Punjab,Ludhiana,Cotton,2019,27.0,70.0,742.6,61.8,2.07
5805,Punjab,Patiala,Wheat,2019,20.3,70.0,700.7,182.6,4.54
5806,Punjab,Patiala,Rice,2019,28.6,70.0,726.7,158.9,3.68
5807,Punjab,Patiala,Maize,2019,23.4,70.0,370.8,152.8,0.8
5808,Punjab,Patiala,Cotton,2019,19.3,70.0,559.8,77.9,2.12
5809,Uttar Pradesh,Kanpur,Wheat,2019,36.1,70.0,94.4,26.4,0.1
5810,Uttar Pradesh,Kanpur,Rice,2019,23.2,70.0,392.9,150.2,3.62
5811,Uttar Pradesh,Kanpur,Maize,2019,23.2,70.0,326.6,86.8,2.39
5812,Uttar Pradesh,Kanpur,Cotton,2019,38.6,70.0,147.2,4.5,0.1
5813,Uttar Pradesh,Varanasi,Wheat,2019,25.6,70.0,651.1,189.0,4.9
5814,Uttar Pradesh,Varanasi,Rice,2019,18.4,70.0,372.0,104.5,3.26
5815,Uttar Pradesh,Varanasi,Maize,2019,18.3,70.0,354.1,129.7,3.71
5816,Uttar Pradesh,Varanasi,Cotton,2019,21.8,70.0,525.8,94.8,2.28
5817,West Bengal,Hooghly,Wheat,2019,27.0,70.0,368.9,130.0,4.57
5818,West Bengal,Hooghly,Rice,2019,37.8,70.0,92.3,0.2,0.37
5819,West Bengal,Hooghly,Maize,2019,27.2,70.0,917.1,118.9,3.19
5820,West Bengal,Hooghly,Cotton,2019,41.8,70.0,121.9,13.7,0.14
5821,West Bengal,Bardhaman,Wheat,2019,36.1,70.0,109.5,4.2,0.35
5822,West Bengal,Bardhaman,Rice,2019,18.6,70.0,920.3,136.4,4.07
5823,West Bengal,Bardhaman,Maize,2019,23.3,70.0,867.7,116.7,3.4
5824,West Bengal,Bardhaman,Cotton,2019,24.9,70.0,859.0,161.8,2.6
5825,Maharashtra,Nashik,Wheat,2019,26.7,70.0,328.0,166.2,4.33
5826,Maharashtra,Nashik,Rice,2019,19.3,70.0,417.9,104.1,3.62
5827,Maharashtra,Nashik,Maize,2019,41.7,70.0,131.6,26.6,1.49
5828,Maharashtra,Nashik,Cotton,2019,19.0,70.0,789.3,157.9,2.66
5829,Maharashtra,Pune,Wheat,2019,28.5,70.0,493.4,145.0,4.26
5830,Maharashtra,Pune,Rice,2019,23.0,70.0,739.7,183.4,3.89
5831,Maharashtra,Pune,Maize,2019,28.0,70.0,520.5,94.3,3.02
5832,Maharashtra,Pune,Cotton,2019,18.9,70.0,716.8,106.4,2.29
5833,Tamil Nadu,Thanjavur,Wheat,2019,23.0,70.0,317.6,186.0,4.76
5834,Tamil Nadu,Thanjavur,Rice,2019,23.6,70.0,782.7,143.9,3.99
5835,Tamil Nadu,Thanjavur,Maize,2019,23.9,70.0,424.9,108.3,3.24
5836,Tamil Nadu,Thanjavur,Cotton,2019,26.0,70.0,451.3,126.9,2.48
5837,Andhra Pradesh,Kurnool,Wheat,2019,22.6,70.0,457.4,143.3,4.31
5838,Andhra Pradesh,Kurnool,Rice,2019,20.6,70.0,952.6,185.3,4.01
5839,Andhra Pradesh,Kurnool,Maize,2019,20.1,70.0,475.7,134.9,3.77
5840,Andhra Pradesh,Kurnool,Cotton,2019,29.9,70.0,804.0,104.0,2.18
5841,Punjab,Ludhiana,Wheat,2020,26.2,70.0,614.9,201.2,4.64
5842,Punjab,Ludhiana,Rice,2020,27.2,70.0,564.1,144.9,3.77
5843,Punjab,Ludhiana,Maize,2020,18.6,70.0,828.9,99.9,2.91
5844,Punjab,Ludhiana,Cotton,2020,25.6,70.0,777.3,112.7,2.39
5845,Punjab,Patiala,Wheat,2020,29.3,70.0,882.9,130.7,3.61
5846,Punjab,Patiala,Rice,2020,24.1,70.0,919.1,140.9,3.93
5847,Punjab,Patiala,Maize,2020,24.2,70.0,809.8,148.5,3.02
5848,Punjab,Patiala,Cotton,2020,18.2,70.0,532.4,139.2,2.79
5849,Uttar Pradesh,Kanpur,Wheat,2020,28.4,70.0,796.3,104.7,4.04
5850,Uttar Pradesh,Kanpur,Rice,2020,27.8,70.0,718.6,160.2,3.91
5851,Uttar Pradesh,Kanpur,Maize,2020,28.0,70.0,603.2,163.2,3.57
5852,Uttar Pradesh,Kanpur,Cotton,2020,23.0,70.0,843.8,66.5,2.13
5853,Uttar Pradesh,Varanasi,Wheat,2020,26.9,70.0,979.0,175.4,4.65
5854,Uttar Pradesh,Varanasi,Rice,2020,20.9,70.0,450.2,149.7,3.75
5855,Uttar Pradesh,Varanasi,Maize,2020,19.4,70.0,351.5,92.6,3.33
5856,Uttar Pradesh,Varanasi,Cotton,2020,25.1,70.0,988.7,82.2,2.15
5857,West Bengal,Hooghly,Wheat,2020,21.3,70.0,430.0,189.3,4.9
5858,West Bengal,Hooghly,Rice,2020,25.6,70.0,545.9,130.5,3.2
5859,West Bengal,Hooghly,Maize,2020,25.6,70.0,546.8,88.7,2.98
5860,West Bengal,Hooghly,Cotton,2020,24.5,70.0,591.4,124.6,2.35
5861,West Bengal,Bardhaman,Wheat,2020,18.8,70.0,728.8,187.8,4.79
5862,West Bengal,Bardhaman,Rice,2020,20.4,70.0,428.9,134.6,3.41
5863,West Bengal,Bardhaman,Maize,2020,37.1,70.0,87.4,0.7,0.11
5864,West Bengal,Bardhaman,Cotton,2020,25.4,70.0,342.5,169.0,2.64
5865,Maharashtra,Nashik,Wheat,2020,21.3,70.0,956.4,199.8,4.85
5866,Maharashtra,Nashik,Rice,2020,38.6,70.0,93.7,18.6,0.17
5867,Maharashtra,Nashik,Maize,2020,18.4,70.0,903.2,139.6,3.58
5868,Maharashtra,Nashik,Cotton,2020,23.6,70.0,375.6,104.9,2.08
5869,Maharashtra,Pune,Wheat,2020,20.7,70.0,456.0,195.4,4.33
5870,Maharashtra,Pune,Rice,2020,39.2,70.0,101.2,8.0,0.12
5871,Maharashtra,Pune,Maize,2020,26.9,70.0,711.6,134.1,3.17
5872,Maharashtra,Pune,Cotton,2020,21.4,70.0,955.3,133.7,2.6
5873,Tamil Nadu,Thanjavur,Wheat,2020,28.1,70.0,649.1,125.5,4.3
5874,Tamil Nadu,Thanjavur,Rice,2020,24.6,70.0,521.8,119.3,3.23
5875,Tamil Nadu,Thanjavur,Maize,2020,27.4,70.0,856.0,136.8,3.23
5876,Tamil Nadu,Thanjavur,Cotton,2020,25.6,70.0,954.3,96.9,2.38
5877,Andhra Pradesh,Kurnool,Wheat,2020,18.4,70.0,499.3,170.6,4.25
5878,Andhra Pradesh,Kurnool,Rice,2020,25.3,70.0,948.0,153.7,3.53
5879,Andhra Pradesh,Kurnool,Maize,2020,18.1,70.0,793.8,110.8,2.77
5880,Andhra Pradesh,Kurnool,Cotton,2020,25.1,70.0,911.7,93.0,1.89
5881,Punjab,Ludhiana,Wheat,2021,40.6,70.0,113.6,29.7,0.15
5882,Punjab,Ludhiana,Rice,2021,28.6,70.0,919.1,146.2,4.11
5883,Punjab,Ludhiana,Maize,2021,21.5,70.0,648.9,122.3,2.58
5884,Punjab,Ludhiana,Cotton,2021,26.1,70.0,370.4,86.7,1.95
5885,Punjab,Patiala,Wheat,2021,24.5,70.0,470.6,207.2,4.8
5886,Punjab,Patiala,Rice,2021,28.0,70.0,465.6,97.4,3.34
5887,Punjab,Patiala,Maize,2021,35.1,70.0,112.1,15.2,0.36
5888,Punjab,Patiala,Cotton,2021,25.5,70.0,928.9,126.5,2.75
5889,Uttar Pradesh,Kanpur,Wheat,2021,29.8,70.0,965.4,162.1,4.73
5890,Uttar Pradesh,Kanpur,Rice,2021,35.2,70.0,146.3,16.1,0.15
5891,Uttar Pradesh,Kanpur,Maize,2021,23.5,70.0,491.8,146.6,3.71
5892,Uttar Pradesh,Kanpur,Cotton,2021,19.7,70.0,629.6,121.0,2.55
5893,Uttar Pradesh,Varanasi,Wheat,2021,20.2,70.0,673.4,143.8,3.84
5894,Uttar Pradesh,Varanasi,Rice,2021,25.2,70.0,738.2,156.0,3.76
5895,Uttar Pradesh,Varanasi,Maize,2021,18.2,70.0,385.3,124.2,2.96
5896,Uttar Pradesh,Varanasi,Cotton,2021,20.0,70.0,789.8,110.2,2.26
5897,West Bengal,Hooghly,Wheat,2021,22.0,70.0,838.6,151.9,4.27
5898,West Bengal,Hooghly,Rice,2021,26.4,70.0,559.5,146.0,4.24
5899,West Bengal,Hooghly,Maize,2021,36.5,70.0,74.7,3.5,0.14
5900,West Bengal,Hooghly,Cotton,2021,29.1,70.0,466.6,123.7,2.61
5901,West Bengal,Bardhaman,Wheat,2021,27.9,70.0,630.3,178.0,4.49
5902,West Bengal,Bardhaman,Rice,2021,22.0,70.0,918.3,108.3,3.39
5903,West Bengal,Bardhaman,Maize,2021,21.3,70.0,886.3,124.4,3.21
5904,West Bengal,Bardhaman,Cotton,2021,23.5,70.0,799.5,80.1,2.01
5905,Maharashtra,Nashik,Wheat,2021,28.6,70.0,354.7,166.1,4.47
5906,Maharashtra,Nashik,Rice,2021,24.2,70.0,546.0,150.6,3.63
5907,Maharashtra,Nashik,Maize,2021,24.7,70.0,568.2,171.6,3.18
5908,Maharashtra,Nashik,Cotton,2021,21.4,70.0,390.7,158.5,2.76
5909,Maharashtra,Pune,Wheat,2021,37.4,70.0,60.3,20.1,0.1
5910,Maharashtra,Pune,Rice,2021,22.5,70.0,666.1,150.7,4.0
5911,Maharashtra,Pune,Maize,2021,19.8,70.0,766.9,131.4,3.75
5912,Maharashtra,Pune,Cotton,2021,21.3,70.0,774.4,109.5,2.32
5913,Tamil Nadu,Thanjavur,Wheat,2021,28.1,70.0,678.5,179.9,4.63
5914,Tamil Nadu,Thanjavur,Rice,2021,25.1,70.0,784.8,176.7,4.15
5915,Tamil Nadu,Thanjavur,Maize,2021,18.1,70.0,927.0,127.3,3.48
5916,Tamil Nadu,Thanjavur,Cotton,2021,27.9,70.0,494.7,128.7,2.47
5917,Andhra Pradesh,Kurnool,Wheat,2021,29.7,70.0,602.2,206.3,4.74
5918,Andhra Pradesh,Kurnool,Rice,2021,28.6,70.0,454.6,175.3,3.8
5919,Andhra Pradesh,Kurnool,Maize,2021,26.6,70.0,867.9,108.8,3.23
5920,Andhra Pradesh,Kurnool,Cotton,2021,27.2,70.0,478.7,140.9,2.55
5921,Punjab,Ludhiana,Wheat,2022,23.0,70.0,346.9,160.5,4.13
5922,Punjab,Ludhiana,Rice,2022,26.6,70.0,716.5,153.0,3.55
5923,Punjab,Ludhiana,Maize,2022,24.3,70.0,603.2,74.9,2.61
5924,Punjab,Ludhiana,Cotton,2022,36.3,70.0,104.5,4.6,0.26
5925,Punjab,Patiala,Wheat,2022,26.6,70.0,734.8,148.4,4.03
5926,Punjab,Patiala,Rice,2022,27.7,70.0,759.5,146.1,3.57
5927,Punjab,Patiala,Maize,2022,20.1,70.0,656.2,136.6,2.9
5928,Punjab,Patiala,Cotton,2022,27.6,70.0,467.3,115.8,2.69
5929,Uttar Pradesh,Kanpur,Wheat,2022,30.0,70.0,924.3,161.4,4.52
5930,Uttar Pradesh,Kanpur,Rice,2022,23.4,70.0,861.4,139.8,3.55
5931,Uttar Pradesh,Kanpur,Maize,2022,18.8,70.0,605.1,132.5,3.3
5932,Uttar Pradesh,Kanpur,Cotton,2022,20.6,70.0,651.3,91.4,2.58
5933,Uttar Pradesh,Varanasi,Wheat,2022,19.5,70.0,300.3,176.0,4.71
5934,Uttar Pradesh,Varanasi,Rice,2022,26.8,70.0,583.5,160.6,3.85
5935,Uttar Pradesh,Varanasi,Maize,2022,20.2,70.0,360.4,111.1,3.66
5936,Uttar Pradesh,Varanasi,Cotton,2022,19.1,70.0,763.8,147.0,2.67
5937,West Bengal,Hooghly,Wheat,2022,26.2,70.0,377.2,183.5,4.44
5938,West Bengal,Hooghly,Rice,2022,21.5,70.0,941.6,159.6,4.18
5939,West Bengal,Hooghly,Maize,2022,41.7,70.0,60.8,4.7,0.48
5940,West Bengal,Hooghly,Cotton,2022,25.5,70.0,544.8,91.5,2.43
5941,West Bengal,Bardhaman,Wheat,2022,18.9,70.0,450.6,88.4,3.53
5942,West Bengal,Bardhaman,Rice,2022,18.5,70.0,302.1,134.6,3.74
5943,West Bengal,Bardhaman,Maize,2022,24.4,70.0,504.2,76.0,3.2
5944,West Bengal,Bardhaman,Cotton,2022,27.3,70.0,562.3,179.9,2.5
5945,Maharashtra,Nashik,Wheat,2022,26.0,70.0,838.9,184.1,4.4
5946,Maharashtra,Nashik,Rice,2022,40.5,70.0,56.8,11.1,0.1
5947,Maharashtra,Nashik,Maize,2022,21.6,70.0,946.5,99.8,2.95
5948,Maharashtra,Nashik,Cotton,2022,19.5,70.0,340.1,98.4,1.94
5949,Maharashtra,Pune,Wheat,2022,27.4,70.0,501.1,197.6,4.45
5950,Maharashtra,Pune,Rice,2022,28.4,70.0,600.5,142.7,3.52
5951,Maharashtra,Pune,Maize,2022,28.2,70.0,971.8,168.2,3.52
5952,Maharashtra,Pune,Cotton,2022,26.5,70.0,335.6,108.4,2.2
5953,Tamil Nadu,Thanjavur,Wheat,2022,26.5,70.0,590.5,192.7,4.26
5954,Tamil Nadu,Thanjavur,Rice,2022,28.7,70.0,336.9,119.6,3.77
5955,Tamil Nadu,Thanjavur,Maize,2022,39.2,70.0,119.6,11.5,0.2
5956,Tamil Nadu,Thanjavur,Cotton,2022,19.3,70.0,393.3,76.0,1.72
5957,Andhra Pradesh,Kurnool,Wheat,2022,25.8,70.0,574.2,116.0,3.78
5958,Andhra Pradesh,Kurnool,Rice,2022,28.8,70.0,646.7,98.9,2.88
5959,Andhra Pradesh,Kurnool,Maize,2022,24.0,70.0,697.5,107.4,2.87
5960,Andhra Pradesh,Kurnool,Cotton,2022,28.7,70.0,723.2,128.2,2.51
5961,Punjab,Ludhiana,Wheat,2023,29.4,70.0,864.0,151.6,4.1
5962,Punjab,Ludhiana,Rice,2023,27.7,70.0,758.3,144.8,3.83
5963,Punjab,Ludhiana,Maize,2023,25.4,70.0,570.2,153.0,3.29
5964,Punjab,Ludhiana,Cotton,2023,18.1,70.0,576.4,114.8,2.54
5965,Punjab,Patiala,Wheat,2023,19.3,70.0,737.7,201.0,4.65
5966,Punjab,Patiala,Rice,2023,27.1,70.0,676.3,105.5,3.67
5967,Punjab,Patiala,Maize,2023,24.2,70.0,872.7,113.6,2.94
5968,Punjab,Patiala,Cotton,2023,24.4,70.0,474.8,107.8,2.11
5969,Uttar Pradesh,Kanpur,Wheat,2023,41.6,70.0,74.8,4.8,0.15
5970,Uttar Pradesh,Kanpur,Rice,2023,29.2,70.0,536.2,156.9,3.1
5971,Uttar Pradesh,Kanpur,Maize,2023,29.5,70.0,357.1,105.6,3.12
5972,Uttar Pradesh,Kanpur,Cotton,2023,21.8,70.0,466.2,167.4,2.59
5973,Uttar Pradesh,Varanasi,Wheat,2023,26.9,70.0,908.9,156.0,3.99
5974,Uttar Pradesh,Varanasi,Rice,2023,22.2,70.0,492.6,181.1,4.05
5975,Uttar Pradesh,Varanasi,Maize,2023,26.2,70.0,815.0,110.6,3.41
5976,Uttar Pradesh,Varanasi,Cotton,2023,27.4,70.0,991.6,103.8,2.63
5977,West Bengal,Hooghly,Wheat,2023,22.0,70.0,853.9,201.7,4.33
5978,West Bengal,Hooghly,Rice,2023,24.0,70.0,331.9,152.9,3.95
5979,West Bengal,Hooghly,Maize,2023,24.6,70.0,618.7,123.9,3.48
5980,West Bengal,Hooghly,Cotton,2023,29.0,70.0,356.7,113.2,2.52
5981,West Bengal,Bardhaman,Wheat,2023,42.0,70.0,148.8,11.2,0.27
5982,West Bengal,Bardhaman,Rice,2023,35.0,70.0,101.7,2.8,0.21
5983,West Bengal,Bardhaman,Maize,2023,25.2,70.0,535.3,92.4,3.46
5984,West Bengal,Bardhaman,Cotton,2023,23.7,70.0,415.3,122.0,2.12
5985,Maharashtra,Nashik,Wheat,2023,28.1,70.0,363.3,171.4,3.73
5986,Maharashtra,Nashik,Rice,2023,22.1,70.0,423.8,158.0,3.46
5987,Maharashtra,Nashik,Maize,2023,26.4,70.0,602.6,119.7,3.55
5988,Maharashtra,Nashik,Cotton,2023,21.7,70.0,506.5,100.9,1.87
5989,Maharashtra,Pune,Wheat,2023,19.9,70.0,804.9,137.3,3.86
5990,Maharashtra,Pune,Rice,2023,23.5,70.0,714.9,147.3,3.64
5991,Maharashtra,Pune,Maize,2023,24.8,70.0,334.0,74.7,2.99
5992,Maharashtra,Pune,Cotton,2023,19.8,70.0,655.2,109.2,2.32
5993,Tamil Nadu,Thanjavur,Wheat,2023,39.7,70.0,85.8,16.4,0.23
5994,Tamil Nadu,Thanjavur,Rice,2023,28.7,70.0,747.6,112.4,2.94
5995,Tamil Nadu,Thanjavur,Maize,2023,29.9,70.0,988.4,143.8,3.21
5996,Tamil Nadu,Thanjavur,Cotton,2023,22.8,70.0,397.1,158.4,2.54
5997,Andhra Pradesh,Kurnool,Wheat,2023,24.4,70.0,401.1,158.5,4.74
5998,Andhra Pradesh,Kurnool,Rice,2023,19.3,70.0,828.4,135.5,3.77
5999,Andhra Pradesh,Kurnool,Maize,2023,23.9,70.0,900.8,105.3,3.1
6000,Andhra Pradesh,Kurnool,Cotton,2023,19.2,70.0,614.3,107.2,2.31
6001,Punjab,Ludhiana,Wheat,2019,27.7,70.0,886.1,147.5,4.04
6002,Punjab,Ludhiana,Rice,2019,26.7,70.0,511.2,162.6,3.86
6003,Punjab,Ludhiana,Maize,2019,23.2,70.0,913.5,108.3,2.66
6004,Punjab,Ludhiana,Cotton,2019,23.9,70.0,426.4,110.3,2.52
6005,Punjab,Patiala,Wheat,2019,18.8,70.0,850.7,174.6,4.1
6006,Punjab,Patiala,Rice,2019,22.1,70.0,549.7,94.3,3.23
6007,Punjab,Patiala,Maize,2019,27.1,70.0,964.1,97.9,3.62
6008,Punjab,Patiala,Cotton,2019,26.8,70.0,532.2,63.9,2.0
6009,Uttar Pradesh,Kanpur,Wheat,2019,19.5,70.0,984.9,181.5,4.41
6010,Uttar Pradesh,Kanpur,Rice,2019,28.9,70.0,959.2,125.9,3.61
6011,Uttar Pradesh,Kanpur,Maize,2019,29.7,70.0,917.2,84.0,3.14
6012,Uttar Pradesh,Kanpur,Cotton,2019,29.5,70.0,342.2,136.1,2.81
6013,Uttar Pradesh,Varanasi,Wheat,2019,35.2,70.0,75.5,25.6,1.03
6014,Uttar Pradesh,Varanasi,Rice,2019,18.8,70.0,802.0,164.2,4.01
6015,Uttar Pradesh,Varanasi,Maize,2019,29.0,70.0,984.7,129.4,3.24
6016,Uttar Pradesh,Varanasi,Cotton,2019,25.8,70.0,605.3,83.8,1.97
6017,West Bengal,Hooghly,Wheat,2019,23.2,70.0,373.7,145.5,4.32
6018,West Bengal,Hooghly,Rice,2019,18.6,70.0,901.0,110.7,3.48
6019,West Bengal,Hooghly,Maize,2019,23.0,70.0,938.2,130.9,3.64
6020,West Bengal,Hooghly,Cotton,2019,37.8,70.0,96.9,16.8,0.23
6021,West Bengal,Bardhaman,Wheat,2019,29.6,70.0,695.4,196.1,4.64
6022,West Bengal,Bardhaman,Rice,2019,39.9,70.0,65.7,24.8,0.39
6023,West Bengal,Bardhaman,Maize,2019,35.5,70.0,75.4,23.1,0.14
6024,West Bengal,Bardhaman,Cotton,2019,23.6,70.0,678.7,121.8,2.36
6025,Maharashtra,Nashik,Wheat,2019,29.4,70.0,842.4,151.1,3.73
6026,Maharashtra,Nashik,Rice,2019,27.5,70.0,406.9,161.7,3.7
6027,Maharashtra,Nashik,Maize,2019,20.2,70.0,348.9,141.6,2.8
6028,Maharashtra,Nashik,Cotton,2019,37.1,70.0,119.7,27.2,0.1
6029,Maharashtra,Pune,Wheat,2019,26.9,70.0,725.4,145.0,4.37
6030,Maharashtra,Pune,Rice,2019,29.6,70.0,885.8,143.2,3.55
6031,Maharashtra,Pune,Maize,2019,18.0,70.0,333.5,148.4,3.37
6032,Maharashtra,Pune,Cotton,2019,22.1,70.0,556.1,134.5,2.43
6033,Tamil Nadu,Thanjavur,Wheat,2019,28.7,70.0,910.1,133.3,3.54
6034,Tamil Nadu,Thanjavur,Rice,2019,27.3,70.0,825.9,155.9,4.13
6035,Tamil Nadu,Thanjavur,Maize,2019,21.2,70.0,628.9,118.9,3.41
6036,Tamil Nadu,Thanjavur,Cotton,2019,22.8,70.0,910.9,74.1,2.59
6037,Andhra Pradesh,Kurnool,Wheat,2019,19.6,70.0,386.8,160.3,4.78
6038,Andhra Pradesh,Kurnool,Rice,2019,37.4,70.0,95.0,14.9,0.44
6039,Andhra Pradesh,Kurnool,Maize,2019,27.4,70.0,959.0,170.1,3.37
6040,Andhra Pradesh,Kurnool,Cotton,2019,18.6,70.0,602.8,86.6,2.44
6041,Punjab,Ludhiana,Wheat,2020,25.5,70.0,668.7,196.4,4.54
6042,Punjab,Ludhiana,Rice,2020,37.7,70.0,132.6,6.6,0.39
6043,Punjab,Ludhiana,Maize,2020,22.7,70.0,931.5,174.9,3.58
6044,Punjab,Ludhiana,Cotton,2020,18.7,70.0,536.1,123.9,2.5
6045,Punjab,Patiala,Wheat,2020,22.1,70.0,737.8,172.2,4.27
6046,Punjab,Patiala,Rice,2020,19.9,70.0,306.9,116.0,3.25
6047,Punjab,Patiala,Maize,2020,26.9,70.0,939.6,107.9,3.13
6048,Punjab,Patiala,Cotton,2020,22.9,70.0,347.1,175.6,2.89
6049,Uttar Pradesh,Kanpur,Wheat,2020,19.2,70.0,902.5,157.2,4.34
6050,Uttar Pradesh,Kanpur,Rice,2020,36.8,70.0,109.7,16.6,0.47
6051,Uttar Pradesh,Kanpur,Maize,2020,19.1,70.0,695.7,104.8,3.3
6052,Uttar Pradesh,Kanpur,Cotton,2020,35.9,70.0,73.6,6.5,0.14
6053,Uttar Pradesh,Varanasi,Wheat,2020,26.1,70.0,634.8,170.6,4.35
6054,Uttar Pradesh,Varanasi,Rice,2020,22.8,70.0,646.4,107.5,3.8
6055,Uttar Pradesh,Varanasi,Maize,2020,18.3,70.0,706.9,85.4,2.66
6056,Uttar Pradesh,Varanasi,Cotton,2020,25.2,70.0,820.6,134.6,2.46
6057,West Bengal,Hooghly,Wheat,2020,18.5,70.0,768.1,171.4,4.72
6058,West Bengal,Hooghly,Rice,2020,28.5,70.0,968.2,170.3,3.9
6059,West Bengal,Hooghly,Maize,2020,40.4,70.0,141.6,4.6,0.36
6060,West Bengal,Hooghly,Cotton,2020,23.5,70.0,374.9,70.8,2.33
6061,West Bengal,Bardhaman,Wheat,2020,24.8,70.0,317.2,129.2,3.27
6062,West Bengal,Bardhaman,Rice,2020,27.6,70.0,658.1,127.7,3.97
6063,West Bengal,Bardhaman,Maize,2020,26.0,70.0,746.2,100.6,3.55
6064,West Bengal,Bardhaman,Cotton,2020,21.4,70.0,640.5,173.2,2.53
6065,Maharashtra,Nashik,Wheat,2020,25.0,70.0,429.5,177.1,4.43
6066,Maharashtra,Nashik,Rice,2020,18.2,70.0,310.9,136.9,3.56
6067,Maharashtra,Nashik,Maize,2020,23.6,70.0,931.7,113.3,2.78
6068,Maharashtra,Nashik,Cotton,2020,23.4,70.0,711.8,116.7,2.26
6069,Maharashtra,Pune,Wheat,2020,29.6,70.0,515.9,178.2,4.03
6070,Maharashtra,Pune,Rice,2020,25.7,70.0,550.4,138.4,3.75
6071,Maharashtra,Pune,Maize,2020,24.6,70.0,711.0,141.8,3.5
6072,Maharashtra,Pune,Cotton,2020,22.8,70.0,880.8,171.2,2.72
6073,Tamil Nadu,Thanjavur,Wheat,2020,19.4,70.0,719.9,149.3,4.18
6074,Tamil Nadu,Thanjavur,Rice,2020,21.7,70.0,423.6,141.8,3.8
6075,Tamil Nadu,Thanjavur,Maize,2020,27.1,70.0,828.2,118.9,2.98
6076,Tamil Nadu,Thanjavur,Cotton,2020,24.4,70.0,538.5,102.6,2.25
6077,Andhra Pradesh,Kurnool,Wheat,2020,28.6,70.0,959.2,118.7,3.58
6078,Andhra Pradesh,Kurnool,Rice,2020,27.2,70.0,372.9,99.8,3.0
6079,Andhra Pradesh,Kurnool,Maize,2020,26.9,70.0,625.9,168.2,3.54
6080,Andhra Pradesh,Kurnool,Cotton,2020,18.1,70.0,634.7,102.4,2.41
6081,Punjab,Ludhiana,Wheat,2021,28.2,70.0,541.8,190.7,4.48
6082,Punjab,Ludhiana,Rice,2021,24.1,70.0,642.0,171.2,4.05
6083,Punjab,Ludhiana,Maize,2021,39.2,70.0,109.4,5.8,0.36
6084,Punjab,Ludhiana,Cotton,2021,27.0,70.0,861.7,76.3,2.23
6085,Punjab,Patiala,Wheat,2021,25.2,70.0,799.4,138.1,4.01
6086,Punjab,Patiala,Rice,2021,22.1,70.0,355.3,134.5,3.14
6087,Punjab,Patiala,Maize,2021,22.2,70.0,498.2,83.3,2.22
6088,Punjab,Patiala,Cotton,2021,23.9,70.0,568.5,51.1,1.95
6089,Uttar Pradesh,Kanpur,Wheat,2021,29.9,70.0,512.3,174.4,3.95
6090,Uttar Pradesh,Kanpur,Rice,2021,18.5,70.0,937.2,155.3,3.95
6091,Uttar Pradesh,Kanpur,Maize,2021,40.1,70.0,115.9,12.2,0.24
6092,Uttar Pradesh,Kanpur,Cotton,2021,22.0,70.0,428.5,107.6,2.4
6093,Uttar Pradesh,Varanasi,Wheat,2021,22.4,70.0,992.5,170.5,4.44
6094,Uttar Pradesh,Varanasi,Rice,2021,26.7,70.0,506.6,164.0,4.22
6095,Uttar Pradesh,Varanasi,Maize,2021,20.0,70.0,324.2,86.0,2.18
6096,Uttar Pradesh,Varanasi,Cotton,2021,18.4,70.0,432.3,96.7,1.99
6097,West Bengal,Hooghly,Wheat,2021,27.5,70.0,588.0,179.1,4.48
6098,West Bengal,Hooghly,Rice,2021,40.2,70.0,78.4,28.2,0.12
6099,West Bengal,Hooghly,Maize,2021,26.5,70.0,501.1,98.4,3.03
6100,West Bengal,Hooghly,Cotton,2021,25.3,70.0,975.2,110.4,1.92
6101,West Bengal,Bardhaman,Wheat,2021,23.2,70.0,848.3,147.6,3.82
6102,West Bengal,Bardhaman,Rice,2021,25.6,70.0,905.5,127.0,3.75
6103,West Bengal,Bardhaman,Maize,2021,21.2,70.0,790.5,134.1,3.57
6104,West Bengal,Bardhaman,Cotton,2021,29.2,70.0,625.9,123.7,2.5
6105,Maharashtra,Nashik,Wheat,2021,26.7,70.0,857.8,163.8,4.32
6106,Maharashtra,Nashik,Rice,2021,25.0,70.0,700.2,137.9,3.48
6107,Maharashtra,Nashik,Maize,2021,29.8,70.0,307.0,149.8,3.38
6108,Maharashtra,Nashik,Cotton,2021,23.1,70.0,963.2,92.4,2.13
6109,Maharashtra,Pune,Wheat,2021,23.2,70.0,419.7,193.3,4.82
6110,Maharashtra,Pune,Rice,2021,22.9,70.0,690.9,168.7,3.9
6111,Maharashtra,Pune,Maize,2021,29.8,70.0,942.0,92.3,2.78
6112,Maharashtra,Pune,Cotton,2021,25.8,70.0,387.7,96.4,2.19
6113,Tamil Nadu,Thanjavur,Wheat,2021,28.4,70.0,648.0,160.8,4.47
6114,Tamil Nadu,Thanjavur,Rice,2021,21.8,70.0,759.9,166.7,4.26
6115,Tamil Nadu,Thanjavur,Maize,2021,19.1,70.0,591.0,112.6,3.02
6116,Tamil Nadu,Thanjavur,Cotton,2021,22.6,70.0,890.8,94.2,2.21
6117,Andhra Pradesh,Kurnool,Wheat,2021,23.2,70.0,350.7,136.4,4.21
6118,Andhra Pradesh,Kurnool,Rice,2021,26.4,70.0,887.3,136.2,3.87
6119,Andhra Pradesh,Kurnool,Maize,2021,21.4,70.0,644.3,144.2,3.51
6120,Andhra Pradesh,Kurnool,Cotton,2021,19.7,70.0,525.6,128.0,2.13
6121,Punjab,Ludhiana,Wheat,2022,26.0,70.0,546.3,232.9,4.38
6122,Punjab,Ludhiana,Rice,2022,19.2,70.0,306.8,123.7,3.67
6123,Punjab,Ludhiana,Maize,2022,26.7,70.0,310.9,114.0,2.92
6124,Punjab,Ludhiana,Cotton,2022,21.2,70.0,481.1,124.4,2.7
6125,Punjab,Patiala,Wheat,2022,19.3,70.0,782.3,181.4,4.05
6126,Punjab,Patiala,Rice,2022,41.8,70.0,106.1,13.1,0.35
6127,Punjab,Patiala,Maize,2022,22.6,70.0,767.6,128.8,3.28
6128,Punjab,Patiala,Cotton,2022,29.1,70.0,639.6,57.8,2.0
6129,Uttar Pradesh,Kanpur,Wheat,2022,29.7,70.0,300.8,208.9,4.51
6130,Uttar Pradesh,Kanpur,Rice,2022,19.2,70.0,543.9,79.0,2.94
6131,Uttar Pradesh,Kanpur,Maize,2022,29.8,70.0,536.7,111.0,2.95
6132,Uttar Pradesh,Kanpur,Cotton,2022,37.0,70.0,69.8,16.1,0.1
6133,Uttar Pradesh,Varanasi,Wheat,2022,20.3,70.0,544.2,157.9,4.24
6134,Uttar Pradesh,Varanasi,Rice,2022,19.0,70.0,465.0,128.6,4.06
6135,Uttar Pradesh,Varanasi,Maize,2022,28.9,70.0,430.6,136.7,3.2
6136,Uttar Pradesh,Varanasi,Cotton,2022,27.4,70.0,876.9,134.6,2.4
6137,West Bengal,Hooghly,Wheat,2022,20.6,70.0,697.6,213.9,4.43
6138,West Bengal,Hooghly,Rice,2022,22.2,70.0,468.2,148.7,4.06
6139,West Bengal,Hooghly,Maize,2022,28.0,70.0,400.5,74.3,2.88
6140,West Bengal,Hooghly,Cotton,2022,26.4,70.0,655.4,85.9,2.13
6141,West Bengal,Bardhaman,Wheat,2022,23.7,70.0,443.9,121.6,4.27
6142,West Bengal,Bardhaman,Rice,2022,18.1,70.0,986.1,131.3,3.66
6143,West Bengal,Bardhaman,Maize,2022,22.5,70.0,442.3,110.8,2.78
6144,West Bengal,Bardhaman,Cotton,2022,27.8,70.0,727.3,84.3,2.13
6145,Maharashtra,Nashik,Wheat,2022,26.3,70.0,614.1,195.8,4.53
6146,Maharashtra,Nashik,Rice,2022,21.5,70.0,692.1,146.8,3.03
6147,Maharashtra,Nashik,Maize,2022,25.2,70.0,328.3,104.4,3.01
6148,Maharashtra,Nashik,Cotton,2022,23.6,70.0,483.2,132.4,2.23
6149,Maharashtra,Pune,Wheat,2022,26.6,70.0,768.8,168.6,4.7
6150,Maharashtra,Pune,Rice,2022,29.6,70.0,636.9,186.4,3.69
6151,Maharashtra,Pune,Maize,2022,35.3,70.0,78.4,2.4,0.28
6152,Maharashtra,Pune,Cotton,2022,27.7,70.0,358.6,60.9,2.26
6153,Tamil Nadu,Thanjavur,Wheat,2022,36.7,70.0,59.0,28.4,0.18
6154,Tamil Nadu,Thanjavur,Rice,2022,22.8,70.0,889.6,112.3,3.45
6155,Tamil Nadu,Thanjavur,Maize,2022,38.9,70.0,125.5,3.0,0.2
6156,Tamil Nadu,Thanjavur,Cotton,2022,21.3,70.0,488.4,104.2,2.37
6157,Andhra Pradesh,Kurnool,Wheat,2022,18.5,70.0,339.9,207.0,4.26
6158,Andhra Pradesh,Kurnool,Rice,2022,21.8,70.0,548.3,138.2,3.55
6159,Andhra Pradesh,Kurnool,Maize,2022,18.1,70.0,708.2,139.2,3.22
6160,Andhra Pradesh,Kurnool,Cotton,2022,22.0,70.0,867.9,80.0,1.87
6161,Punjab,Ludhiana,Wheat,2023,26.3,70.0,697.5,179.7,5.1
6162,Punjab,Ludhiana,Rice,2023,24.4,70.0,473.4,144.8,3.54
6163,Punjab,Ludhiana,Maize,2023,24.6,70.0,981.2,121.5,3.06
6164,Punjab,Ludhiana,Cotton,2023,21.7,70.0,322.5,125.9,2.72
6165,Punjab,Patiala,Wheat,2023,25.4,70.0,449.9,186.1,4.25
6166,Punjab,Patiala,Rice,2023,21.3,70.0,949.6,142.9,3.66
6167,Punjab,Patiala,Maize,2023,27.4,70.0,974.2,130.2,3.42
6168,Punjab,Patiala,Cotton,2023,18.3,70.0,859.0,157.3,2.59
6169,Uttar Pradesh,Kanpur,Wheat,2023,28.1,70.0,520.2,166.0,4.34
6170,Uttar Pradesh,Kanpur,Rice,2023,20.2,70.0,918.4,102.5,2.77
6171,Uttar Pradesh,Kanpur,Maize,2023,27.7,70.0,508.9,127.6,3.24
6172,Uttar Pradesh,Kanpur,Cotton,2023,27.0,70.0,931.2,129.5,2.31
6173,Uttar Pradesh,Varanasi,Wheat,2023,25.6,70.0,705.4,90.2,4.18
6174,Uttar Pradesh,Varanasi,Rice,2023,18.8,70.0,332.9,137.0,3.74
6175,Uttar Pradesh,Varanasi,Maize,2023,25.7,70.0,486.3,93.2,2.63
6176,Uttar Pradesh,Varanasi,Cotton,2023,21.4,70.0,327.5,94.6,2.39
6177,West Bengal,Hooghly,Wheat,2023,40.5,70.0,97.8,15.7,0.19
6178,West Bengal,Hooghly,Rice,2023,24.4,70.0,517.3,115.7,3.86
6179,West Bengal,Hooghly,Maize,2023,22.8,70.0,351.3,113.3,3.51
6180,West Bengal,Hooghly,Cotton,2023,26.2,70.0,665.7,161.9,2.51
6181,West Bengal,Bardhaman,Wheat,2023,29.8,70.0,662.9,175.9,4.1
6182,West Bengal,Bardhaman,Rice,2023,27.4,70.0,543.0,119.9,3.4
6183,West Bengal,Bardhaman,Maize,2023,27.7,70.0,608.7,175.9,3.95
6184,West Bengal,Bardhaman,Cotton,2023,21.1,70.0,482.4,87.2,2.1
6185,Maharashtra,Nashik,Wheat,2023,20.7,70.0,575.8,207.5,4.67
6186,Maharashtra,Nashik,Rice,2023,27.1,70.0,536.5,150.7,3.7
6187,Maharashtra,Nashik,Maize,2023,21.7,70.0,796.1,109.2,2.73
6188,Maharashtra,Nashik,Cotton,2023,21.1,70.0,365.4,80.4,2.12
6189,Maharashtra,Pune,Wheat,2023,37.1,70.0,135.8,26.8,0.17
6190,Maharashtra,Pune,Rice,2023,19.2,70.0,330.4,145.8,3.83
6191,Maharashtra,Pune,Maize,2023,23.2,70.0,798.6,153.7,3.31
6192,Maharashtra,Pune,Cotton,2023,36.8,70.0,134.2,10.7,0.16
6193,Tamil Nadu,Thanjavur,Wheat,2023,24.3,70.0,723.7,191.8,4.11
6194,Tamil Nadu,Thanjavur,Rice,2023,28.6,70.0,863.8,108.6,3.94
6195,Tamil Nadu,Thanjavur,Maize,2023,20.3,70.0,549.8,164.3,3.17
6196,Tamil Nadu,Thanjavur,Cotton,2023,38.9,70.0,147.1,9.3,0.22
6197,Andhra Pradesh,Kurnool,Wheat,2023,22.6,70.0,867.4,155.0,4.47
6198,Andhra Pradesh,Kurnool,Rice,2023,27.9,70.0,717.9,100.9,2.88
6199,Andhra Pradesh,Kurnool,Maize,2023,22.5,70.0,926.8,149.7,3.82
6200,Andhra Pradesh,Kurnool,Cotton,2023,39.5,70.0,116.7,4.2,0.11
6201,Punjab,Ludhiana,Wheat,2019,23.4,70.0,983.3,152.4,4.13
6202,Punjab,Ludhiana,Rice,2019,24.3,70.0,679.2,151.7,3.73
6203,Punjab,Ludhiana,Maize,2019,23.9,70.0,552.4,130.2,3.06
6204,Punjab,Ludhiana,Cotton,2019,26.8,70.0,743.4,84.9,2.11
6205,Punjab,Patiala,Wheat,2019,26.8,70.0,895.6,170.5,4.27
6206,Punjab,Patiala,Rice,2019,27.9,70.0,708.0,159.8,3.78
6207,Punjab,Patiala,Maize,2019,29.0,70.0,636.6,124.0,3.19
6208,Punjab,Patiala,Cotton,2019,35.7,70.0,148.5,27.5,0.12
6209,Uttar Pradesh,Kanpur,Wheat,2019,23.3,70.0,345.8,180.4,4.02
6210,Uttar Pradesh,Kanpur,Rice,2019,29.8,70.0,892.4,139.6,3.52
6211,Uttar Pradesh,Kanpur,Maize,2019,20.8,70.0,658.1,117.5,2.81
6212,Uttar Pradesh,Kanpur,Cotton,2019,22.0,70.0,334.7,85.4,2.33
6213,Uttar Pradesh,Varanasi,Wheat,2019,23.5,70.0,882.8,135.8,3.61
6214,Uttar Pradesh,Varanasi,Rice,2019,19.9,70.0,404.8,67.9,2.97
6215,Uttar Pradesh,Varanasi,Maize,2019,21.8,70.0,475.8,95.2,3.2
6216,Uttar Pradesh,Varanasi,Cotton,2019,28.8,70.0,579.8,110.6,2.21
6217,West Bengal,Hooghly,Wheat,2019,25.6,70.0,658.4,126.5,4.01
6218,West Bengal,Hooghly,Rice,2019,28.3,70.0,951.9,143.8,4.27
6219,West Bengal,Hooghly,Maize,2019,19.1,70.0,796.4,143.8,3.69
6220,West Bengal,Hooghly,Cotton,2019,29.9,70.0,507.4,154.7,2.54
6221,West Bengal,Bardhaman,Wheat,2019,18.5,70.0,718.9,148.9,3.84
6222,West Bengal,Bardhaman,Rice,2019,25.6,70.0,660.9,93.1,3.58
6223,West Bengal,Bardhaman,Maize,2019,19.9,70.0,681.7,142.2,3.84
6224,West Bengal,Bardhaman,Cotton,2019,23.3,70.0,628.2,94.8,2.15
6225,Maharashtra,Nashik,Wheat,2019,29.4,70.0,478.3,186.4,4.7
6226,Maharashtra,Nashik,Rice,2019,27.2,70.0,929.8,168.5,3.78
6227,Maharashtra,Nashik,Maize,2019,22.0,70.0,604.2,59.8,2.05
6228,Maharashtra,Nashik,Cotton,2019,27.5,70.0,541.9,92.2,2.41
6229,Maharashtra,Pune,Wheat,2019,38.0,70.0,130.5,9.9,0.11
6230,Maharashtra,Pune,Rice,2019,26.2,70.0,648.6,127.9,3.92
6231,Maharashtra,Pune,Maize,2019,24.6,70.0,880.2,97.1,2.99
6232,Maharashtra,Pune,Cotton,2019,25.6,70.0,518.4,48.8,2.06
6233,Tamil Nadu,Thanjavur,Wheat,2019,29.9,70.0,731.5,176.0,4.65
6234,Tamil Nadu,Thanjavur,Rice,2019,23.6,70.0,900.6,146.3,4.32
6235,Tamil Nadu,Thanjavur,Maize,2019,25.4,70.0,836.0,107.8,3.58
6236,Tamil Nadu,Thanjavur,Cotton,2019,24.3,70.0,936.1,64.6,1.82
6237,Andhra Pradesh,Kurnool,Wheat,2019,23.2,70.0,642.4,234.2,4.63
6238,Andhra Pradesh,Kurnool,Rice,2019,18.6,70.0,645.4,114.2,3.6
6239,Andhra Pradesh,Kurnool,Maize,2019,22.7,70.0,964.5,125.5,3.52
6240,Andhra Pradesh,Kurnool,Cotton,2019,40.2,70.0,72.9,27.3,0.18
6241,Punjab,Ludhiana,Wheat,2020,26.5,70.0,778.3,191.9,4.83
6242,Punjab,Ludhiana,Rice,2020,20.8,70.0,484.0,112.6,3.43
6243,Punjab,Ludhiana,Maize,2020,19.9,70.0,928.6,107.0,3.56
6244,Punjab,Ludhiana,Cotton,2020,21.3,70.0,813.2,78.0,2.19
6245,Punjab,Patiala,Wheat,2020,21.4,70.0,574.0,188.1,4.46
6246,Punjab,Patiala,Rice,2020,28.3,70.0,635.0,149.7,3.72
6247,Punjab,Patiala,Maize,2020,28.6,70.0,981.1,116.2,3.37
6248,Punjab,Patiala,Cotton,2020,19.1,70.0,642.2,104.3,2.5
6249,Uttar Pradesh,Kanpur,Wheat,2020,19.9,70.0,446.9,167.2,4.45
6250,Uttar Pradesh,Kanpur,Rice,2020,20.0,70.0,938.2,151.7,3.35
6251,Uttar Pradesh,Kanpur,Maize,2020,29.5,70.0,609.9,117.4,3.07
6252,Uttar Pradesh,Kanpur,Cotton,2020,19.1,70.0,853.2,189.5,2.79
6253,Uttar Pradesh,Varanasi,Wheat,2020,24.2,70.0,782.9,187.5,4.54
6254,Uttar Pradesh,Varanasi,Rice,2020,27.8,70.0,361.1,142.4,3.98
6255,Uttar Pradesh,Varanasi,Maize,2020,27.6,70.0,464.7,134.4,3.37
6256,Uttar Pradesh,Varanasi,Cotton,2020,22.8,70.0,709.6,98.1,2.22
6257,West Bengal,Hooghly,Wheat,2020,27.0,70.0,972.9,163.0,3.9
6258,West Bengal,Hooghly,Rice,2020,18.4,70.0,931.5,99.3,3.27
6259,West Bengal,Hooghly,Maize,2020,23.1,70.0,875.7,108.9,2.93
6260,West Bengal,Hooghly,Cotton,2020,38.7,70.0,50.6,16.1,0.14
6261,West Bengal,Bardhaman,Wheat,2020,26.4,70.0,557.2,148.9,4.53
6262,West Bengal,Bardhaman,Rice,2020,28.0,70.0,884.5,163.8,4.15
6263,West Bengal,Bardhaman,Maize,2020,25.8,70.0,785.4,93.9,2.53
6264,West Bengal,Bardhaman,Cotton,2020,25.4,70.0,440.1,111.7,1.99
6265,Maharashtra,Nashik,Wheat,2020,29.8,70.0,504.5,126.0,3.65
6266,Maharashtra,Nashik,Rice,2020,23.1,70.0,455.0,142.1,3.8
6267,Maharashtra,Nashik,Maize,2020,25.9,70.0,651.9,101.4,2.36
6268,Maharashtra,Nashik,Cotton,2020,25.5,70.0,567.7,111.2,2.42
6269,Maharashtra,Pune,Wheat,2020,27.8,70.0,875.2,121.8,3.71
6270,Maharashtra,Pune,Rice,2020,38.6,70.0,110.5,12.8,0.22
6271,Maharashtra,Pune,Maize,2020,38.6,70.0,67.3,5.9,0.13
6272,Maharashtra,Pune,Cotton,2020,20.7,70.0,357.4,84.1,2.1
6273,Tamil Nadu,Thanjavur,Wheat,2020,27.1,70.0,433.4,147.5,4.37
6274,Tamil Nadu,Thanjavur,Rice,2020,40.1,70.0,149.3,25.8,0.14
6275,Tamil Nadu,Thanjavur,Maize,2020,38.3,70.0,100.8,24.0,0.18
6276,Tamil Nadu,Thanjavur,Cotton,2020,25.6,70.0,660.5,112.5,2.38
6277,Andhra Pradesh,Kurnool,Wheat,2020,30.0,70.0,973.6,161.2,4.49
6278,Andhra Pradesh,Kurnool,Rice,2020,23.2,70.0,612.8,145.4,3.88
6279,Andhra Pradesh,Kurnool,Maize,2020,24.7,70.0,611.2,147.4,3.13
6280,Andhra Pradesh,Kurnool,Cotton,2020,21.1,70.0,498.5,79.5,2.14
6281,Punjab,Ludhiana,Wheat,2021,19.9,70.0,902.2,165.8,4.5
6282,Punjab,Ludhiana,Rice,2021,25.5,70.0,335.3,127.8,3.54
6283,Punjab,Ludhiana,Maize,2021,18.8,70.0,597.8,174.0,3.41
6284,Punjab,Ludhiana,Cotton,2021,27.8,70.0,894.4,98.9,2.07
6285,Punjab,Patiala,Wheat,2021,27.3,70.0,716.0,118.0,3.71
6286,Punjab,Patiala,Rice,2021,23.5,70.0,874.4,134.7,3.79
6287,Punjab,Patiala,Maize,2021,20.7,70.0,381.1,92.6,2.58
6288,Punjab,Patiala,Cotton,2021,28.5,70.0,828.5,154.8,2.44
6289,Uttar Pradesh,Kanpur,Wheat,2021,21.2,70.0,774.9,153.4,3.54
6290,Uttar Pradesh,Kanpur,Rice,2021,25.3,70.0,818.8,153.8,4.01
6291,Uttar Pradesh,Kanpur,Maize,2021,21.4,70.0,438.2,120.3,3.37
6292,Uttar Pradesh,Kanpur,Cotton,2021,20.9,70.0,809.5,116.4,2.6
6293,Uttar Pradesh,Varanasi,Wheat,2021,26.8,70.0,666.8,199.7,4.34
6294,Uttar Pradesh,Varanasi,Rice,2021,24.5,70.0,722.2,114.0,2.88
6295,Uttar Pradesh,Varanasi,Maize,2021,22.6,70.0,331.2,150.6,3.65
6296,Uttar Pradesh,Varanasi,Cotton,2021,25.8,70.0,795.7,109.0,2.39
6297,West Bengal,Hooghly,Wheat,2021,25.7,70.0,326.3,195.0,4.74
6298,West Bengal,Hooghly,Rice,2021,19.3,70.0,986.9,131.9,3.65
6299,West Bengal,Hooghly,Maize,2021,21.5,70.0,333.4,89.9,3.24
6300,West Bengal,Hooghly,Cotton,2021,22.3,70.0,344.6,153.1,2.59
6301,West Bengal,Bardhaman,Wheat,2021,28.6,70.0,433.1,149.1,3.99
6302,West Bengal,Bardhaman,Rice,2021,23.5,70.0,910.7,102.8,3.07
6303,West Bengal,Bardhaman,Maize,2021,21.7,70.0,513.6,79.7,3.42
6304,West Bengal,Bardhaman,Cotton,2021,26.0,70.0,584.1,114.4,2.14
6305,Maharashtra,Nashik,Wheat,2021,39.9,70.0,82.5,2.5,0.18
6306,Maharashtra,Nashik,Rice,2021,24.0,70.0,962.4,130.8,3.49
6307,Maharashtra,Nashik,Maize,2021,29.8,70.0,521.7,117.1,3.0
6308,Maharashtra,Nashik,Cotton,2021,27.1,70.0,799.1,125.7,2.39
6309,Maharashtra,Pune,Wheat,2021,19.5,70.0,361.3,187.5,4.79
6310,Maharashtra,Pune,Rice,2021,41.1,70.0,137.9,25.8,0.23
6311,Maharashtra,Pune,Maize,2021,23.6,70.0,414.8,154.3,3.13
6312,Maharashtra,Pune,Cotton,2021,19.4,70.0,699.0,99.0,2.23
6313,Tamil Nadu,Thanjavur,Wheat,2021,41.1,70.0,130.4,19.4,0.15
6314,Tamil Nadu,Thanjavur,Rice,2021,21.7,70.0,573.7,129.5,4.0
6315,Tamil Nadu,Thanjavur,Maize,2021,24.9,70.0,799.8,130.9,3.37
6316,Tamil Nadu,Thanjavur,Cotton,2021,37.5,70.0,98.4,18.9,0.1
6317,Andhra Pradesh,Kurnool,Wheat,2021,39.4,70.0,139.9,2.0,0.2
6318,Andhra Pradesh,Kurnool,Rice,2021,19.1,70.0,524.8,142.5,3.69
6319,Andhra Pradesh,Kurnool,Maize,2021,25.4,70.0,735.4,119.0,3.33
6320,Andhra Pradesh,Kurnool,Cotton,2021,21.2,70.0,377.2,108.9,2.3
6321,Punjab,Ludhiana,Wheat,2022,18.3,70.0,739.7,191.5,4.7
6322,Punjab,Ludhiana,Rice,2022,25.6,70.0,589.2,131.7,3.54
6323,Punjab,Ludhiana,Maize,2022,26.6,70.0,540.1,126.3,3.36
6324,Punjab,Ludhiana,Cotton,2022,28.3,70.0,847.8,83.8,2.15
6325,Punjab,Patiala,Wheat,2022,26.8,70.0,417.8,143.2,3.95
6326,Punjab,Patiala,Rice,2022,27.1,70.0,441.8,111.3,3.19
6327,Punjab,Patiala,Maize,2022,20.7,70.0,757.2,165.1,3.34
6328,Punjab,Patiala,Cotton,2022,27.3,70.0,355.5,95.9,2.54
6329,Uttar Pradesh,Kanpur,Wheat,2022,24.9,70.0,898.5,184.9,4.09
6330,Uttar Pradesh,Kanpur,Rice,2022,35.9,70.0,134.4,17.0,0.23
6331,Uttar Pradesh,Kanpur,Maize,2022,23.6,70.0,372.2,98.8,3.0
6332,Uttar Pradesh,Kanpur,Cotton,2022,25.6,70.0,874.8,127.2,2.6
6333,Uttar Pradesh,Varanasi,Wheat,2022,37.7,70.0,65.7,11.9,0.24
6334,Uttar Pradesh,Varanasi,Rice,2022,39.3,70.0,137.7,8.4,0.35
6335,Uttar Pradesh,Varanasi,Maize,2022,18.7,70.0,480.7,84.3,3.12
6336,Uttar Pradesh,Varanasi,Cotton,2022,23.0,70.0,361.6,153.1,2.58
6337,West Bengal,Hooghly,Wheat,2022,23.9,70.0,548.9,151.1,4.06
6338,West Bengal,Hooghly,Rice,2022,28.4,70.0,975.7,134.1,3.32
6339,West Bengal,Hooghly,Maize,2022,40.4,70.0,84.2,29.3,0.28
6340,West Bengal,Hooghly,Cotton,2022,25.6,70.0,490.3,145.1,2.46
6341,West Bengal,Bardhaman,Wheat,2022,29.9,70.0,552.5,146.4,4.39
6342,West Bengal,Bardhaman,Rice,2022,21.8,70.0,541.9,162.9,4.25
6343,West Bengal,Bardhaman,Maize,2022,19.0,70.0,406.0,135.6,3.64
6344,West Bengal,Bardhaman,Cotton,2022,27.9,70.0,980.7,107.1,2.07
6345,Maharashtra,Nashik,Wheat,2022,24.2,70.0,301.9,139.7,3.9
6346,Maharashtra,Nashik,Rice,2022,27.5,70.0,613.1,174.0,3.45
6347,Maharashtra,Nashik,Maize,2022,20.0,70.0,341.7,147.3,3.37
6348,Maharashtra,Nashik,Cotton,2022,27.4,70.0,838.8,134.8,2.25
6349,Maharashtra,Pune,Wheat,2022,29.8,70.0,629.6,194.3,4.6
6350,Maharashtra,Pune,Rice,2022,22.0,70.0,732.2,153.6,3.96
6351,Maharashtra,Pune,Maize,2022,39.7,70.0,121.9,14.4,0.43
6352,Maharashtra,Pune,Cotton,2022,29.9,70.0,383.3,139.6,2.61
6353,Tamil Nadu,Thanjavur,Wheat,2022,24.9,70.0,754.5,199.0,4.55
6354,Tamil Nadu,Thanjavur,Rice,2022,26.0,70.0,571.5,182.4,4.1
6355,Tamil Nadu,Thanjavur,Maize,2022,24.2,70.0,983.6,90.9,2.58
6356,Tamil Nadu,Thanjavur,Cotton,2022,27.2,70.0,468.9,97.7,2.5
6357,Andhra Pradesh,Kurnool,Wheat,2022,20.8,70.0,838.7,178.7,4.0
6358,Andhra Pradesh,Kurnool,Rice,2022,26.2,70.0,796.3,147.3,3.72
6359,Andhra Pradesh,Kurnool,Maize,2022,19.9,70.0,407.8,103.3,3.21
6360,Andhra Pradesh,Kurnool,Cotton,2022,18.8,70.0,991.8,103.3,2.19
6361,Punjab,Ludhiana,Wheat,2023,28.2,70.0,862.4,147.8,3.51
6362,Punjab,Ludhiana,Rice,2023,18.9,70.0,568.6,168.1,3.94
6363,Punjab,Ludhiana,Maize,2023,27.0,70.0,995.5,106.7,3.31
6364,Punjab,Ludhiana,Cotton,2023,26.4,70.0,313.8,94.0,2.18
6365,Punjab,Patiala,Wheat,2023,35.5,70.0,59.2,4.3,0.34
6366,Punjab,Patiala,Rice,2023,28.8,70.0,793.2,155.8,3.86
6367,Punjab,Patiala,Maize,2023,26.0,70.0,886.5,172.0,3.17
6368,Punjab,Patiala,Cotton,2023,26.4,70.0,904.8,84.1,2.12
6369,Uttar Pradesh,Kanpur,Wheat,2023,36.9,70.0,138.6,0.3,0.24
6370,Uttar Pradesh,Kanpur,Rice,2023,19.0,70.0,943.5,173.3,4.23
6371,Uttar Pradesh,Kanpur,Maize,2023,38.3,70.0,74.8,14.4,0.3
6372,Uttar Pradesh,Kanpur,Cotton,2023,27.2,70.0,960.0,76.4,2.21
6373,Uttar Pradesh,Varanasi,Wheat,2023,19.0,70.0,510.2,138.5,4.4
6374,Uttar Pradesh,Varanasi,Rice,2023,19.3,70.0,488.7,147.4,3.76
6375,Uttar Pradesh,Varanasi,Maize,2023,39.7,70.0,108.4,23.3,0.15
6376,Uttar Pradesh,Varanasi,Cotton,2023,28.0,70.0,355.0,102.4,2.39
6377,West Bengal,Hooghly,Wheat,2023,27.9,70.0,989.6,152.7,4.26
6378,West Bengal,Hooghly,Rice,2023,29.4,70.0,713.3,154.4,4.0
6379,West Bengal,Hooghly,Maize,2023,35.5,70.0,146.5,13.0,0.11
6380,West Bengal,Hooghly,Cotton,2023,28.8,70.0,933.1,128.9,2.24
6381,West Bengal,Bardhaman,Wheat,2023,28.9,70.0,946.3,161.8,3.52
6382,West Bengal,Bardhaman,Rice,2023,25.2,70.0,410.8,120.3,3.67
6383,West Bengal,Bardhaman,Maize,2023,21.7,70.0,492.3,119.0,3.04
6384,West Bengal,Bardhaman,Cotton,2023,18.4,70.0,981.7,123.4,2.34
6385,Maharashtra,Nashik,Wheat,2023,20.9,70.0,641.4,143.2,3.91
6386,Maharashtra,Nashik,Rice,2023,22.9,70.0,406.9,127.5,3.78
6387,Maharashtra,Nashik,Maize,2023,40.8,70.0,68.3,13.8,0.1
6388,Maharashtra,Nashik,Cotton,2023,23.3,70.0,962.2,136.6,2.18
6389,Maharashtra,Pune,Wheat,2023,24.0,70.0,999.2,145.5,4.01
6390,Maharashtra,Pune,Rice,2023,41.5,70.0,82.4,4.1,0.26
6391,Maharashtra,Pune,Maize,2023,39.5,70.0,114.5,26.2,0.23
6392,Maharashtra,Pune,Cotton,2023,29.0,70.0,482.8,103.8,2.11
6393,Tamil Nadu,Thanjavur,Wheat,2023,37.3,70.0,141.8,12.3,0.31
6394,Tamil Nadu,Thanjavur,Rice,2023,38.0,70.0,54.4,27.1,0.32
6395,Tamil Nadu,Thanjavur,Maize,2023,28.2,70.0,708.0,118.5,3.11
6396,Tamil Nadu,Thanjavur,Cotton,2023,39.1,70.0,57.2,28.4,0.28
6397,Andhra Pradesh,Kurnool,Wheat,2023,28.0,70.0,618.3,182.8,4.52
6398,Andhra Pradesh,Kurnool,Rice,2023,23.4,70.0,526.1,166.9,3.96
6399,Andhra Pradesh,Kurnool,Maize,2023,24.7,70.0,754.1,134.3,3.3
6400,Andhra Pradesh,Kurnool,Cotton,2023,24.1,70.0,741.8,111.3,2.26
6401,Punjab,Ludhiana,Wheat,2019,24.3,70.0,652.6,173.7,4.72
6402,Punjab,Ludhiana,Rice,2019,26.5,70.0,717.2,105.0,3.37
6403,Punjab,Ludhiana,Maize,2019,22.3,70.0,321.6,76.3,2.75
6404,Punjab,Ludhiana,Cotton,2019,24.3,70.0,810.2,115.3,2.27
6405,Punjab,Patiala,Wheat,2019,37.6,70.0,101.1,24.6,0.13
6406,Punjab,Patiala,Rice,2019,23.4,70.0,308.7,156.5,3.83
6407,Punjab,Patiala,Maize,2019,26.1,70.0,826.7,90.7,2.76
6408,Punjab,Patiala,Cotton,2019,19.0,70.0,329.4,154.5,2.54
6409,Uttar Pradesh,Kanpur,Wheat,2019,35.8,70.0,115.0,8.4,0.34
6410,Uttar Pradesh,Kanpur,Rice,2019,23.5,70.0,949.5,142.0,3.95
6411,Uttar Pradesh,Kanpur,Maize,2019,26.0,70.0,657.0,118.2,3.23
6412,Uttar Pradesh,Kanpur,Cotton,2019,19.5,70.0,507.4,100.5,2.33
6413,Uttar Pradesh,Varanasi,Wheat,2019,25.2,70.0,542.1,157.5,4.48
6414,Uttar Pradesh,Varanasi,Rice,2019,40.4,70.0,135.3,26.3,0.2
6415,Uttar Pradesh,Varanasi,Maize,2019,20.3,70.0,445.9,112.2,2.71
6416,Uttar Pradesh,Varanasi,Cotton,2019,25.8,70.0,569.6,72.1,2.2
6417,West Bengal,Hooghly,Wheat,2019,20.5,70.0,656.5,192.8,4.4
6418,West Bengal,Hooghly,Rice,2019,25.5,70.0,561.1,157.7,3.62
6419,West Bengal,Hooghly,Maize,2019,24.5,70.0,873.1,109.9,3.74
6420,West Bengal,Hooghly,Cotton,2019,20.9,70.0,772.2,110.8,2.33
6421,West Bengal,Bardhaman,Wheat,2019,23.0,70.0,789.0,187.9,4.49
6422,West Bengal,Bardhaman,Rice,2019,25.5,70.0,373.7,158.4,3.9
6423,West Bengal,Bardhaman,Maize,2019,26.7,70.0,679.2,156.8,3.92
6424,West Bengal,Bardhaman,Cotton,2019,29.6,70.0,674.7,93.0,2.02
6425,Maharashtra,Nashik,Wheat,2019,25.1,70.0,436.2,166.5,3.74
6426,Maharashtra,Nashik,Rice,2019,25.0,70.0,723.7,97.9,3.18
6427,Maharashtra,Nashik,Maize,2019,25.5,70.0,735.6,85.1,2.84
6428,Maharashtra,Nashik,Cotton,2019,27.8,70.0,962.2,130.0,2.25
6429,Maharashtra,Pune,Wheat,2019,37.2,70.0,90.4,16.8,0.36
6430,Maharashtra,Pune,Rice,2019,19.3,70.0,584.7,103.4,3.56
6431,Maharashtra,Pune,Maize,2019,21.7,70.0,950.9,85.1,3.03
6432,Maharashtra,Pune,Cotton,2019,29.9,70.0,859.2,96.8,2.04
6433,Tamil Nadu,Thanjavur,Wheat,2019,20.2,70.0,855.8,194.8,4.78
6434,Tamil Nadu,Thanjavur,Rice,2019,24.9,70.0,690.8,168.6,4.34
6435,Tamil Nadu,Thanjavur,Maize,2019,23.9,70.0,303.5,144.3,3.45
6436,Tamil Nadu,Thanjavur,Cotton,2019,19.4,70.0,560.3,123.6,2.19
6437,Andhra Pradesh,Kurnool,Wheat,2019,27.7,70.0,370.5,172.5,3.82
6438,Andhra Pradesh,Kurnool,Rice,2019,18.8,70.0,425.7,112.4,3.54
6439,Andhra Pradesh,Kurnool,Maize,2019,18.9,70.0,332.5,137.2,3.46
6440,Andhra Pradesh,Kurnool,Cotton,2019,24.6,70.0,673.7,97.2,2.0
6441,Punjab,Ludhiana,Wheat,2020,41.3,70.0,52.3,10.2,0.19
6442,Punjab,Ludhiana,Rice,2020,20.0,70.0,411.1,127.8,3.41
6443,Punjab,Ludhiana,Maize,2020,20.8,70.0,737.0,150.6,3.45
6444,Punjab,Ludhiana,Cotton,2020,19.9,70.0,616.6,116.2,2.56
6445,Punjab,Patiala,Wheat,2020,23.9,70.0,948.4,175.9,3.72
6446,Punjab,Patiala,Rice,2020,25.5,70.0,626.5,132.4,3.41
6447,Punjab,Patiala,Maize,2020,21.5,70.0,614.9,84.2,2.9
6448,Punjab,Patiala,Cotton,2020,27.4,70.0,820.6,100.6,2.29
6449,Uttar Pradesh,Kanpur,Wheat,2020,23.1,70.0,483.8,138.9,4.38
6450,Uttar Pradesh,Kanpur,Rice,2020,20.9,70.0,595.6,163.9,3.82
6451,Uttar Pradesh,Kanpur,Maize,2020,22.2,70.0,961.2,104.2,2.8
6452,Uttar Pradesh,Kanpur,Cotton,2020,41.8,70.0,79.7,27.6,0.17
6453,Uttar Pradesh,Varanasi,Wheat,2020,21.6,70.0,372.8,159.1,4.35
6454,Uttar Pradesh,Varanasi,Rice,2020,28.1,70.0,790.8,147.9,4.2
6455,Uttar Pradesh,Varanasi,Maize,2020,18.7,70.0,699.1,115.2,3.27
6456,Uttar Pradesh,Varanasi,Cotton,2020,19.6,70.0,432.4,134.1,2.18
6457,West Bengal,Hooghly,Wheat,2020,27.0,70.0,526.9,203.4,4.56
6458,West Bengal,Hooghly,Rice,2020,37.2,70.0,52.8,14.9,0.1
6459,West Bengal,Hooghly,Maize,2020,27.7,70.0,754.5,155.5,3.62
6460,West Bengal,Hooghly,Cotton,2020,28.6,70.0,521.9,55.9,1.66
6461,West Bengal,Bardhaman,Wheat,2020,19.5,70.0,856.8,160.1,4.05
6462,West Bengal,Bardhaman,Rice,2020,37.4,70.0,74.5,28.4,1.3
6463,West Bengal,Bardhaman,Maize,2020,27.3,70.0,335.8,119.4,3.23
6464,West Bengal,Bardhaman,Cotton,2020,27.7,70.0,495.4,93.0,2.08
6465,Maharashtra,Nashik,Wheat,2020,39.6,70.0,68.4,25.6,0.15
6466,Maharashtra,Nashik,Rice,2020,37.4,70.0,78.7,25.2,0.1
6467,Maharashtra,Nashik,Maize,2020,19.2,70.0,629.4,124.6,3.22
6468,Maharashtra,Nashik,Cotton,2020,29.1,70.0,302.3,104.0,2.02
6469,Maharashtra,Pune,Wheat,2020,27.1,70.0,513.9,152.2,4.27
6470,Maharashtra,Pune,Rice,2020,23.7,70.0,402.0,131.6,3.53
6471,Maharashtra,Pune,Maize,2020,18.8,70.0,920.2,137.2,3.41
6472,Maharashtra,Pune,Cotton,2020,26.4,70.0,970.7,96.4,1.99
6473,Tamil Nadu,Thanjavur,Wheat,2020,27.3,70.0,537.7,170.0,4.29
6474,Tamil Nadu,Thanjavur,Rice,2020,20.7,70.0,376.6,153.3,4.38
6475,Tamil Nadu,Thanjavur,Maize,2020,23.4,70.0,766.0,98.4,3.02
6476,Tamil Nadu,Thanjavur,Cotton,2020,19.6,70.0,631.8,126.0,2.66
6477,Andhra Pradesh,Kurnool,Wheat,2020,27.6,70.0,524.9,183.6,4.92
6478,Andhra Pradesh,Kurnool,Rice,2020,26.7,70.0,778.6,189.2,4.27
6479,Andhra Pradesh,Kurnool,Maize,2020,20.9,70.0,938.5,169.9,3.29
6480,Andhra Pradesh,Kurnool,Cotton,2020,36.0,70.0,127.3,25.1,0.23
6481,Punjab,Ludhiana,Wheat,2021,30.0,70.0,375.2,158.0,3.72
6482,Punjab,Ludhiana,Rice,2021,26.6,70.0,672.8,192.8,4.0
6483,Punjab,Ludhiana,Maize,2021,29.4,70.0,637.0,107.3,3.5
6484,Punjab,Ludhiana,Cotton,2021,21.8,70.0,826.2,65.6,2.09
6485,Punjab,Patiala,Wheat,2021,22.7,70.0,435.9,211.4,4.66
6486,Punjab,Patiala,Rice,2021,25.8,70.0,578.9,146.0,3.77
6487,Punjab,Patiala,Maize,2021,18.7,70.0,831.6,137.3,3.62
6488,Punjab,Patiala,Cotton,2021,41.9,70.0,135.1,29.3,0.1
6489,Uttar Pradesh,Kanpur,Wheat,2021,18.8,70.0,655.4,130.4,4.08
6490,Uttar Pradesh,Kanpur,Rice,2021,27.5,70.0,569.6,181.4,3.94
6491,Uttar Pradesh,Kanpur,Maize,2021,18.9,70.0,818.0,107.7,3.22
6492,Uttar Pradesh,Kanpur,Cotton,2021,24.6,70.0,561.8,141.3,2.78
6493,Uttar Pradesh,Varanasi,Wheat,2021,23.9,70.0,500.8,143.6,4.07
6494,Uttar Pradesh,Varanasi,Rice,2021,22.2,70.0,819.8,109.5,3.38
6495,Uttar Pradesh,Varanasi,Maize,2021,24.7,70.0,315.6,84.6,2.51
6496,Uttar Pradesh,Varanasi,Cotton,2021,18.1,70.0,642.0,134.6,2.63
6497,West Bengal,Hooghly,Wheat,2021,28.2,70.0,367.9,174.6,4.42
6498,West Bengal,Hooghly,Rice,2021,25.7,70.0,656.3,141.0,4.0
6499,West Bengal,Hooghly,Maize,2021,41.8,70.0,78.9,9.5,0.22
6500,West Bengal,Hooghly,Cotton,2021,29.2,70.0,835.2,75.5,2.25
6501,West Bengal,Bardhaman,Wheat,2021,24.0,70.0,388.3,82.7,3.27
6502,West Bengal,Bardhaman,Rice,2021,24.4,70.0,320.7,108.9,3.36
6503,West Bengal,Bardhaman,Maize,2021,23.9,70.0,567.8,126.7,3.17
6504,West Bengal,Bardhaman,Cotton,2021,35.4,70.0,122.0,7.0,0.1
6505,Maharashtra,Nashik,Wheat,2021,22.0,70.0,747.9,154.5,4.38
6506,Maharashtra,Nashik,Rice,2021,23.3,70.0,818.6,105.2,2.91
6507,Maharashtra,Nashik,Maize,2021,25.0,70.0,790.9,137.7,3.28
6508,Maharashtra,Nashik,Cotton,2021,41.7,70.0,94.3,2.5,0.16
6509,Maharashtra,Pune,Wheat,2021,25.1,70.0,970.5,152.5,4.21
6510,Maharashtra,Pune,Rice,2021,25.9,70.0,844.0,159.6,3.6
6511,Maharashtra,Pune,Maize,2021,28.1,70.0,701.6,146.7,3.49
6512,Maharashtra,Pune,Cotton,2021,24.3,70.0,704.1,111.2,2.03
6513,Tamil Nadu,Thanjavur,Wheat,2021,19.0,70.0,442.7,167.3,4.64
6514,Tamil Nadu,Thanjavur,Rice,2021,24.3,70.0,428.7,106.6,3.74
6515,Tamil Nadu,Thanjavur,Maize,2021,25.9,70.0,415.6,79.9,2.94
6516,Tamil Nadu,Thanjavur,Cotton,2021,37.2,70.0,72.8,2.5,0.21
6517,Andhra Pradesh,Kurnool,Wheat,2021,23.9,70.0,420.4,195.9,4.74
6518,Andhra Pradesh,Kurnool,Rice,2021,24.7,70.0,801.2,85.2,3.02
6519,Andhra Pradesh,Kurnool,Maize,2021,25.4,70.0,319.5,144.1,3.52
6520,Andhra Pradesh,Kurnool,Cotton,2021,27.7,70.0,533.2,129.9,2.58
6521,Punjab,Ludhiana,Wheat,2022,27.3,70.0,923.1,215.2,4.84
6522,Punjab,Ludhiana,Rice,2022,27.2,70.0,736.1,162.9,4.14
6523,Punjab,Ludhiana,Maize,2022,41.7,70.0,82.5,6.8,0.37
6524,Punjab,Ludhiana,Cotton,2022,28.5,70.0,977.0,137.2,1.93
6525,Punjab,Patiala,Wheat,2022,28.9,70.0,492.5,168.0,3.38
6526,Punjab,Patiala,Rice,2022,21.3,70.0,897.1,125.9,3.35
6527,Punjab,Patiala,Maize,2022,29.9,70.0,551.0,106.9,2.6
6528,Punjab,Patiala,Cotton,2022,19.7,70.0,703.2,151.9,2.44
6529,Uttar Pradesh,Kanpur,Wheat,2022,22.9,70.0,454.9,169.1,4.11
6530,Uttar Pradesh,Kanpur,Rice,2022,25.8,70.0,924.7,115.1,3.48
6531,Uttar Pradesh,Kanpur,Maize,2022,35.4,70.0,58.2,17.9,0.2
6532,Uttar Pradesh,Kanpur,Cotton,2022,25.8,70.0,933.6,104.2,2.5
6533,Uttar Pradesh,Varanasi,Wheat,2022,18.8,70.0,764.9,135.9,4.0
6534,Uttar Pradesh,Varanasi,Rice,2022,39.7,70.0,56.7,9.9,0.45
6535,Uttar Pradesh,Varanasi,Maize,2022,19.9,70.0,586.8,77.0,2.7
6536,Uttar Pradesh,Varanasi,Cotton,2022,26.5,70.0,530.7,116.7,2.14
6537,West Bengal,Hooghly,Wheat,2022,18.4,70.0,683.2,143.7,4.48
6538,West Bengal,Hooghly,Rice,2022,18.3,70.0,781.0,92.7,3.08
6539,West Bengal,Hooghly,Maize,2022,27.9,70.0,801.6,152.4,3.55
6540,West Bengal,Hooghly,Cotton,2022,28.7,70.0,752.5,48.6,1.84
6541,West Bengal,Bardhaman,Wheat,2022,22.5,70.0,360.7,153.4,4.35
6542,West Bengal,Bardhaman,Rice,2022,35.9,70.0,60.5,7.5,0.15
6543,West Bengal,Bardhaman,Maize,2022,24.8,70.0,993.8,91.1,2.81
6544,West Bengal,Bardhaman,Cotton,2022,25.0,70.0,661.2,78.1,1.63
6545,Maharashtra,Nashik,Wheat,2022,18.9,70.0,300.2,142.0,4.14
6546,Maharashtra,Nashik,Rice,2022,29.8,70.0,995.6,171.8,3.74
6547,Maharashtra,Nashik,Maize,2022,28.8,70.0,735.4,123.4,3.53
6548,Maharashtra,Nashik,Cotton,2022,29.1,70.0,348.3,81.9,2.02
6549,Maharashtra,Pune,Wheat,2022,39.1,70.0,123.0,10.7,0.28
6550,Maharashtra,Pune,Rice,2022,25.1,70.0,449.5,189.4,3.98
6551,Maharashtra,Pune,Maize,2022,24.2,70.0,882.6,146.8,3.55
6552,Maharashtra,Pune,Cotton,2022,22.8,70.0,328.3,120.6,2.57
6553,Tamil Nadu,Thanjavur,Wheat,2022,25.3,70.0,770.1,102.2,4.19
6554,Tamil Nadu,Thanjavur,Rice,2022,27.4,70.0,474.6,102.0,3.24
6555,Tamil Nadu,Thanjavur,Maize,2022,28.4,70.0,326.4,95.9,2.9
6556,Tamil Nadu,Thanjavur,Cotton,2022,19.9,70.0,686.0,109.9,2.35
6557,Andhra Pradesh,Kurnool,Wheat,2022,29.6,70.0,706.3,170.0,4.51
6558,Andhra Pradesh,Kurnool,Rice,2022,23.4,70.0,765.6,149.0,3.69
6559,Andhra Pradesh,Kurnool,Maize,2022,36.0,70.0,124.3,0.2,0.16
6560,Andhra Pradesh,Kurnool,Cotton,2022,25.8,70.0,377.2,116.9,2.4
6561,Punjab,Ludhiana,Wheat,2023,36.0,70.0,139.1,9.9,0.1
6562,Punjab,Ludhiana,Rice,2023,29.6,70.0,695.7,151.8,4.06
6563,Punjab,Ludhiana,Maize,2023,21.4,70.0,931.1,155.3,3.34
6564,Punjab,Ludhiana,Cotton,2023,19.6,70.0,686.1,89.2,2.21
6565,Punjab,Patiala,Wheat,2023,26.3,70.0,347.3,188.6,4.51
6566,Punjab,Patiala,Rice,2023,28.7,70.0,411.2,166.6,3.34
6567,Punjab,Patiala,Maize,2023,24.4,70.0,347.8,127.1,3.5
6568,Punjab,Patiala,Cotton,2023,23.4,70.0,835.3,137.8,2.31
6569,Uttar Pradesh,Kanpur,Wheat,2023,27.6,70.0,769.6,125.0,4.31
6570,Uttar Pradesh,Kanpur,Rice,2023,18.2,70.0,418.0,196.3,4.11
6571,Uttar Pradesh,Kanpur,Maize,2023,25.6,70.0,771.1,114.2,3.22
6572,Uttar Pradesh,Kanpur,Cotton,2023,23.5,70.0,747.0,114.7,2.5
6573,Uttar Pradesh,Varanasi,Wheat,2023,20.3,70.0,329.6,166.9,4.24
6574,Uttar Pradesh,Varanasi,Rice,2023,26.3,70.0,761.2,92.0,3.54
6575,Uttar Pradesh,Varanasi,Maize,2023,23.6,70.0,532.4,81.6,2.96
6576,Uttar Pradesh,Varanasi,Cotton,2023,22.4,70.0,433.6,99.0,2.21
6577,West Bengal,Hooghly,Wheat,2023,29.3,70.0,316.2,178.7,4.36
6578,West Bengal,Hooghly,Rice,2023,41.3,70.0,94.6,22.2,1.38
6579,West Bengal,Hooghly,Maize,2023,24.5,70.0,890.9,114.8,3.23
6580,West Bengal,Hooghly,Cotton,2023,20.0,70.0,669.4,137.1,2.43
6581,West Bengal,Bardhaman,Wheat,2023,21.0,70.0,788.7,124.1,3.91
6582,West Bengal,Bardhaman,Rice,2023,27.6,70.0,912.2,132.7,4.09
6583,West Bengal,Bardhaman,Maize,2023,20.3,70.0,511.8,158.8,3.57
6584,West Bengal,Bardhaman,Cotton,2023,29.8,70.0,667.8,103.4,2.62
6585,Maharashtra,Nashik,Wheat,2023,18.0,70.0,895.3,234.1,4.38
6586,Maharashtra,Nashik,Rice,2023,36.0,70.0,117.3,29.7,0.12
6587,Maharashtra,Nashik,Maize,2023,22.9,70.0,319.8,145.6,3.25
6588,Maharashtra,Nashik,Cotton,2023,21.5,70.0,374.7,83.3,2.35
6589,Maharashtra,Pune,Wheat,2023,25.0,70.0,466.3,203.6,4.11
6590,Maharashtra,Pune,Rice,2023,24.0,70.0,371.9,137.0,3.77
6591,Maharashtra,Pune,Maize,2023,21.1,70.0,342.9,78.6,3.26
6592,Maharashtra,Pune,Cotton,2023,19.7,70.0,665.7,113.9,2.32
6593,Tamil Nadu,Thanjavur,Wheat,2023,24.7,70.0,825.6,151.6,4.24
6594,Tamil Nadu,Thanjavur,Rice,2023,25.0,70.0,992.7,191.1,4.49
6595,Tamil Nadu,Thanjavur,Maize,2023,26.5,70.0,933.8,152.2,3.34
6596,Tamil Nadu,Thanjavur,Cotton,2023,23.4,70.0,558.8,45.5,2.17
6597,Andhra Pradesh,Kurnool,Wheat,2023,36.5,70.0,142.6,16.7,0.12
6598,Andhra Pradesh,Kurnool,Rice,2023,29.4,70.0,410.3,125.0,3.34
6599,Andhra Pradesh,Kurnool,Maize,2023,39.9,70.0,76.2,23.1,0.1
6600,Andhra Pradesh,Kurnool,Cotton,2023,24.7,70.0,915.9,123.9,2.58
6601,Punjab,Ludhiana,Wheat,2019,22.0,70.0,840.2,198.6,4.88
6602,Punjab,Ludhiana,Rice,2019,26.8,70.0,641.4,130.2,3.62
6603,Punjab,Ludhiana,Maize,2019,27.2,70.0,505.9,135.2,3.28
6604,Punjab,Ludhiana,Cotton,2019,27.3,70.0,737.4,142.8,2.55
6605,Punjab,Patiala,Wheat,2019,25.4,70.0,648.2,173.1,3.99
6606,Punjab,Patiala,Rice,2019,30.0,70.0,596.9,172.2,3.51
6607,Punjab,Patiala,Maize,2019,29.5,70.0,684.2,117.8,2.87
6608,Punjab,Patiala,Cotton,2019,22.1,70.0,607.5,123.0,2.55
6609,Uttar Pradesh,Kanpur,Wheat,2019,36.1,70.0,81.9,13.5,0.32
6610,Uttar Pradesh,Kanpur,Rice,2019,28.1,70.0,624.5,115.4,3.47
6611,Uttar Pradesh,Kanpur,Maize,2019,41.2,70.0,110.6,9.3,0.31
6612,Uttar Pradesh,Kanpur,Cotton,2019,22.8,70.0,878.6,91.2,1.96
6613,Uttar Pradesh,Varanasi,Wheat,2019,18.3,70.0,381.4,166.9,4.49
6614,Uttar Pradesh,Varanasi,Rice,2019,24.7,70.0,312.7,167.4,4.17
6615,Uttar Pradesh,Varanasi,Maize,2019,29.1,70.0,667.5,148.0,3.47
6616,Uttar Pradesh,Varanasi,Cotton,2019,18.6,70.0,979.5,128.1,2.41
6617,West Bengal,Hooghly,Wheat,2019,26.6,70.0,800.0,192.6,4.6
6618,West Bengal,Hooghly,Rice,2019,20.3,70.0,332.1,110.7,3.63
6619,West Bengal,Hooghly,Maize,2019,21.7,70.0,869.5,129.5,3.57
6620,West Bengal,Hooghly,Cotton,2019,23.9,70.0,509.2,131.9,2.58
6621,West Bengal,Bardhaman,Wheat,2019,25.9,70.0,594.2,167.1,4.47
6622,West Bengal,Bardhaman,Rice,2019,41.3,70.0,121.0,23.2,0.2
6623,West Bengal,Bardhaman,Maize,2019,26.3,70.0,925.1,103.8,3.31
6624,West Bengal,Bardhaman,Cotton,2019,23.4,70.0,404.4,111.3,2.23
6625,Maharashtra,Nashik,Wheat,2019,28.8,70.0,915.5,199.1,4.41
6626,Maharashtra,Nashik,Rice,2019,19.7,70.0,606.0,96.5,2.93
6627,Maharashtra,Nashik,Maize,2019,22.2,70.0,808.8,132.5,3.06
6628,Maharashtra,Nashik,Cotton,2019,18.8,70.0,580.6,96.2,2.46
6629,Maharashtra,Pune,Wheat,2019,20.3,70.0,974.1,180.9,4.32
6630,Maharashtra,Pune,Rice,2019,24.0,70.0,434.3,120.9,3.58
6631,Maharashtra,Pune,Maize,2019,40.5,70.0,100.9,4.6,0.21
6632,Maharashtra,Pune,Cotton,2019,25.6,70.0,488.1,84.6,2.13
6633,Tamil Nadu,Thanjavur,Wheat,2019,25.3,70.0,350.3,168.1,4.7
6634,Tamil Nadu,Thanjavur,Rice,2019,21.5,70.0,347.8,142.9,3.82
6635,Tamil Nadu,Thanjavur,Maize,2019,22.3,70.0,440.2,119.4,3.0
6636,Tamil Nadu,Thanjavur,Cotton,2019,41.8,70.0,124.8,12.7,0.1
6637,Andhra Pradesh,Kurnool,Wheat,2019,30.0,70.0,757.0,152.0,4.54
6638,Andhra Pradesh,Kurnool,Rice,2019,24.2,70.0,594.5,139.0,3.9
6639,Andhra Pradesh,Kurnool,Maize,2019,38.6,70.0,57.5,21.7,0.31
6640,Andhra Pradesh,Kurnool,Cotton,2019,22.6,70.0,476.5,145.1,2.24
6641,Punjab,Ludhiana,Wheat,2020,24.5,70.0,398.2,161.2,4.15
6642,Punjab,Ludhiana,Rice,2020,19.3,70.0,592.9,153.0,3.58
6643,Punjab,Ludhiana,Maize,2020,21.9,70.0,778.7,140.7,3.35
6644,Punjab,Ludhiana,Cotton,2020,29.3,70.0,976.9,95.1,2.28
6645,Punjab,Patiala,Wheat,2020,41.8,70.0,78.0,7.8,0.12
6646,Punjab,Patiala,Rice,2020,27.6,70.0,486.6,127.3,3.26
6647,Punjab,Patiala,Maize,2020,26.1,70.0,370.5,108.8,3.01
6648,Punjab,Patiala,Cotton,2020,27.9,70.0,307.8,70.5,2.09
6649,Uttar Pradesh,Kanpur,Wheat,2020,26.4,70.0,920.8,140.8,4.24
6650,Uttar Pradesh,Kanpur,Rice,2020,29.4,70.0,832.7,193.0,3.99
6651,Uttar Pradesh,Kanpur,Maize,2020,19.7,70.0,545.7,125.2,3.08
6652,Uttar Pradesh,Kanpur,Cotton,2020,26.9,70.0,419.8,59.5,2.21
6653,Uttar Pradesh,Varanasi,Wheat,2020,24.9,70.0,900.9,113.6,4.19
6654,Uttar Pradesh,Varanasi,Rice,2020,28.7,70.0,806.8,151.7,3.43
6655,Uttar Pradesh,Varanasi,Maize,2020,41.5,70.0,113.9,23.1,0.4
6656,Uttar Pradesh,Varanasi,Cotton,2020,23.3,70.0,762.4,98.4,2.17
6657,West Bengal,Hooghly,Wheat,2020,19.4,70.0,757.4,196.4,4.52
6658,West Bengal,Hooghly,Rice,2020,26.2,70.0,554.8,137.5,3.6
6659,West Bengal,Hooghly,Maize,2020,19.7,70.0,647.1,148.3,3.29
6660,West Bengal,Hooghly,Cotton,2020,26.6,70.0,411.9,161.4,1.96
6661,West Bengal,Bardhaman,Wheat,2020,30.0,70.0,412.9,198.0,4.02
6662,West Bengal,Bardhaman,Rice,2020,41.9,70.0,149.6,1.7,0.13
6663,West Bengal,Bardhaman,Maize,2020,28.5,70.0,667.6,114.8,2.98
6664,West Bengal,Bardhaman,Cotton,2020,26.1,70.0,850.5,95.5,2.09
6665,Maharashtra,Nashik,Wheat,2020,28.5,70.0,751.4,150.1,3.42
6666,Maharashtra,Nashik,Rice,2020,39.8,70.0,72.4,14.1,0.58
6667,Maharashtra,Nashik,Maize,2020,26.4,70.0,511.9,151.5,2.94
6668,Maharashtra,Nashik,Cotton,2020,29.8,70.0,358.7,74.1,1.93
6669,Maharashtra,Pune,Wheat,2020,37.3,70.0,102.1,17.1,0.2
6670,Maharashtra,Pune,Rice,2020,26.6,70.0,853.0,180.0,3.78
6671,Maharashtra,Pune,Maize,2020,20.3,70.0,535.7,144.4,3.57
6672,Maharashtra,Pune,Cotton,2020,37.1,70.0,63.8,10.8,0.1
6673,Tamil Nadu,Thanjavur,Wheat,2020,20.5,70.0,421.8,124.2,3.85
6674,Tamil Nadu,Thanjavur,Rice,2020,18.3,70.0,929.6,124.5,3.61
6675,Tamil Nadu,Thanjavur,Maize,2020,18.7,70.0,453.7,111.0,3.51
6676,Tamil Nadu,Thanjavur,Cotton,2020,29.3,70.0,673.7,130.9,2.59
6677,Andhra Pradesh,Kurnool,Wheat,2020,19.7,70.0,821.4,115.6,3.36
6678,Andhra Pradesh,Kurnool,Rice,2020,29.9,70.0,877.3,98.5,3.74
6679,Andhra Pradesh,Kurnool,Maize,2020,28.2,70.0,550.9,127.5,3.77
6680,Andhra Pradesh,Kurnool,Cotton,2020,27.0,70.0,416.9,106.4,2.01
6681,Punjab,Ludhiana,Wheat,2021,28.5,70.0,419.4,177.0,4.66
6682,Punjab,Ludhiana,Rice,2021,24.7,70.0,672.9,165.2,3.92
6683,Punjab,Ludhiana,Maize,2021,20.9,70.0,832.9,123.1,2.79
6684,Punjab,Ludhiana,Cotton,2021,18.4,70.0,503.1,132.4,2.24
6685,Punjab,Patiala,Wheat,2021,18.4,70.0,996.4,149.3,4.05
6686,Punjab,Patiala,Rice,2021,24.9,70.0,786.3,173.4,3.99
6687,Punjab,Patiala,Maize,2021,18.9,70.0,983.0,115.4,2.52
6688,Punjab,Patiala,Cotton,2021,18.9,70.0,689.5,130.4,2.04
6689,Uttar Pradesh,Kanpur,Wheat,2021,41.0,70.0,76.9,2.6,0.47
6690,Uttar Pradesh,Kanpur,Rice,2021,36.9,70.0,131.7,14.9,0.1
6691,Uttar Pradesh,Kanpur,Maize,2021,40.2,70.0,130.7,20.1,0.21
6692,Uttar Pradesh,Kanpur,Cotton,2021,35.0,70.0,121.0,28.2,0.1
6693,Uttar Pradesh,Varanasi,Wheat,2021,29.4,70.0,968.2,198.9,5.15
6694,Uttar Pradesh,Varanasi,Rice,2021,18.3,70.0,833.6,131.9,3.53
6695,Uttar Pradesh,Varanasi,Maize,2021,29.0,70.0,539.3,128.5,3.63
6696,Uttar Pradesh,Varanasi,Cotton,2021,27.6,70.0,889.3,103.2,2.27
6697,West Bengal,Hooghly,Wheat,2021,23.9,70.0,946.1,208.1,4.67
6698,West Bengal,Hooghly,Rice,2021,28.2,70.0,988.1,128.0,4.07
6699,West Bengal,Hooghly,Maize,2021,36.7,70.0,70.0,30.0,0.12
6700,West Bengal,Hooghly,Cotton,2021,22.6,70.0,324.4,123.0,2.15
6701,West Bengal,Bardhaman,Wheat,2021,27.8,70.0,497.8,178.1,4.39
6702,West Bengal,Bardhaman,Rice,2021,20.8,70.0,483.9,100.0,3.28
6703,West Bengal,Bardhaman,Maize,2021,28.9,70.0,318.3,107.3,3.48
6704,West Bengal,Bardhaman,Cotton,2021,21.6,70.0,773.3,111.3,2.38
6705,Maharashtra,Nashik,Wheat,2021,41.8,70.0,100.7,20.1,0.25
6706,Maharashtra,Nashik,Rice,2021,26.4,70.0,389.5,194.5,4.05
6707,Maharashtra,Nashik,Maize,2021,21.5,70.0,676.3,127.5,3.31
6708,Maharashtra,Nashik,Cotton,2021,27.1,70.0,433.2,119.1,2.46
6709,Maharashtra,Pune,Wheat,2021,21.0,70.0,352.8,193.8,4.09
6710,Maharashtra,Pune,Rice,2021,21.9,70.0,389.0,170.2,3.48
6711,Maharashtra,Pune,Maize,2021,37.0,70.0,77.4,7.0,0.3
6712,Maharashtra,Pune,Cotton,2021,26.3,70.0,406.6,105.0,2.56
6713,Tamil Nadu,Thanjavur,Wheat,2021,24.3,70.0,774.8,186.4,4.54
6714,Tamil Nadu,Thanjavur,Rice,2021,24.9,70.0,681.4,125.9,3.95
6715,Tamil Nadu,Thanjavur,Maize,2021,19.0,70.0,381.5,177.1,3.38
6716,Tamil Nadu,Thanjavur,Cotton,2021,28.6,70.0,778.6,118.3,2.69
6717,Andhra Pradesh,Kurnool,Wheat,2021,27.9,70.0,891.7,190.2,4.49
6718,Andhra Pradesh,Kurnool,Rice,2021,19.5,70.0,520.2,95.4,3.77
6719,Andhra Pradesh,Kurnool,Maize,2021,27.0,70.0,343.2,55.3,2.62
6720,Andhra Pradesh,Kurnool,Cotton,2021,28.8,70.0,814.7,104.4,2.39
6721,Punjab,Ludhiana,Wheat,2022,35.9,70.0,126.6,8.6,0.1
6722,Punjab,Ludhiana,Rice,2022,28.7,70.0,583.5,163.7,4.1
6723,Punjab,Ludhiana,Maize,2022,18.6,70.0,359.4,126.8,3.44
6724,Punjab,Ludhiana,Cotton,2022,27.5,70.0,732.7,109.1,2.49
6725,Punjab,Patiala,Wheat,2022,24.0,70.0,431.3,212.5,4.64
6726,Punjab,Patiala,Rice,2022,39.5,70.0,129.0,12.7,0.23
6727,Punjab,Patiala,Maize,2022,28.1,70.0,988.5,96.9,3.13
6728,Punjab,Patiala,Cotton,2022,26.8,70.0,338.1,113.6,2.17
6729,Uttar Pradesh,Kanpur,Wheat,2022,25.1,70.0,354.0,154.9,3.66
6730,Uttar Pradesh,Kanpur,Rice,2022,22.8,70.0,857.9,146.0,3.75
6731,Uttar Pradesh,Kanpur,Maize,2022,23.8,70.0,466.8,104.2,3.3
6732,Uttar Pradesh,Kanpur,Cotton,2022,25.6,70.0,373.2,126.4,2.53
6733,Uttar Pradesh,Varanasi,Wheat,2022,20.1,70.0,686.8,157.9,4.5
6734,Uttar Pradesh,Varanasi,Rice,2022,21.1,70.0,834.1,171.9,3.97
6735,Uttar Pradesh,Varanasi,Maize,2022,20.4,70.0,534.4,121.4,2.66
6736,Uttar Pradesh,Varanasi,Cotton,2022,27.4,70.0,979.3,127.1,2.32
6737,West Bengal,Hooghly,Wheat,2022,21.5,70.0,624.2,184.9,4.08
6738,West Bengal,Hooghly,Rice,2022,22.4,70.0,398.4,112.1,3.24
6739,West Bengal,Hooghly,Maize,2022,23.6,70.0,359.2,156.3,3.37
6740,West Bengal,Hooghly,Cotton,2022,19.8,70.0,412.5,86.1,2.04
6741,West Bengal,Bardhaman,Wheat,2022,21.2,70.0,449.7,165.7,3.96
6742,West Bengal,Bardhaman,Rice,2022,21.4,70.0,883.8,126.2,3.81
6743,West Bengal,Bardhaman,Maize,2022,19.9,70.0,534.1,137.1,2.61
6744,West Bengal,Bardhaman,Cotton,2022,22.0,70.0,905.6,82.6,1.89
6745,Maharashtra,Nashik,Wheat,2022,21.1,70.0,342.2,146.4,3.92
6746,Maharashtra,Nashik,Rice,2022,18.4,70.0,604.1,79.0,3.34
6747,Maharashtra,Nashik,Maize,2022,27.0,70.0,883.8,73.7,3.1
6748,Maharashtra,Nashik,Cotton,2022,22.1,70.0,527.6,100.3,2.23
6749,Maharashtra,Pune,Wheat,2022,25.2,70.0,882.5,175.4,4.34
6750,Maharashtra,Pune,Rice,2022,22.4,70.0,447.2,144.7,3.91
6751,Maharashtra,Pune,Maize,2022,20.1,70.0,557.3,125.6,3.06
6752,Maharashtra,Pune,Cotton,2022,24.2,70.0,355.9,161.7,2.46
6753,Tamil Nadu,Thanjavur,Wheat,2022,39.1,70.0,112.0,22.8,0.41
6754,Tamil Nadu,Thanjavur,Rice,2022,19.8,70.0,326.3,166.5,4.36
6755,Tamil Nadu,Thanjavur,Maize,2022,23.1,70.0,956.1,117.5,3.29
6756,Tamil Nadu,Thanjavur,Cotton,2022,23.1,70.0,411.6,135.2,2.52
6757,Andhra Pradesh,Kurnool,Wheat,2022,37.9,70.0,99.4,11.3,0.2
6758,Andhra Pradesh,Kurnool,Rice,2022,22.8,70.0,936.2,137.5,3.73
6759,Andhra Pradesh,Kurnool,Maize,2022,26.1,70.0,672.3,130.4,3.18
6760,Andhra Pradesh,Kurnool,Cotton,2022,26.5,70.0,393.4,134.2,2.77
6761,Punjab,Ludhiana,Wheat,2023,22.1,70.0,883.1,179.7,3.98
6762,Punjab,Ludhiana,Rice,2023,23.0,70.0,720.3,146.5,3.49
6763,Punjab,Ludhiana,Maize,2023,21.1,70.0,547.4,68.3,2.51
6764,Punjab,Ludhiana,Cotton,2023,18.3,70.0,847.3,91.2,2.4
6765,Punjab,Patiala,Wheat,2023,25.9,70.0,702.2,170.6,3.41
6766,Punjab,Patiala,Rice,2023,39.6,70.0,119.2,22.5,1.47
6767,Punjab,Patiala,Maize,2023,23.1,70.0,329.0,118.3,3.32
6768,Punjab,Patiala,Cotton,2023,19.2,70.0,483.3,159.7,2.59
6769,Uttar Pradesh,Kanpur,Wheat,2023,21.6,70.0,589.3,147.7,4.49
6770,Uttar Pradesh,Kanpur,Rice,2023,22.0,70.0,875.2,134.0,3.61
6771,Uttar Pradesh,Kanpur,Maize,2023,28.0,70.0,837.7,104.8,2.93
6772,Uttar Pradesh,Kanpur,Cotton,2023,28.4,70.0,674.5,99.7,2.6
6773,Uttar Pradesh,Varanasi,Wheat,2023,26.8,70.0,507.3,176.2,4.6
6774,Uttar Pradesh,Varanasi,Rice,2023,19.2,70.0,775.5,162.1,4.22
6775,Uttar Pradesh,Varanasi,Maize,2023,18.1,70.0,918.2,88.9,3.28
6776,Uttar Pradesh,Varanasi,Cotton,2023,28.5,70.0,622.3,124.9,2.54
6777,West Bengal,Hooghly,Wheat,2023,30.0,70.0,543.0,164.1,3.86
6778,West Bengal,Hooghly,Rice,2023,35.2,70.0,119.0,19.9,0.34
6779,West Bengal,Hooghly,Maize,2023,24.5,70.0,394.7,88.1,2.81
6780,West Bengal,Hooghly,Cotton,2023,24.6,70.0,410.3,68.1,2.41
6781,West Bengal,Bardhaman,Wheat,2023,18.0,70.0,819.9,143.0,3.8
6782,West Bengal,Bardhaman,Rice,2023,18.0,70.0,783.6,129.1,4.12
6783,West Bengal,Bardhaman,Maize,2023,28.1,70.0,323.1,98.1,2.97
6784,West Bengal,Bardhaman,Cotton,2023,23.4,70.0,670.0,113.9,2.26
6785,Maharashtra,Nashik,Wheat,2023,28.4,70.0,965.9,150.1,3.95
6786,Maharashtra,Nashik,Rice,2023,20.2,70.0,754.5,215.9,3.84
6787,Maharashtra,Nashik,Maize,2023,26.6,70.0,591.2,170.8,3.46
6788,Maharashtra,Nashik,Cotton,2023,28.9,70.0,867.6,137.6,2.15
6789,Maharashtra,Pune,Wheat,2023,27.0,70.0,931.4,180.0,4.43
6790,Maharashtra,Pune,Rice,2023,26.0,70.0,688.4,188.6,3.87
6791,Maharashtra,Pune,Maize,2023,29.7,70.0,912.3,130.4,2.98
6792,Maharashtra,Pune,Cotton,2023,20.6,70.0,631.8,92.1,2.45
6793,Tamil Nadu,Thanjavur,Wheat,2023,22.6,70.0,778.2,159.2,3.97
6794,Tamil Nadu,Thanjavur,Rice,2023,21.1,70.0,704.5,134.0,3.88
6795,Tamil Nadu,Thanjavur,Maize,2023,41.3,70.0,56.3,26.4,0.26
6796,Tamil Nadu,Thanjavur,Cotton,2023,41.3,70.0,128.4,14.4,0.1
6797,Andhra Pradesh,Kurnool,Wheat,2023,38.9,70.0,91.2,1.4,0.29
6798,Andhra Pradesh,Kurnool,Rice,2023,22.9,70.0,507.9,117.8,3.69
6799,Andhra Pradesh,Kurnool,Maize,2023,28.6,70.0,806.6,100.4,2.4
6800,Andhra Pradesh,Kurnool,Cotton,2023,24.5,70.0,888.6,128.3,2.43
6801,Punjab,Ludhiana,Wheat,2019,21.3,70.0,349.8,155.4,4.41
6802,Punjab,Ludhiana,Rice,2019,22.1,70.0,631.6,79.4,2.65
6803,Punjab,Ludhiana,Maize,2019,28.5,70.0,856.8,98.5,3.05
6804,Punjab,Ludhiana,Cotton,2019,19.1,70.0,441.0,123.0,2.29
6805,Punjab,Patiala,Wheat,2019,28.3,70.0,319.3,223.1,4.88
6806,Punjab,Patiala,Rice,2019,27.1,70.0,828.4,137.2,3.64
6807,Punjab,Patiala,Maize,2019,41.9,70.0,127.8,17.6,0.1
6808,Punjab,Patiala,Cotton,2019,22.0,70.0,425.9,89.1,2.06
6809,Uttar Pradesh,Kanpur,Wheat,2019,18.6,70.0,386.9,168.9,4.41
6810,Uttar Pradesh,Kanpur,Rice,2019,21.2,70.0,377.5,155.3,3.9
6811,Uttar Pradesh,Kanpur,Maize,2019,18.4,70.0,985.0,96.9,3.01
6812,Uttar Pradesh,Kanpur,Cotton,2019,27.5,70.0,709.3,127.3,2.71
6813,Uttar Pradesh,Varanasi,Wheat,2019,18.1,70.0,411.5,192.7,4.31
6814,Uttar Pradesh,Varanasi,Rice,2019,18.8,70.0,794.5,135.9,3.28
6815,Uttar Pradesh,Varanasi,Maize,2019,20.0,70.0,943.5,73.3,2.77
6816,Uttar Pradesh,Varanasi,Cotton,2019,26.8,70.0,496.9,92.1,1.99
6817,West Bengal,Hooghly,Wheat,2019,23.1,70.0,958.0,184.9,4.49
6818,West Bengal,Hooghly,Rice,2019,21.9,70.0,700.0,143.6,3.9
6819,West Bengal,Hooghly,Maize,2019,28.1,70.0,624.7,98.5,3.08
6820,West Bengal,Hooghly,Cotton,2019,28.4,70.0,503.7,103.4,2.41
6821,West Bengal,Bardhaman,Wheat,2019,28.8,70.0,658.1,174.7,4.45
6822,West Bengal,Bardhaman,Rice,2019,24.6,70.0,966.1,137.8,3.83
6823,West Bengal,Bardhaman,Maize,2019,23.6,70.0,549.3,82.5,2.59
6824,West Bengal,Bardhaman,Cotton,2019,29.8,70.0,896.3,127.7,1.94
6825,Maharashtra,Nashik,Wheat,2019,29.3,70.0,300.9,123.5,3.65
6826,Maharashtra,Nashik,Rice,2019,27.1,70.0,970.3,157.6,3.32
6827,Maharashtra,Nashik,Maize,2019,25.0,70.0,924.7,131.5,3.17
6828,Maharashtra,Nashik,Cotton,2019,25.3,70.0,420.6,56.8,1.96
6829,Maharashtra,Pune,Wheat,2019,21.5,70.0,955.5,135.2,3.6
6830,Maharashtra,Pune,Rice,2019,39.9,70.0,84.5,11.2,0.1
6831,Maharashtra,Pune,Maize,2019,20.8,70.0,634.5,95.5,2.48
6832,Maharashtra,Pune,Cotton,2019,22.5,70.0,632.6,136.5,2.24
6833,Tamil Nadu,Thanjavur,Wheat,2019,20.3,70.0,616.0,135.7,3.38
6834,Tamil Nadu,Thanjavur,Rice,2019,22.7,70.0,891.4,112.0,3.77
6835,Tamil Nadu,Thanjavur,Maize,2019,26.9,70.0,346.7,144.4,3.96
6836,Tamil Nadu,Thanjavur,Cotton,2019,21.4,70.0,740.1,89.9,2.12
6837,Andhra Pradesh,Kurnool,Wheat,2019,29.6,70.0,944.2,140.2,4.17
6838,Andhra Pradesh,Kurnool,Rice,2019,24.3,70.0,983.8,168.0,3.74
6839,Andhra Pradesh,Kurnool,Maize,2019,18.7,70.0,760.9,153.9,3.68
6840,Andhra Pradesh,Kurnool,Cotton,2019,21.0,70.0,689.4,80.0,2.09
6841,Punjab,Ludhiana,Wheat,2020,39.5,70.0,97.1,15.0,0.22
6842,Punjab,Ludhiana,Rice,2020,39.6,70.0,111.6,3.7,0.1
6843,Punjab,Ludhiana,Maize,2020,36.1,70.0,104.5,0.3,0.22
6844,Punjab,Ludhiana,Cotton,2020,21.8,70.0,468.6,108.3,2.44
6845,Punjab,Patiala,Wheat,2020,28.8,70.0,909.0,157.5,4.34
6846,Punjab,Patiala,Rice,2020,23.2,70.0,808.5,164.4,3.67
6847,Punjab,Patiala,Maize,2020,28.4,70.0,519.2,173.4,3.4
6848,Punjab,Patiala,Cotton,2020,29.0,70.0,826.9,112.9,2.26
6849,Uttar Pradesh,Kanpur,Wheat,2020,23.6,70.0,303.3,191.4,4.37
6850,Uttar Pradesh,Kanpur,Rice,2020,25.2,70.0,774.8,156.5,3.8
6851,Uttar Pradesh,Kanpur,Maize,2020,26.1,70.0,762.2,139.9,3.44
6852,Uttar Pradesh,Kanpur,Cotton,2020,26.9,70.0,660.3,141.2,2.02
6853,Uttar Pradesh,Varanasi,Wheat,2020,22.8,70.0,386.8,188.2,4.53
6854,Uttar Pradesh,Varanasi,Rice,2020,22.2,70.0,807.1,141.7,3.62
6855,Uttar Pradesh,Varanasi,Maize,2020,24.6,70.0,792.4,128.8,3.13
6856,Uttar Pradesh,Varanasi,Cotton,2020,24.4,70.0,681.7,98.5,2.1
6857,West Bengal,Hooghly,Wheat,2020,26.2,70.0,826.9,136.3,4.28
6858,West Bengal,Hooghly,Rice,2020,23.6,70.0,564.2,95.5,3.85
6859,West Bengal,Hooghly,Maize,2020,35.2,70.0,122.3,26.8,0.25
6860,West Bengal,Hooghly,Cotton,2020,18.5,70.0,930.7,126.1,2.3
6861,West Bengal,Bardhaman,Wheat,2020,27.6,70.0,429.8,162.6,4.08
6862,West Bengal,Bardhaman,Rice,2020,25.9,70.0,756.0,166.2,3.78
6863,West Bengal,Bardhaman,Maize,2020,22.3,70.0,695.3,86.3,2.68
6864,West Bengal,Bardhaman,Cotton,2020,19.3,70.0,335.7,139.2,2.56
6865,Maharashtra,Nashik,Wheat,2020,27.1,70.0,971.0,132.5,3.68
6866,Maharashtra,Nashik,Rice,2020,21.9,70.0,339.8,106.0,3.05
6867,Maharashtra,Nashik,Maize,2020,21.4,70.0,403.1,134.5,3.49
6868,Maharashtra,Nashik,Cotton,2020,19.7,70.0,427.4,117.6,2.27
6869,Maharashtra,Pune,Wheat,2020,20.2,70.0,552.5,158.5,4.27
6870,Maharashtra,Pune,Rice,2020,26.3,70.0,328.8,157.8,4.04
6871,Maharashtra,Pune,Maize,2020,23.9,70.0,497.5,132.6,3.44
6872,Maharashtra,Pune,Cotton,2020,19.9,70.0,420.7,132.8,2.15
6873,Tamil Nadu,Thanjavur,Wheat,2020,22.2,70.0,700.6,152.5,4.34
6874,Tamil Nadu,Thanjavur,Rice,2020,19.0,70.0,447.0,99.0,3.07
6875,Tamil Nadu,Thanjavur,Maize,2020,23.1,70.0,575.2,124.9,3.57
6876,Tamil Nadu,Thanjavur,Cotton,2020,30.0,70.0,873.7,100.6,2.44
6877,Andhra Pradesh,Kurnool,Wheat,2020,29.6,70.0,729.5,190.9,4.26
6878,Andhra Pradesh,Kurnool,Rice,2020,23.1,70.0,945.5,119.7,3.73
6879,Andhra Pradesh,Kurnool,Maize,2020,36.0,70.0,72.2,18.4,0.1
6880,Andhra Pradesh,Kurnool,Cotton,2020,24.7,70.0,449.0,95.2,2.38
6881,Punjab,Ludhiana,Wheat,2021,26.9,70.0,909.0,173.3,4.87
6882,Punjab,Ludhiana,Rice,2021,19.0,70.0,566.1,136.3,3.79
6883,Punjab,Ludhiana,Maize,2021,20.2,70.0,390.0,117.9,2.73
6884,Punjab,Ludhiana,Cotton,2021,18.5,70.0,555.4,73.1,2.41
6885,Punjab,Patiala,Wheat,2021,39.4,70.0,138.8,1.5,0.18
6886,Punjab,Patiala,Rice,2021,20.5,70.0,871.1,104.3,3.3
6887,Punjab,Patiala,Maize,2021,21.0,70.0,701.2,133.0,3.35
6888,Punjab,Patiala,Cotton,2021,23.9,70.0,895.0,116.0,2.61
6889,Uttar Pradesh,Kanpur,Wheat,2021,21.9,70.0,536.6,165.5,4.39
6890,Uttar Pradesh,Kanpur,Rice,2021,29.5,70.0,706.7,149.4,3.33
6891,Uttar Pradesh,Kanpur,Maize,2021,27.6,70.0,646.5,162.9,3.55
6892,Uttar Pradesh,Kanpur,Cotton,2021,37.6,70.0,102.0,17.1,0.19
6893,Uttar Pradesh,Varanasi,Wheat,2021,24.3,70.0,641.7,163.3,4.35
6894,Uttar Pradesh,Varanasi,Rice,2021,24.7,70.0,566.2,129.8,3.71
6895,Uttar Pradesh,Varanasi,Maize,2021,29.1,70.0,883.4,119.3,3.27
6896,Uttar Pradesh,Varanasi,Cotton,2021,21.7,70.0,442.7,66.4,2.16
6897,West Bengal,Hooghly,Wheat,2021,27.2,70.0,972.2,133.6,4.25
6898,West Bengal,Hooghly,Rice,2021,23.0,70.0,644.6,111.8,3.39
6899,West Bengal,Hooghly,Maize,2021,19.7,70.0,365.3,108.4,3.58
6900,West Bengal,Hooghly,Cotton,2021,29.9,70.0,705.5,96.1,2.42
6901,West Bengal,Bardhaman,Wheat,2021,19.9,70.0,958.6,155.7,3.76
6902,West Bengal,Bardhaman,Rice,2021,24.1,70.0,715.6,154.1,4.12
6903,West Bengal,Bardhaman,Maize,2021,28.1,70.0,729.1,102.8,3.25
6904,West Bengal,Bardhaman,Cotton,2021,40.3,70.0,73.9,16.1,0.14
6905,Maharashtra,Nashik,Wheat,2021,28.0,70.0,325.3,162.8,4.05
6906,Maharashtra,Nashik,Rice,2021,21.1,70.0,908.7,189.3,3.87
6907,Maharashtra,Nashik,Maize,2021,20.9,70.0,480.9,123.5,2.47
6908,Maharashtra,Nashik,Cotton,2021,29.7,70.0,994.8,93.6,2.19
6909,Maharashtra,Pune,Wheat,2021,27.4,70.0,369.4,152.7,4.54
6910,Maharashtra,Pune,Rice,2021,20.3,70.0,873.4,153.2,3.91
6911,Maharashtra,Pune,Maize,2021,20.4,70.0,839.3,126.2,3.06
6912,Maharashtra,Pune,Cotton,2021,23.6,70.0,941.9,114.8,2.52
6913,Tamil Nadu,Thanjavur,Wheat,2021,27.0,70.0,849.8,173.7,4.76
6914,Tamil Nadu,Thanjavur,Rice,2021,24.5,70.0,702.8,158.2,4.29
6915,Tamil Nadu,Thanjavur,Maize,2021,40.7,70.0,136.7,19.4,0.11
6916,Tamil Nadu,Thanjavur,Cotton,2021,24.7,70.0,559.6,103.1,2.23
6917,Andhra Pradesh,Kurnool,Wheat,2021,22.8,70.0,360.8,142.7,3.93
6918,Andhra Pradesh,Kurnool,Rice,2021,39.5,70.0,60.1,14.7,0.34
6919,Andhra Pradesh,Kurnool,Maize,2021,29.1,70.0,657.3,126.3,3.23
6920,Andhra Pradesh,Kurnool,Cotton,2021,35.0,70.0,108.9,14.8,0.1
6921,Punjab,Ludhiana,Wheat,2022,22.9,70.0,937.9,232.0,5.02
6922,Punjab,Ludhiana,Rice,2022,29.7,70.0,497.8,185.8,4.04
6923,Punjab,Ludhiana,Maize,2022,29.9,70.0,521.6,129.1,3.02
6924,Punjab,Ludhiana,Cotton,2022,27.5,70.0,385.6,129.9,2.36
6925,Punjab,Patiala,Wheat,2022,20.6,70.0,403.6,180.9,4.11
6926,Punjab,Patiala,Rice,2022,22.6,70.0,457.8,175.7,3.78
6927,Punjab,Patiala,Maize,2022,38.1,70.0,76.6,26.7,1.22
6928,Punjab,Patiala,Cotton,2022,20.1,70.0,929.3,101.1,2.22
6929,Uttar Pradesh,Kanpur,Wheat,2022,23.6,70.0,322.8,139.4,4.15
6930,Uttar Pradesh,Kanpur,Rice,2022,41.7,70.0,93.9,24.5,0.24
6931,Uttar Pradesh,Kanpur,Maize,2022,25.3,70.0,544.4,125.4,3.17
6932,Uttar Pradesh,Kanpur,Cotton,2022,21.6,70.0,634.7,67.1,2.5
6933,Uttar Pradesh,Varanasi,Wheat,2022,18.2,70.0,831.9,127.9,4.37
6934,Uttar Pradesh,Varanasi,Rice,2022,21.2,70.0,941.2,109.5,3.86
6935,Uttar Pradesh,Varanasi,Maize,2022,27.2,70.0,699.8,146.9,3.52
6936,Uttar Pradesh,Varanasi,Cotton,2022,39.3,70.0,141.5,7.3,0.32
6937,West Bengal,Hooghly,Wheat,2022,18.2,70.0,426.3,164.9,4.51
6938,West Bengal,Hooghly,Rice,2022,40.5,70.0,82.7,28.1,0.13
6939,West Bengal,Hooghly,Maize,2022,39.2,70.0,68.6,21.1,0.17
6940,West Bengal,Hooghly,Cotton,2022,22.3,70.0,920.3,79.1,2.37
6941,West Bengal,Bardhaman,Wheat,2022,21.7,70.0,313.5,130.7,3.64
6942,West Bengal,Bardhaman,Rice,2022,24.5,70.0,569.8,144.6,4.02
6943,West Bengal,Bardhaman,Maize,2022,27.7,70.0,734.6,84.3,3.2
6944,West Bengal,Bardhaman,Cotton,2022,40.4,70.0,119.0,10.0,0.13
6945,Maharashtra,Nashik,Wheat,2022,23.3,70.0,937.5,164.7,4.13
6946,Maharashtra,Nashik,Rice,2022,29.0,70.0,728.6,120.0,3.72
6947,Maharashtra,Nashik,Maize,2022,27.3,70.0,669.5,114.7,2.81
6948,Maharashtra,Nashik,Cotton,2022,23.8,70.0,808.8,70.4,2.19
6949,Maharashtra,Pune,Wheat,2022,28.6,70.0,483.9,118.1,3.62
6950,Maharashtra,Pune,Rice,2022,29.6,70.0,533.6,123.3,3.22
6951,Maharashtra,Pune,Maize,2022,41.3,70.0,78.0,13.6,0.1
6952,Maharashtra,Pune,Cotton,2022,36.9,70.0,75.4,29.3,0.91
6953,Tamil Nadu,Thanjavur,Wheat,2022,24.6,70.0,440.7,124.9,4.11
6954,Tamil Nadu,Thanjavur,Rice,2022,28.3,70.0,525.3,141.0,3.46
6955,Tamil Nadu,Thanjavur,Maize,2022,25.2,70.0,420.0,99.4,3.53
6956,Tamil Nadu,Thanjavur,Cotton,2022,26.9,70.0,788.4,100.5,2.3
6957,Andhra Pradesh,Kurnool,Wheat,2022,19.1,70.0,994.6,111.8,4.25
6958,Andhra Pradesh,Kurnool,Rice,2022,28.8,70.0,733.1,147.8,4.21
6959,Andhra Pradesh,Kurnool,Maize,2022,25.0,70.0,438.3,178.7,3.8
6960,Andhra Pradesh,Kurnool,Cotton,2022,28.0,70.0,367.8,95.4,2.37
6961,Punjab,Ludhiana,Wheat,2023,26.2,70.0,765.6,211.1,4.19
6962,Punjab,Ludhiana,Rice,2023,26.1,70.0,979.2,135.2,3.79
6963,Punjab,Ludhiana,Maize,2023,41.5,70.0,61.8,20.9,1.31
6964,Punjab,Ludhiana,Cotton,2023,27.6,70.0,404.7,103.0,1.91
6965,Punjab,Patiala,Wheat,2023,23.9,70.0,984.8,178.1,4.68
6966,Punjab,Patiala,Rice,2023,18.5,70.0,539.8,103.7,3.18
6967,Punjab,Patiala,Maize,2023,27.9,70.0,641.7,84.5,2.97
6968,Punjab,Patiala,Cotton,2023,21.6,70.0,582.8,136.2,2.56
6969,Uttar Pradesh,Kanpur,Wheat,2023,25.3,70.0,888.3,165.9,4.92
6970,Uttar Pradesh,Kanpur,Rice,2023,22.9,70.0,943.9,100.9,3.86
6971,Uttar Pradesh,Kanpur,Maize,2023,22.7,70.0,603.8,146.8,3.52
6972,Uttar Pradesh,Kanpur,Cotton,2023,22.5,70.0,558.4,110.3,2.54
6973,Uttar Pradesh,Varanasi,Wheat,2023,24.6,70.0,623.4,166.5,4.26
6974,Uttar Pradesh,Varanasi,Rice,2023,25.8,70.0,321.1,155.7,4.04
6975,Uttar Pradesh,Varanasi,Maize,2023,41.3,70.0,54.3,26.6,0.48
6976,Uttar Pradesh,Varanasi,Cotton,2023,20.3,70.0,434.9,129.7,2.77
6977,West Bengal,Hooghly,Wheat,2023,27.4,70.0,856.7,168.7,4.41
6978,West Bengal,Hooghly,Rice,2023,22.0,70.0,496.1,133.3,3.95
6979,West Bengal,Hooghly,Maize,2023,22.2,70.0,888.0,93.1,3.45
6980,West Bengal,Hooghly,Cotton,2023,21.3,70.0,317.0,117.3,2.26
6981,West Bengal,Bardhaman,Wheat,2023,27.7,70.0,781.8,187.4,4.31
6982,West Bengal,Bardhaman,Rice,2023,37.8,70.0,84.4,23.6,0.27
6983,West Bengal,Bardhaman,Maize,2023,25.6,70.0,813.2,119.9,3.17
6984,West Bengal,Bardhaman,Cotton,2023,29.6,70.0,897.3,130.8,2.51
6985,Maharashtra,Nashik,Wheat,2023,20.5,70.0,857.3,179.7,4.03
6986,Maharashtra,Nashik,Rice,2023,35.7,70.0,135.6,14.0,0.16
6987,Maharashtra,Nashik,Maize,2023,23.4,70.0,585.6,142.0,3.58
6988,Maharashtra,Nashik,Cotton,2023,29.3,70.0,879.4,126.1,2.71
6989,Maharashtra,Pune,Wheat,2023,25.7,70.0,490.5,128.4,3.95
6990,Maharashtra,Pune,Rice,2023,29.4,70.0,842.1,105.5,3.29
6991,Maharashtra,Pune,Maize,2023,28.7,70.0,341.9,120.6,2.97
6992,Maharashtra,Pune,Cotton,2023,40.1,70.0,109.8,20.7,0.13
6993,Tamil Nadu,Thanjavur,Wheat,2023,29.9,70.0,368.7,142.6,3.98
6994,Tamil Nadu,Thanjavur,Rice,2023,21.9,70.0,311.9,173.4,4.3
6995,Tamil Nadu,Thanjavur,Maize,2023,27.3,70.0,756.2,129.7,3.08
6996,Tamil Nadu,Thanjavur,Cotton,2023,26.0,70.0,479.3,83.7,2.05
6997,Andhra Pradesh,Kurnool,Wheat,2023,25.5,70.0,570.2,155.5,4.69
6998,Andhra Pradesh,Kurnool,Rice,2023,26.7,70.0,677.1,174.5,4.33
6999,Andhra Pradesh,Kurnool,Maize,2023,19.8,70.0,408.0,128.9,3.45
7000,Andhra Pradesh,Kurnool,Cotton,2023,22.6,70.0,372.4,96.0,2.26
