Record_ID,State,District,Crop,Season,Year,Soil_Type,N_kg_ha,P_kg_ha,K_kg_ha,pH
1001,Punjab,Ludhiana,Wheat,Rabi,2019,Alluvial,97,63,42,7.7
1002,Punjab,Ludhiana,Rice,Kharif,2019,Alluvial,65,44,39,7.49
1003,Punjab,Ludhiana,Maize,Kharif,2019,Alluvial,141,43,31,7.25
1004,Punjab,Ludhiana,Cotton,Kharif,2019,Alluvial,79,29,48,7.03
1005,Punjab,Patiala,Wheat,Rabi,2019,Alluvial,124,68,29,7.13
1006,Punjab,Patiala,Rice,Kharif,2019,Alluvial,106,46,43,7.78
1007,Punjab,Patiala,Maize,Kharif,2019,Alluvial,59,50,28,7.48
1008,Punjab,Patiala,Cotton,Kharif,2019,Alluvial,87,33,43,8.06
1009,Uttar Pradesh,Kanpur,Wheat,Rabi,2019,Alluvial,3,0,9,4.47
1010,Uttar Pradesh,Kanpur,Rice,Kharif,2019,Alluvial,89,47,45,7.35
1011,Uttar Pradesh,Kanpur,Maize,Kharif,2019,Alluvial,93,32,26,7.08
1012,Uttar Pradesh,Kanpur,Cotton,Kharif,2019,Alluvial,75,36,37,7.34
1013,Uttar Pradesh,Varanasi,Wheat,Rabi,2019,Alluvial,148,40,39,7.02
1014,Uttar Pradesh,Varanasi,Rice,Kharif,2019,Alluvial,14,19,3,5.01
1015,Uttar Pradesh,Varanasi,Maize,Kharif,2019,Alluvial,118,53,21,7.02
1016,Uttar Pradesh,Varanasi,Cotton,Kharif,2019,Alluvial,48,40,29,7.14
1017,West Bengal,Hooghly,Wheat,Rabi,2019,Alluvial,112,65,50,6.66
1018,West Bengal,Hooghly,Rice,Kharif,2019,Alluvial,105,57,37,6.1
1019,West Bengal,Hooghly,Maize,Kharif,2019,Alluvial,94,48,31,6.13
1020,West Bengal,Hooghly,Cotton,Kharif,2019,Alluvial,103,31,49,6.62
1021,West Bengal,Bardhaman,Wheat,Rabi,2019,Clay Loam,137,57,52,6.36
1022,West Bengal,Bardhaman,Rice,Kharif,2019,Clay Loam,78,54,47,6.41
1023,West Bengal,Bardhaman,Maize,Kharif,2019,Clay Loam,110,36,20,6.05
1024,West Bengal,Bardhaman,Cotton,Kharif,2019,Clay Loam,18,19,2,4.78
1025,Maharashtra,Nashik,Wheat,Rabi,2019,Black Soil,147,65,45,7.95
1026,Maharashtra,Nashik,Rice,Kharif,2019,Black Soil,113,38,34,7.85
1027,Maharashtra,Nashik,Maize,Kharif,2019,Black Soil,97,35,40,7.82
1028,Maharashtra,Nashik,Cotton,Kharif,2019,Black Soil,15,10,9,5.09
1029,Maharashtra,Pune,Wheat,Rabi,2019,Black Soil,111,43,32,8.0
1030,Maharashtra,Pune,Rice,Kharif,2019,Black Soil,74,59,71,7.81
1031,Maharashtra,Pune,Maize,Kharif,2019,Black Soil,3,0,0,5.28
1032,Maharashtra,Pune,Cotton,Kharif,2019,Black Soil,59,20,26,7.96
1033,Tamil Nadu,Thanjavur,Wheat,Rabi,2019,Red Loam,166,50,44,6.86
1034,Tamil Nadu,Thanjavur,Rice,Kharif,2019,Red Loam,113,43,71,7.01
1035,Tamil Nadu,Thanjavur,Maize,Kharif,2019,Red Loam,94,34,38,6.91
1036,Tamil Nadu,Thanjavur,Cotton,Kharif,2019,Red Loam,92,45,32,6.26
1037,Andhra Pradesh,Kurnool,Wheat,Rabi,2019,Red Soil,111,73,40,7.3
1038,Andhra Pradesh,Kurnool,Rice,Kharif,2019,Red Soil,97,69,60,6.56
1039,Andhra Pradesh,Kurnool,Maize,Kharif,2019,Red Soil,103,39,21,7.12
1040,Andhra Pradesh,Kurnool,Cotton,Kharif,2019,Red Soil,22,12,1,4.13
1041,Punjab,Ludhiana,Wheat,Rabi,2020,Alluvial,143,55,33,7.81
1042,Punjab,Ludhiana,Rice,Kharif,2020,Alluvial,99,47,53,7.15
1043,Punjab,Ludhiana,Maize,Kharif,2020,Alluvial,83,44,30,7.7
1044,Punjab,Ludhiana,Cotton,Kharif,2020,Alluvial,123,32,48,7.46
1045,Punjab,Patiala,Wheat,Rabi,2020,Alluvial,140,41,20,7.71
1046,Punjab,Patiala,Rice,Kharif,2020,Alluvial,73,68,61,7.46
1047,Punjab,Patiala,Maize,Kharif,2020,Alluvial,40,30,28,7.58
1048,Punjab,Patiala,Cotton,Kharif,2020,Alluvial,70,46,29,7.56
1049,Uttar Pradesh,Kanpur,Wheat,Rabi,2020,Alluvial,103,56,42,7.81
1050,Uttar Pradesh,Kanpur,Rice,Kharif,2020,Alluvial,95,59,56,7.61
1051,Uttar Pradesh,Kanpur,Maize,Kharif,2020,Alluvial,55,54,38,7.16
1052,Uttar Pradesh,Kanpur,Cotton,Kharif,2020,Alluvial,45,39,43,7.19
1053,Uttar Pradesh,Varanasi,Wheat,Rabi,2020,Alluvial,3,2,2,4.21
1054,Uttar Pradesh,Varanasi,Rice,Kharif,2020,Alluvial,119,45,45,6.76
1055,Uttar Pradesh,Varanasi,Maize,Kharif,2020,Alluvial,86,59,30,6.79
1056,Uttar Pradesh,Varanasi,Cotton,Kharif,2020,Alluvial,75,32,45,6.84
1057,West Bengal,Hooghly,Wheat,Rabi,2020,Alluvial,76,65,43,7.42
1058,West Bengal,Hooghly,Rice,Kharif,2020,Alluvial,104,48,49,6.18
1059,West Bengal,Hooghly,Maize,Kharif,2020,Alluvial,108,39,44,6.52
1060,West Bengal,Hooghly,Cotton,Kharif,2020,Alluvial,76,53,26,5.93
1061,West Bengal,Bardhaman,Wheat,Rabi,2020,Clay Loam,115,53,35,6.02
1062,West Bengal,Bardhaman,Rice,Kharif,2020,Clay Loam,83,53,49,6.27
1063,West Bengal,Bardhaman,Maize,Kharif,2020,Clay Loam,94,23,35,6.0
1064,West Bengal,Bardhaman,Cotton,Kharif,2020,Clay Loam,18,5,8,4.23
1065,Maharashtra,Nashik,Wheat,Rabi,2020,Black Soil,107,67,51,8.03
1066,Maharashtra,Nashik,Rice,Kharif,2020,Black Soil,107,43,50,7.75
1067,Maharashtra,Nashik,Maize,Kharif,2020,Black Soil,83,36,35,8.11
1068,Maharashtra,Nashik,Cotton,Kharif,2020,Black Soil,39,29,21,7.69
1069,Maharashtra,Pune,Wheat,Rabi,2020,Black Soil,137,60,31,7.59
1070,Maharashtra,Pune,Rice,Kharif,2020,Black Soil,112,72,51,7.57
1071,Maharashtra,Pune,Maize,Kharif,2020,Black Soil,17,15,13,4.51
1072,Maharashtra,Pune,Cotton,Kharif,2020,Black Soil,60,35,34,7.79
1073,Tamil Nadu,Thanjavur,Wheat,Rabi,2020,Red Loam,125,42,54,7.0
1074,Tamil Nadu,Thanjavur,Rice,Kharif,2020,Red Loam,26,18,8,5.04
1075,Tamil Nadu,Thanjavur,Maize,Kharif,2020,Red Loam,63,58,31,6.83
1076,Tamil Nadu,Thanjavur,Cotton,Kharif,2020,Red Loam,81,50,23,7.26
1077,Andhra Pradesh,Kurnool,Wheat,Rabi,2020,Red Soil,137,36,37,7.29
1078,Andhra Pradesh,Kurnool,Rice,Kharif,2020,Red Soil,95,47,23,7.08
1079,Andhra Pradesh,Kurnool,Maize,Kharif,2020,Red Soil,19,3,14,4.22
1080,Andhra Pradesh,Kurnool,Cotton,Kharif,2020,Red Soil,22,4,13,4.31
1081,Punjab,Ludhiana,Wheat,Rabi,2021,Alluvial,147,33,19,7.03
1082,Punjab,Ludhiana,Rice,Kharif,2021,Alluvial,71,42,38,7.93
1083,Punjab,Ludhiana,Maize,Kharif,2021,Alluvial,91,38,35,7.08
1084,Punjab,Ludhiana,Cotton,Kharif,2021,Alluvial,72,51,29,7.58
1085,Punjab,Patiala,Wheat,Rabi,2021,Alluvial,86,77,27,7.36
1086,Punjab,Patiala,Rice,Kharif,2021,Alluvial,58,66,52,7.57
1087,Punjab,Patiala,Maize,Kharif,2021,Alluvial,83,53,51,7.8
1088,Punjab,Patiala,Cotton,Kharif,2021,Alluvial,69,32,41,7.31
1089,Uttar Pradesh,Kanpur,Wheat,Rabi,2021,Alluvial,152,75,29,7.35
1090,Uttar Pradesh,Kanpur,Rice,Kharif,2021,Alluvial,4,14,1,4.9
1091,Uttar Pradesh,Kanpur,Maize,Kharif,2021,Alluvial,72,30,56,7.35
1092,Uttar Pradesh,Kanpur,Cotton,Kharif,2021,Alluvial,82,23,49,7.09
1093,Uttar Pradesh,Varanasi,Wheat,Rabi,2021,Alluvial,119,67,34,7.19
1094,Uttar Pradesh,Varanasi,Rice,Kharif,2021,Alluvial,95,36,47,7.32
1095,Uttar Pradesh,Varanasi,Maize,Kharif,2021,Alluvial,111,39,13,7.13
1096,Uttar Pradesh,Varanasi,Cotton,Kharif,2021,Alluvial,101,51,39,6.86
1097,West Bengal,Hooghly,Wheat,Rabi,2021,Alluvial,2,13,5,5.09
1098,West Bengal,Hooghly,Rice,Kharif,2021,Alluvial,120,35,52,6.77
1099,West Bengal,Hooghly,Maize,Kharif,2021,Alluvial,114,33,24,5.75
1100,West Bengal,Hooghly,Cotton,Kharif,2021,Alluvial,111,34,35,6.42
1101,West Bengal,Bardhaman,Wheat,Rabi,2021,Clay Loam,0,19,6,4.58
1102,West Bengal,Bardhaman,Rice,Kharif,2021,Clay Loam,95,73,43,6.55
1103,West Bengal,Bardhaman,Maize,Kharif,2021,Clay Loam,78,33,41,6.63
1104,West Bengal,Bardhaman,Cotton,Kharif,2021,Clay Loam,92,63,49,5.95
1105,Maharashtra,Nashik,Wheat,Rabi,2021,Black Soil,141,58,32,7.39
1106,Maharashtra,Nashik,Rice,Kharif,2021,Black Soil,104,15,41,8.16
1107,Maharashtra,Nashik,Maize,Kharif,2021,Black Soil,99,45,41,8.05
1108,Maharashtra,Nashik,Cotton,Kharif,2021,Black Soil,92,36,31,7.59
1109,Maharashtra,Pune,Wheat,Rabi,2021,Black Soil,120,61,40,7.09
1110,Maharashtra,Pune,Rice,Kharif,2021,Black Soil,104,55,50,7.86
1111,Maharashtra,Pune,Maize,Kharif,2021,Black Soil,9,14,1,4.87
1112,Maharashtra,Pune,Cotton,Kharif,2021,Black Soil,68,43,55,7.48
1113,Tamil Nadu,Thanjavur,Wheat,Rabi,2021,Red Loam,95,58,46,7.1
1114,Tamil Nadu,Thanjavur,Rice,Kharif,2021,Red Loam,113,49,68,6.48
1115,Tamil Nadu,Thanjavur,Maize,Kharif,2021,Red Loam,75,33,30,6.73
1116,Tamil Nadu,Thanjavur,Cotton,Kharif,2021,Red Loam,86,44,45,6.93
1117,Andhra Pradesh,Kurnool,Wheat,Rabi,2021,Red Soil,144,64,29,7.09
1118,Andhra Pradesh,Kurnool,Rice,Kharif,2021,Red Soil,102,43,58,6.9
1119,Andhra Pradesh,Kurnool,Maize,Kharif,2021,Red Soil,139,35,40,6.77
1120,Andhra Pradesh,Kurnool,Cotton,Kharif,2021,Red Soil,7,19,2,4.75
1121,Punjab,Ludhiana,Wheat,Rabi,2022,Alluvial,120,49,37,7.94
1122,Punjab,Ludhiana,Rice,Kharif,2022,Alluvial,28,1,8,5.06
1123,Punjab,Ludhiana,Maize,Kharif,2022,Alluvial,92,49,28,7.8
1124,Punjab,Ludhiana,Cotton,Kharif,2022,Alluvial,7,3,13,4.33
1125,Punjab,Patiala,Wheat,Rabi,2022,Alluvial,142,77,44,7.61
1126,Punjab,Patiala,Rice,Kharif,2022,Alluvial,66,59,58,7.04
1127,Punjab,Patiala,Maize,Kharif,2022,Alluvial,130,50,29,7.55
1128,Punjab,Patiala,Cotton,Kharif,2022,Alluvial,107,44,33,7.7
1129,Uttar Pradesh,Kanpur,Wheat,Rabi,2022,Alluvial,141,71,22,7.09
1130,Uttar Pradesh,Kanpur,Rice,Kharif,2022,Alluvial,123,34,47,6.57
1131,Uttar Pradesh,Kanpur,Maize,Kharif,2022,Alluvial,62,36,26,7.1
1132,Uttar Pradesh,Kanpur,Cotton,Kharif,2022,Alluvial,84,36,34,7.21
1133,Uttar Pradesh,Varanasi,Wheat,Rabi,2022,Alluvial,99,60,20,7.27
1134,Uttar Pradesh,Varanasi,Rice,Kharif,2022,Alluvial,0,6,10,4.3
1135,Uttar Pradesh,Varanasi,Maize,Kharif,2022,Alluvial,111,38,35,6.72
1136,Uttar Pradesh,Varanasi,Cotton,Kharif,2022,Alluvial,102,51,46,6.66
1137,West Bengal,Hooghly,Wheat,Rabi,2022,Alluvial,140,57,43,6.93
1138,West Bengal,Hooghly,Rice,Kharif,2022,Alluvial,111,57,47,6.91
1139,West Bengal,Hooghly,Maize,Kharif,2022,Alluvial,64,23,21,6.97
1140,West Bengal,Hooghly,Cotton,Kharif,2022,Alluvial,18,13,9,4.7
1141,West Bengal,Bardhaman,Wheat,Rabi,2022,Clay Loam,119,46,23,6.51
1142,West Bengal,Bardhaman,Rice,Kharif,2022,Clay Loam,117,47,53,6.14
1143,West Bengal,Bardhaman,Maize,Kharif,2022,Clay Loam,70,41,43,6.48
1144,West Bengal,Bardhaman,Cotton,Kharif,2022,Clay Loam,75,30,45,6.75
1145,Maharashtra,Nashik,Wheat,Rabi,2022,Black Soil,118,61,35,7.84
1146,Maharashtra,Nashik,Rice,Kharif,2022,Black Soil,86,61,46,7.72
1147,Maharashtra,Nashik,Maize,Kharif,2022,Black Soil,78,33,32,7.55
1148,Maharashtra,Nashik,Cotton,Kharif,2022,Black Soil,88,52,56,7.34
1149,Maharashtra,Pune,Wheat,Rabi,2022,Black Soil,20,8,6,5.08
1150,Maharashtra,Pune,Rice,Kharif,2022,Black Soil,21,11,4,4.12
1151,Maharashtra,Pune,Maize,Kharif,2022,Black Soil,75,40,22,7.57
1152,Maharashtra,Pune,Cotton,Kharif,2022,Black Soil,87,46,59,7.42
1153,Tamil Nadu,Thanjavur,Wheat,Rabi,2022,Red Loam,132,58,30,6.58
1154,Tamil Nadu,Thanjavur,Rice,Kharif,2022,Red Loam,93,50,57,6.82
1155,Tamil Nadu,Thanjavur,Maize,Kharif,2022,Red Loam,97,47,39,6.56
1156,Tamil Nadu,Thanjavur,Cotton,Kharif,2022,Red Loam,90,61,28,7.05
1157,Andhra Pradesh,Kurnool,Wheat,Rabi,2022,Red Soil,129,60,39,7.38
1158,Andhra Pradesh,Kurnool,Rice,Kharif,2022,Red Soil,12,3,10,4.52
1159,Andhra Pradesh,Kurnool,Maize,Kharif,2022,Red Soil,25,18,7,4.91
1160,Andhra Pradesh,Kurnool,Cotton,Kharif,2022,Red Soil,73,45,40,6.56
1161,Punjab,Ludhiana,Wheat,Rabi,2023,Alluvial,104,75,52,7.34
1162,Punjab,Ludhiana,Rice,Kharif,2023,Alluvial,93,44,45,7.29
1163,Punjab,Ludhiana,Maize,Kharif,2023,Alluvial,75,44,41,7.68
1164,Punjab,Ludhiana,Cotton,Kharif,2023,Alluvial,75,52,36,7.66
1165,Punjab,Patiala,Wheat,Rabi,2023,Alluvial,119,54,43,7.16
1166,Punjab,Patiala,Rice,Kharif,2023,Alluvial,16,9,12,4.15
1167,Punjab,Patiala,Maize,Kharif,2023,Alluvial,43,35,21,6.92
1168,Punjab,Patiala,Cotton,Kharif,2023,Alluvial,67,58,46,7.45
1169,Uttar Pradesh,Kanpur,Wheat,Rabi,2023,Alluvial,107,61,28,7.22
1170,Uttar Pradesh,Kanpur,Rice,Kharif,2023,Alluvial,21,1,1,4.02
1171,Uttar Pradesh,Kanpur,Maize,Kharif,2023,Alluvial,63,29,35,7.56
1172,Uttar Pradesh,Kanpur,Cotton,Kharif,2023,Alluvial,64,27,34,7.28
1173,Uttar Pradesh,Varanasi,Wheat,Rabi,2023,Alluvial,120,53,49,7.02
1174,Uttar Pradesh,Varanasi,Rice,Kharif,2023,Alluvial,10,18,3,4.56
1175,Uttar Pradesh,Varanasi,Maize,Kharif,2023,Alluvial,80,36,32,6.95
1176,Uttar Pradesh,Varanasi,Cotton,Kharif,2023,Alluvial,76,42,37,7.48
1177,West Bengal,Hooghly,Wheat,Rabi,2023,Alluvial,126,60,39,6.47
1178,West Bengal,Hooghly,Rice,Kharif,2023,Alluvial,106,67,52,7.28
1179,West Bengal,Hooghly,Maize,Kharif,2023,Alluvial,77,44,27,6.49
1180,West Bengal,Hooghly,Cotton,Kharif,2023,Alluvial,68,45,56,6.62
1181,West Bengal,Bardhaman,Wheat,Rabi,2023,Clay Loam,91,48,35,5.95
1182,West Bengal,Bardhaman,Rice,Kharif,2023,Clay Loam,71,32,34,6.58
1183,West Bengal,Bardhaman,Maize,Kharif,2023,Clay Loam,127,58,46,6.49
1184,West Bengal,Bardhaman,Cotton,Kharif,2023,Clay Loam,1,6,11,5.06
1185,Maharashtra,Nashik,Wheat,Rabi,2023,Black Soil,102,59,38,8.25
1186,Maharashtra,Nashik,Rice,Kharif,2023,Black Soil,137,46,52,8.14
1187,Maharashtra,Nashik,Maize,Kharif,2023,Black Soil,96,41,12,7.9
1188,Maharashtra,Nashik,Cotton,Kharif,2023,Black Soil,69,28,39,7.86
1189,Maharashtra,Pune,Wheat,Rabi,2023,Black Soil,135,50,43,7.73
1190,Maharashtra,Pune,Rice,Kharif,2023,Black Soil,95,53,47,7.25
1191,Maharashtra,Pune,Maize,Kharif,2023,Black Soil,27,2,7,4.62
1192,Maharashtra,Pune,Cotton,Kharif,2023,Black Soil,81,45,24,7.34
1193,Tamil Nadu,Thanjavur,Wheat,Rabi,2023,Red Loam,121,63,31,6.71
1194,Tamil Nadu,Thanjavur,Rice,Kharif,2023,Red Loam,79,50,54,7.01
1195,Tamil Nadu,Thanjavur,Maize,Kharif,2023,Red Loam,64,39,25,7.4
1196,Tamil Nadu,Thanjavur,Cotton,Kharif,2023,Red Loam,76,53,33,6.56
1197,Andhra Pradesh,Kurnool,Wheat,Rabi,2023,Red Soil,112,65,43,7.09
1198,Andhra Pradesh,Kurnool,Rice,Kharif,2023,Red Soil,105,42,45,7.44
1199,Andhra Pradesh,Kurnool,Maize,Kharif,2023,Red Soil,113,45,37,7.04
1200,Andhra Pradesh,Kurnool,Cotton,Kharif,2023,Red Soil,73,35,30,7.23
1201,Punjab,Ludhiana,Wheat,Rabi,2019,Alluvial,130,60,42,7.39
1202,Punjab,Ludhiana,Rice,Kharif,2019,Alluvial,123,75,55,7.5
1203,Punjab,Ludhiana,Maize,Kharif,2019,Alluvial,126,43,26,6.81
1204,Punjab,Ludhiana,Cotton,Kharif,2019,Alluvial,60,34,48,7.56
1205,Punjab,Patiala,Wheat,Rabi,2019,Alluvial,135,72,24,7.97
1206,Punjab,Patiala,Rice,Kharif,2019,Alluvial,20,6,10,4.1
1207,Punjab,Patiala,Maize,Kharif,2019,Alluvial,105,41,49,7.3
1208,Punjab,Patiala,Cotton,Kharif,2019,Alluvial,83,47,46,7.24
1209,Uttar Pradesh,Kanpur,Wheat,Rabi,2019,Alluvial,123,71,38,6.55
1210,Uttar Pradesh,Kanpur,Rice,Kharif,2019,Alluvial,98,47,54,7.07
1211,Uttar Pradesh,Kanpur,Maize,Kharif,2019,Alluvial,79,43,48,7.13
1212,Uttar Pradesh,Kanpur,Cotton,Kharif,2019,Alluvial,47,50,31,7.33
1213,Uttar Pradesh,Varanasi,Wheat,Rabi,2019,Alluvial,17,19,12,4.78
1214,Uttar Pradesh,Varanasi,Rice,Kharif,2019,Alluvial,2,18,10,5.24
1215,Uttar Pradesh,Varanasi,Maize,Kharif,2019,Alluvial,76,45,43,6.96
1216,Uttar Pradesh,Varanasi,Cotton,Kharif,2019,Alluvial,94,30,40,6.92
1217,West Bengal,Hooghly,Wheat,Rabi,2019,Alluvial,132,53,41,6.28
1218,West Bengal,Hooghly,Rice,Kharif,2019,Alluvial,86,47,29,6.64
1219,West Bengal,Hooghly,Maize,Kharif,2019,Alluvial,6,0,1,4.51
1220,West Bengal,Hooghly,Cotton,Kharif,2019,Alluvial,76,46,42,6.27
1221,West Bengal,Bardhaman,Wheat,Rabi,2019,Clay Loam,112,53,26,5.64
1222,West Bengal,Bardhaman,Rice,Kharif,2019,Clay Loam,90,51,66,6.47
1223,West Bengal,Bardhaman,Maize,Kharif,2019,Clay Loam,12,15,1,4.12
1224,West Bengal,Bardhaman,Cotton,Kharif,2019,Clay Loam,108,42,47,6.31
1225,Maharashtra,Nashik,Wheat,Rabi,2019,Black Soil,0,8,4,4.73
1226,Maharashtra,Nashik,Rice,Kharif,2019,Black Soil,125,41,59,7.93
1227,Maharashtra,Nashik,Maize,Kharif,2019,Black Soil,84,54,35,7.95
1228,Maharashtra,Nashik,Cotton,Kharif,2019,Black Soil,100,51,29,7.68
1229,Maharashtra,Pune,Wheat,Rabi,2019,Black Soil,120,58,25,7.86
1230,Maharashtra,Pune,Rice,Kharif,2019,Black Soil,75,44,49,7.58
1231,Maharashtra,Pune,Maize,Kharif,2019,Black Soil,87,44,19,7.39
1232,Maharashtra,Pune,Cotton,Kharif,2019,Black Soil,93,36,51,7.61
1233,Tamil Nadu,Thanjavur,Wheat,Rabi,2019,Red Loam,123,48,55,6.88
1234,Tamil Nadu,Thanjavur,Rice,Kharif,2019,Red Loam,96,45,30,7.02
1235,Tamil Nadu,Thanjavur,Maize,Kharif,2019,Red Loam,95,48,49,7.14
1236,Tamil Nadu,Thanjavur,Cotton,Kharif,2019,Red Loam,85,44,50,6.83
1237,Andhra Pradesh,Kurnool,Wheat,Rabi,2019,Red Soil,117,48,39,7.22
1238,Andhra Pradesh,Kurnool,Rice,Kharif,2019,Red Soil,88,63,28,8.04
1239,Andhra Pradesh,Kurnool,Maize,Kharif,2019,Red Soil,98,54,41,7.04
1240,Andhra Pradesh,Kurnool,Cotton,Kharif,2019,Red Soil,79,36,51,7.38
1241,Punjab,Ludhiana,Wheat,Rabi,2020,Alluvial,102,53,34,7.66
1242,Punjab,Ludhiana,Rice,Kharif,2020,Alluvial,123,57,53,7.72
1243,Punjab,Ludhiana,Maize,Kharif,2020,Alluvial,86,34,31,7.36
1244,Punjab,Ludhiana,Cotton,Kharif,2020,Alluvial,93,49,23,7.17
1245,Punjab,Patiala,Wheat,Rabi,2020,Alluvial,114,66,24,7.56
1246,Punjab,Patiala,Rice,Kharif,2020,Alluvial,39,51,68,7.97
1247,Punjab,Patiala,Maize,Kharif,2020,Alluvial,94,53,18,7.62
1248,Punjab,Patiala,Cotton,Kharif,2020,Alluvial,18,1,11,4.48
1249,Uttar Pradesh,Kanpur,Wheat,Rabi,2020,Alluvial,25,0,3,5.11
1250,Uttar Pradesh,Kanpur,Rice,Kharif,2020,Alluvial,90,58,52,7.26
1251,Uttar Pradesh,Kanpur,Maize,Kharif,2020,Alluvial,20,9,5,4.95
1252,Uttar Pradesh,Kanpur,Cotton,Kharif,2020,Alluvial,104,29,50,7.26
1253,Uttar Pradesh,Varanasi,Wheat,Rabi,2020,Alluvial,117,45,17,6.83
1254,Uttar Pradesh,Varanasi,Rice,Kharif,2020,Alluvial,129,46,54,6.89
1255,Uttar Pradesh,Varanasi,Maize,Kharif,2020,Alluvial,122,43,20,6.74
1256,Uttar Pradesh,Varanasi,Cotton,Kharif,2020,Alluvial,92,31,25,6.48
1257,West Bengal,Hooghly,Wheat,Rabi,2020,Alluvial,3,8,7,4.61
1258,West Bengal,Hooghly,Rice,Kharif,2020,Alluvial,100,55,38,6.83
1259,West Bengal,Hooghly,Maize,Kharif,2020,Alluvial,0,15,12,4.18
1260,West Bengal,Hooghly,Cotton,Kharif,2020,Alluvial,110,49,26,6.7
1261,West Bengal,Bardhaman,Wheat,Rabi,2020,Clay Loam,116,58,23,6.15
1262,West Bengal,Bardhaman,Rice,Kharif,2020,Clay Loam,104,47,43,6.0
1263,West Bengal,Bardhaman,Maize,Kharif,2020,Clay Loam,24,12,5,5.01
1264,West Bengal,Bardhaman,Cotton,Kharif,2020,Clay Loam,99,39,36,6.25
1265,Maharashtra,Nashik,Wheat,Rabi,2020,Black Soil,120,43,34,7.87
1266,Maharashtra,Nashik,Rice,Kharif,2020,Black Soil,71,47,45,7.98
1267,Maharashtra,Nashik,Maize,Kharif,2020,Black Soil,18,19,2,5.19
1268,Maharashtra,Nashik,Cotton,Kharif,2020,Black Soil,80,39,27,7.51
1269,Maharashtra,Pune,Wheat,Rabi,2020,Black Soil,95,56,39,7.12
1270,Maharashtra,Pune,Rice,Kharif,2020,Black Soil,105,49,45,7.26
1271,Maharashtra,Pune,Maize,Kharif,2020,Black Soil,57,21,40,7.29
1272,Maharashtra,Pune,Cotton,Kharif,2020,Black Soil,94,24,40,7.56
1273,Tamil Nadu,Thanjavur,Wheat,Rabi,2020,Red Loam,159,76,41,6.53
1274,Tamil Nadu,Thanjavur,Rice,Kharif,2020,Red Loam,118,46,15,6.92
1275,Tamil Nadu,Thanjavur,Maize,Kharif,2020,Red Loam,2,18,7,4.61
1276,Tamil Nadu,Thanjavur,Cotton,Kharif,2020,Red Loam,93,51,22,6.9
1277,Andhra Pradesh,Kurnool,Wheat,Rabi,2020,Red Soil,12,10,0,5.46
1278,Andhra Pradesh,Kurnool,Rice,Kharif,2020,Red Soil,77,47,61,6.78
1279,Andhra Pradesh,Kurnool,Maize,Kharif,2020,Red Soil,67,34,44,7.62
1280,Andhra Pradesh,Kurnool,Cotton,Kharif,2020,Red Soil,90,45,41,6.62
1281,Punjab,Ludhiana,Wheat,Rabi,2021,Alluvial,100,66,38,7.56
1282,Punjab,Ludhiana,Rice,Kharif,2021,Alluvial,109,45,56,7.24
1283,Punjab,Ludhiana,Maize,Kharif,2021,Alluvial,108,39,36,7.07
1284,Punjab,Ludhiana,Cotton,Kharif,2021,Alluvial,78,39,44,7.63
1285,Punjab,Patiala,Wheat,Rabi,2021,Alluvial,120,64,34,6.95
1286,Punjab,Patiala,Rice,Kharif,2021,Alluvial,82,53,58,7.41
1287,Punjab,Patiala,Maize,Kharif,2021,Alluvial,77,29,16,7.14
1288,Punjab,Patiala,Cotton,Kharif,2021,Alluvial,45,35,38,7.76
1289,Uttar Pradesh,Kanpur,Wheat,Rabi,2021,Alluvial,130,55,42,6.91
1290,Uttar Pradesh,Kanpur,Rice,Kharif,2021,Alluvial,84,65,43,7.01
1291,Uttar Pradesh,Kanpur,Maize,Kharif,2021,Alluvial,76,30,19,7.26
1292,Uttar Pradesh,Kanpur,Cotton,Kharif,2021,Alluvial,74,54,52,7.56
1293,Uttar Pradesh,Varanasi,Wheat,Rabi,2021,Alluvial,89,65,43,7.12
1294,Uttar Pradesh,Varanasi,Rice,Kharif,2021,Alluvial,99,46,33,6.97
1295,Uttar Pradesh,Varanasi,Maize,Kharif,2021,Alluvial,87,38,38,6.87
1296,Uttar Pradesh,Varanasi,Cotton,Kharif,2021,Alluvial,107,48,30,7.11
1297,West Bengal,Hooghly,Wheat,Rabi,2021,Alluvial,102,59,32,6.7
1298,West Bengal,Hooghly,Rice,Kharif,2021,Alluvial,109,35,52,6.93
1299,West Bengal,Hooghly,Maize,Kharif,2021,Alluvial,77,50,53,6.26
1300,West Bengal,Hooghly,Cotton,Kharif,2021,Alluvial,109,48,29,6.02
1301,West Bengal,Bardhaman,Wheat,Rabi,2021,Clay Loam,9,10,0,4.74
1302,West Bengal,Bardhaman,Rice,Kharif,2021,Clay Loam,74,58,47,6.12
1303,West Bengal,Bardhaman,Maize,Kharif,2021,Clay Loam,8,6,3,4.77
1304,West Bengal,Bardhaman,Cotton,Kharif,2021,Clay Loam,90,28,26,6.41
1305,Maharashtra,Nashik,Wheat,Rabi,2021,Black Soil,77,63,36,8.08
1306,Maharashtra,Nashik,Rice,Kharif,2021,Black Soil,77,40,55,7.49
1307,Maharashtra,Nashik,Maize,Kharif,2021,Black Soil,124,32,17,7.73
1308,Maharashtra,Nashik,Cotton,Kharif,2021,Black Soil,68,41,44,7.17
1309,Maharashtra,Pune,Wheat,Rabi,2021,Black Soil,141,33,40,7.6
1310,Maharashtra,Pune,Rice,Kharif,2021,Black Soil,105,54,41,7.36
1311,Maharashtra,Pune,Maize,Kharif,2021,Black Soil,23,1,7,4.84
1312,Maharashtra,Pune,Cotton,Kharif,2021,Black Soil,21,10,12,5.23
1313,Tamil Nadu,Thanjavur,Wheat,Rabi,2021,Red Loam,148,51,39,7.17
1314,Tamil Nadu,Thanjavur,Rice,Kharif,2021,Red Loam,55,51,44,6.74
1315,Tamil Nadu,Thanjavur,Maize,Kharif,2021,Red Loam,76,33,28,6.62
1316,Tamil Nadu,Thanjavur,Cotton,Kharif,2021,Red Loam,57,42,55,7.22
1317,Andhra Pradesh,Kurnool,Wheat,Rabi,2021,Red Soil,121,74,46,6.97
1318,Andhra Pradesh,Kurnool,Rice,Kharif,2021,Red Soil,106,57,53,7.66
1319,Andhra Pradesh,Kurnool,Maize,Kharif,2021,Red Soil,108,29,22,6.99
1320,Andhra Pradesh,Kurnool,Cotton,Kharif,2021,Red Soil,110,51,45,7.38
1321,Punjab,Ludhiana,Wheat,Rabi,2022,Alluvial,142,65,30,7.54
1322,Punjab,Ludhiana,Rice,Kharif,2022,Alluvial,112,40,64,7.26
1323,Punjab,Ludhiana,Maize,Kharif,2022,Alluvial,99,40,27,7.6
1324,Punjab,Ludhiana,Cotton,Kharif,2022,Alluvial,86,32,41,7.75
1325,Punjab,Patiala,Wheat,Rabi,2022,Alluvial,0,7,11,4.85
1326,Punjab,Patiala,Rice,Kharif,2022,Alluvial,22,12,11,4.06
1327,Punjab,Patiala,Maize,Kharif,2022,Alluvial,96,41,30,7.49
1328,Punjab,Patiala,Cotton,Kharif,2022,Alluvial,52,37,45,7.16
1329,Uttar Pradesh,Kanpur,Wheat,Rabi,2022,Alluvial,130,54,41,7.79
1330,Uttar Pradesh,Kanpur,Rice,Kharif,2022,Alluvial,100,36,58,7.32
1331,Uttar Pradesh,Kanpur,Maize,Kharif,2022,Alluvial,126,36,33,7.67
1332,Uttar Pradesh,Kanpur,Cotton,Kharif,2022,Alluvial,91,28,36,6.7
1333,Uttar Pradesh,Varanasi,Wheat,Rabi,2022,Alluvial,0,8,1,4.91
1334,Uttar Pradesh,Varanasi,Rice,Kharif,2022,Alluvial,112,41,58,6.81
1335,Uttar Pradesh,Varanasi,Maize,Kharif,2022,Alluvial,86,35,33,7.09
1336,Uttar Pradesh,Varanasi,Cotton,Kharif,2022,Alluvial,70,37,37,6.93
1337,West Bengal,Hooghly,Wheat,Rabi,2022,Alluvial,99,52,36,6.33
1338,West Bengal,Hooghly,Rice,Kharif,2022,Alluvial,91,40,49,6.25
1339,West Bengal,Hooghly,Maize,Kharif,2022,Alluvial,66,40,15,6.73
1340,West Bengal,Hooghly,Cotton,Kharif,2022,Alluvial,77,33,57,6.4
1341,West Bengal,Bardhaman,Wheat,Rabi,2022,Clay Loam,144,61,28,6.05
1342,West Bengal,Bardhaman,Rice,Kharif,2022,Clay Loam,119,46,32,5.92
1343,West Bengal,Bardhaman,Maize,Kharif,2022,Clay Loam,95,27,26,7.01
1344,West Bengal,Bardhaman,Cotton,Kharif,2022,Clay Loam,84,29,34,5.95
1345,Maharashtra,Nashik,Wheat,Rabi,2022,Black Soil,121,64,36,7.5
1346,Maharashtra,Nashik,Rice,Kharif,2022,Black Soil,89,54,38,8.0
1347,Maharashtra,Nashik,Maize,Kharif,2022,Black Soil,26,15,9,5.13
1348,Maharashtra,Nashik,Cotton,Kharif,2022,Black Soil,61,33,32,7.78
1349,Maharashtra,Pune,Wheat,Rabi,2022,Black Soil,95,54,53,7.38
1350,Maharashtra,Pune,Rice,Kharif,2022,Black Soil,57,50,58,7.3
1351,Maharashtra,Pune,Maize,Kharif,2022,Black Soil,85,39,25,7.33
1352,Maharashtra,Pune,Cotton,Kharif,2022,Black Soil,57,54,33,7.6
1353,Tamil Nadu,Thanjavur,Wheat,Rabi,2022,Red Loam,122,60,52,6.58
1354,Tamil Nadu,Thanjavur,Rice,Kharif,2022,Red Loam,105,56,35,6.45
1355,Tamil Nadu,Thanjavur,Maize,Kharif,2022,Red Loam,100,48,44,6.62
1356,Tamil Nadu,Thanjavur,Cotton,Kharif,2022,Red Loam,70,35,28,6.47
1357,Andhra Pradesh,Kurnool,Wheat,Rabi,2022,Red Soil,120,72,47,7.24
1358,Andhra Pradesh,Kurnool,Rice,Kharif,2022,Red Soil,134,47,55,6.77
1359,Andhra Pradesh,Kurnool,Maize,Kharif,2022,Red Soil,52,43,24,6.55
1360,Andhra Pradesh,Kurnool,Cotton,Kharif,2022,Red Soil,119,41,29,7.02
1361,Punjab,Ludhiana,Wheat,Rabi,2023,Alluvial,136,43,30,7.36
1362,Punjab,Ludhiana,Rice,Kharif,2023,Alluvial,19,10,1,4.26
1363,Punjab,Ludhiana,Maize,Kharif,2023,Alluvial,88,44,25,7.36
1364,Punjab,Ludhiana,Cotton,Kharif,2023,Alluvial,89,24,50,7.26
1365,Punjab,Patiala,Wheat,Rabi,2023,Alluvial,98,53,39,7.34
1366,Punjab,Patiala,Rice,Kharif,2023,Alluvial,91,61,31,7.48
1367,Punjab,Patiala,Maize,Kharif,2023,Alluvial,67,36,31,7.62
1368,Punjab,Patiala,Cotton,Kharif,2023,Alluvial,18,18,9,4.12
1369,Uttar Pradesh,Kanpur,Wheat,Rabi,2023,Alluvial,128,46,32,7.11
1370,Uttar Pradesh,Kanpur,Rice,Kharif,2023,Alluvial,104,46,46,6.84
1371,Uttar Pradesh,Kanpur,Maize,Kharif,2023,Alluvial,58,42,36,6.82
1372,Uttar Pradesh,Kanpur,Cotton,Kharif,2023,Alluvial,116,37,42,7.25
1373,Uttar Pradesh,Varanasi,Wheat,Rabi,2023,Alluvial,115,59,52,6.41
1374,Uttar Pradesh,Varanasi,Rice,Kharif,2023,Alluvial,108,63,38,7.4
1375,Uttar Pradesh,Varanasi,Maize,Kharif,2023,Alluvial,83,32,33,6.61
1376,Uttar Pradesh,Varanasi,Cotton,Kharif,2023,Alluvial,74,54,35,6.75
1377,West Bengal,Hooghly,Wheat,Rabi,2023,Alluvial,126,64,36,6.46
1378,West Bengal,Hooghly,Rice,Kharif,2023,Alluvial,17,0,11,4.46
1379,West Bengal,Hooghly,Maize,Kharif,2023,Alluvial,55,43,19,6.78
1380,West Bengal,Hooghly,Cotton,Kharif,2023,Alluvial,88,44,32,6.29
1381,West Bengal,Bardhaman,Wheat,Rabi,2023,Clay Loam,6,15,0,4.74
1382,West Bengal,Bardhaman,Rice,Kharif,2023,Clay Loam,102,56,57,6.15
1383,West Bengal,Bardhaman,Maize,Kharif,2023,Clay Loam,1,7,10,4.29
1384,West Bengal,Bardhaman,Cotton,Kharif,2023,Clay Loam,59,32,25,6.05
1385,Maharashtra,Nashik,Wheat,Rabi,2023,Black Soil,129,53,54,7.46
1386,Maharashtra,Nashik,Rice,Kharif,2023,Black Soil,117,68,45,8.01
1387,Maharashtra,Nashik,Maize,Kharif,2023,Black Soil,112,42,39,7.96
1388,Maharashtra,Nashik,Cotton,Kharif,2023,Black Soil,26,19,4,4.32
1389,Maharashtra,Pune,Wheat,Rabi,2023,Black Soil,137,76,55,7.72
1390,Maharashtra,Pune,Rice,Kharif,2023,Black Soil,114,56,36,7.26
1391,Maharashtra,Pune,Maize,Kharif,2023,Black Soil,22,6,7,5.39
1392,Maharashtra,Pune,Cotton,Kharif,2023,Black Soil,7,0,9,4.64
1393,Tamil Nadu,Thanjavur,Wheat,Rabi,2023,Red Loam,26,11,8,4.75
1394,Tamil Nadu,Thanjavur,Rice,Kharif,2023,Red Loam,96,57,54,6.58
1395,Tamil Nadu,Thanjavur,Maize,Kharif,2023,Red Loam,113,51,28,6.88
1396,Tamil Nadu,Thanjavur,Cotton,Kharif,2023,Red Loam,21,6,9,4.83
1397,Andhra Pradesh,Kurnool,Wheat,Rabi,2023,Red Soil,125,68,47,6.83
1398,Andhra Pradesh,Kurnool,Rice,Kharif,2023,Red Soil,102,56,77,7.13
1399,Andhra Pradesh,Kurnool,Maize,Kharif,2023,Red Soil,9,1,2,5.48
1400,Andhra Pradesh,Kurnool,Cotton,Kharif,2023,Red Soil,105,43,27,6.78
1401,Punjab,Ludhiana,Wheat,Rabi,2019,Alluvial,18,2,8,5.04
1402,Punjab,Ludhiana,Rice,Kharif,2019,Alluvial,99,45,32,7.71
1403,Punjab,Ludhiana,Maize,Kharif,2019,Alluvial,77,41,20,6.94
1404,Punjab,Ludhiana,Cotton,Kharif,2019,Alluvial,68,31,29,7.65
1405,Punjab,Patiala,Wheat,Rabi,2019,Alluvial,147,46,38,7.75
1406,Punjab,Patiala,Rice,Kharif,2019,Alluvial,124,64,44,6.92
1407,Punjab,Patiala,Maize,Kharif,2019,Alluvial,70,34,28,7.62
1408,Punjab,Patiala,Cotton,Kharif,2019,Alluvial,26,8,5,4.99
1409,Uttar Pradesh,Kanpur,Wheat,Rabi,2019,Alluvial,123,65,64,7.04
1410,Uttar Pradesh,Kanpur,Rice,Kharif,2019,Alluvial,110,42,71,7.56
1411,Uttar Pradesh,Kanpur,Maize,Kharif,2019,Alluvial,92,32,27,7.44
1412,Uttar Pradesh,Kanpur,Cotton,Kharif,2019,Alluvial,90,54,62,7.08
1413,Uttar Pradesh,Varanasi,Wheat,Rabi,2019,Alluvial,26,19,2,5.08
1414,Uttar Pradesh,Varanasi,Rice,Kharif,2019,Alluvial,102,63,49,6.82
1415,Uttar Pradesh,Varanasi,Maize,Kharif,2019,Alluvial,17,18,5,4.32
1416,Uttar Pradesh,Varanasi,Cotton,Kharif,2019,Alluvial,44,50,42,7.42
1417,West Bengal,Hooghly,Wheat,Rabi,2019,Alluvial,121,65,26,6.65
1418,West Bengal,Hooghly,Rice,Kharif,2019,Alluvial,102,65,56,6.16
1419,West Bengal,Hooghly,Maize,Kharif,2019,Alluvial,79,38,32,5.75
1420,West Bengal,Hooghly,Cotton,Kharif,2019,Alluvial,113,58,41,6.81
1421,West Bengal,Bardhaman,Wheat,Rabi,2019,Clay Loam,110,68,23,6.24
1422,West Bengal,Bardhaman,Rice,Kharif,2019,Clay Loam,123,63,46,5.42
1423,West Bengal,Bardhaman,Maize,Kharif,2019,Clay Loam,28,11,10,4.47
1424,West Bengal,Bardhaman,Cotton,Kharif,2019,Clay Loam,69,25,66,5.93
1425,Maharashtra,Nashik,Wheat,Rabi,2019,Black Soil,113,54,26,7.9
1426,Maharashtra,Nashik,Rice,Kharif,2019,Black Soil,82,62,52,7.9
1427,Maharashtra,Nashik,Maize,Kharif,2019,Black Soil,68,45,5,7.51
1428,Maharashtra,Nashik,Cotton,Kharif,2019,Black Soil,56,13,34,8.14
1429,Maharashtra,Pune,Wheat,Rabi,2019,Black Soil,92,66,31,7.49
1430,Maharashtra,Pune,Rice,Kharif,2019,Black Soil,78,56,58,7.42
1431,Maharashtra,Pune,Maize,Kharif,2019,Black Soil,60,21,29,7.69
1432,Maharashtra,Pune,Cotton,Kharif,2019,Black Soil,64,45,14,7.49
1433,Tamil Nadu,Thanjavur,Wheat,Rabi,2019,Red Loam,123,57,53,6.9
1434,Tamil Nadu,Thanjavur,Rice,Kharif,2019,Red Loam,87,55,31,6.33
1435,Tamil Nadu,Thanjavur,Maize,Kharif,2019,Red Loam,91,52,26,7.12
1436,Tamil Nadu,Thanjavur,Cotton,Kharif,2019,Red Loam,50,44,41,6.99
1437,Andhra Pradesh,Kurnool,Wheat,Rabi,2019,Red Soil,129,80,40,7.33
1438,Andhra Pradesh,Kurnool,Rice,Kharif,2019,Red Soil,91,55,51,7.4
1439,Andhra Pradesh,Kurnool,Maize,Kharif,2019,Red Soil,20,14,8,4.31
1440,Andhra Pradesh,Kurnool,Cotton,Kharif,2019,Red Soil,63,47,24,6.91
1441,Punjab,Ludhiana,Wheat,Rabi,2020,Alluvial,89,48,39,7.18
1442,Punjab,Ludhiana,Rice,Kharif,2020,Alluvial,115,45,54,7.57
1443,Punjab,Ludhiana,Maize,Kharif,2020,Alluvial,134,40,19,7.41
1444,Punjab,Ludhiana,Cotton,Kharif,2020,Alluvial,103,27,47,7.58
1445,Punjab,Patiala,Wheat,Rabi,2020,Alluvial,136,71,45,7.49
1446,Punjab,Patiala,Rice,Kharif,2020,Alluvial,103,62,56,7.34
1447,Punjab,Patiala,Maize,Kharif,2020,Alluvial,78,43,34,7.88
1448,Punjab,Patiala,Cotton,Kharif,2020,Alluvial,12,17,0,5.44
1449,Uttar Pradesh,Kanpur,Wheat,Rabi,2020,Alluvial,105,64,40,6.77
1450,Uttar Pradesh,Kanpur,Rice,Kharif,2020,Alluvial,96,38,50,7.26
1451,Uttar Pradesh,Kanpur,Maize,Kharif,2020,Alluvial,82,44,40,6.84
1452,Uttar Pradesh,Kanpur,Cotton,Kharif,2020,Alluvial,82,39,40,7.13
1453,Uttar Pradesh,Varanasi,Wheat,Rabi,2020,Alluvial,27,16,11,4.25
1454,Uttar Pradesh,Varanasi,Rice,Kharif,2020,Alluvial,80,48,28,7.05
1455,Uttar Pradesh,Varanasi,Maize,Kharif,2020,Alluvial,29,4,0,4.28
1456,Uttar Pradesh,Varanasi,Cotton,Kharif,2020,Alluvial,40,51,40,6.94
1457,West Bengal,Hooghly,Wheat,Rabi,2020,Alluvial,87,50,53,6.7
1458,West Bengal,Hooghly,Rice,Kharif,2020,Alluvial,5,11,4,4.63
1459,West Bengal,Hooghly,Maize,Kharif,2020,Alluvial,75,36,19,6.18
1460,West Bengal,Hooghly,Cotton,Kharif,2020,Alluvial,83,53,45,6.38
1461,West Bengal,Bardhaman,Wheat,Rabi,2020,Clay Loam,107,51,31,5.76
1462,West Bengal,Bardhaman,Rice,Kharif,2020,Clay Loam,100,30,56,6.44
1463,West Bengal,Bardhaman,Maize,Kharif,2020,Clay Loam,79,39,28,6.32
1464,West Bengal,Bardhaman,Cotton,Kharif,2020,Clay Loam,29,7,11,4.51
1465,Maharashtra,Nashik,Wheat,Rabi,2020,Black Soil,137,57,34,8.11
1466,Maharashtra,Nashik,Rice,Kharif,2020,Black Soil,107,47,46,7.57
1467,Maharashtra,Nashik,Maize,Kharif,2020,Black Soil,118,38,15,7.64
1468,Maharashtra,Nashik,Cotton,Kharif,2020,Black Soil,20,6,0,4.91
1469,Maharashtra,Pune,Wheat,Rabi,2020,Black Soil,8,1,13,4.01
1470,Maharashtra,Pune,Rice,Kharif,2020,Black Soil,133,65,74,7.36
1471,Maharashtra,Pune,Maize,Kharif,2020,Black Soil,76,49,32,7.04
1472,Maharashtra,Pune,Cotton,Kharif,2020,Black Soil,62,34,11,7.71
1473,Tamil Nadu,Thanjavur,Wheat,Rabi,2020,Red Loam,141,56,50,7.22
1474,Tamil Nadu,Thanjavur,Rice,Kharif,2020,Red Loam,97,44,69,6.58
1475,Tamil Nadu,Thanjavur,Maize,Kharif,2020,Red Loam,122,50,21,6.35
1476,Tamil Nadu,Thanjavur,Cotton,Kharif,2020,Red Loam,90,40,49,6.5
1477,Andhra Pradesh,Kurnool,Wheat,Rabi,2020,Red Soil,96,48,41,7.3
1478,Andhra Pradesh,Kurnool,Rice,Kharif,2020,Red Soil,107,44,51,7.4
1479,Andhra Pradesh,Kurnool,Maize,Kharif,2020,Red Soil,88,45,34,7.02
1480,Andhra Pradesh,Kurnool,Cotton,Kharif,2020,Red Soil,91,46,21,7.22
1481,Punjab,Ludhiana,Wheat,Rabi,2021,Alluvial,123,53,43,7.49
1482,Punjab,Ludhiana,Rice,Kharif,2021,Alluvial,77,50,51,7.02
1483,Punjab,Ludhiana,Maize,Kharif,2021,Alluvial,140,42,9,7.57
1484,Punjab,Ludhiana,Cotton,Kharif,2021,Alluvial,64,44,22,7.57
1485,Punjab,Patiala,Wheat,Rabi,2021,Alluvial,14,6,13,4.02
1486,Punjab,Patiala,Rice,Kharif,2021,Alluvial,29,10,9,4.35
1487,Punjab,Patiala,Maize,Kharif,2021,Alluvial,77,30,31,7.58
1488,Punjab,Patiala,Cotton,Kharif,2021,Alluvial,78,56,58,7.23
1489,Uttar Pradesh,Kanpur,Wheat,Rabi,2021,Alluvial,113,75,48,7.46
1490,Uttar Pradesh,Kanpur,Rice,Kharif,2021,Alluvial,119,58,49,7.48
1491,Uttar Pradesh,Kanpur,Maize,Kharif,2021,Alluvial,112,38,33,6.98
1492,Uttar Pradesh,Kanpur,Cotton,Kharif,2021,Alluvial,84,34,54,7.3
1493,Uttar Pradesh,Varanasi,Wheat,Rabi,2021,Alluvial,104,61,42,6.64
1494,Uttar Pradesh,Varanasi,Rice,Kharif,2021,Alluvial,97,49,47,6.65
1495,Uttar Pradesh,Varanasi,Maize,Kharif,2021,Alluvial,82,56,10,7.39
1496,Uttar Pradesh,Varanasi,Cotton,Kharif,2021,Alluvial,81,38,41,7.05
1497,West Bengal,Hooghly,Wheat,Rabi,2021,Alluvial,95,65,34,6.46
1498,West Bengal,Hooghly,Rice,Kharif,2021,Alluvial,117,62,45,6.82
1499,West Bengal,Hooghly,Maize,Kharif,2021,Alluvial,68,55,14,6.99
1500,West Bengal,Hooghly,Cotton,Kharif,2021,Alluvial,42,28,23,6.54
1501,West Bengal,Bardhaman,Wheat,Rabi,2021,Clay Loam,140,52,56,6.13
1502,West Bengal,Bardhaman,Rice,Kharif,2021,Clay Loam,92,50,22,6.28
1503,West Bengal,Bardhaman,Maize,Kharif,2021,Clay Loam,112,43,29,6.05
1504,West Bengal,Bardhaman,Cotton,Kharif,2021,Clay Loam,65,37,43,6.27
1505,Maharashtra,Nashik,Wheat,Rabi,2021,Black Soil,122,55,47,7.71
1506,Maharashtra,Nashik,Rice,Kharif,2021,Black Soil,96,54,48,7.4
1507,Maharashtra,Nashik,Maize,Kharif,2021,Black Soil,109,35,33,8.5
1508,Maharashtra,Nashik,Cotton,Kharif,2021,Black Soil,85,22,66,8.07
1509,Maharashtra,Pune,Wheat,Rabi,2021,Black Soil,123,29,45,7.57
1510,Maharashtra,Pune,Rice,Kharif,2021,Black Soil,4,8,7,4.39
1511,Maharashtra,Pune,Maize,Kharif,2021,Black Soil,86,44,38,7.54
1512,Maharashtra,Pune,Cotton,Kharif,2021,Black Soil,86,21,16,7.75
1513,Tamil Nadu,Thanjavur,Wheat,Rabi,2021,Red Loam,123,79,52,6.62
1514,Tamil Nadu,Thanjavur,Rice,Kharif,2021,Red Loam,129,49,31,7.07
1515,Tamil Nadu,Thanjavur,Maize,Kharif,2021,Red Loam,31,45,30,6.94
1516,Tamil Nadu,Thanjavur,Cotton,Kharif,2021,Red Loam,78,31,49,6.71
1517,Andhra Pradesh,Kurnool,Wheat,Rabi,2021,Red Soil,159,62,49,6.83
1518,Andhra Pradesh,Kurnool,Rice,Kharif,2021,Red Soil,88,40,49,7.21
1519,Andhra Pradesh,Kurnool,Maize,Kharif,2021,Red Soil,105,55,32,6.92
1520,Andhra Pradesh,Kurnool,Cotton,Kharif,2021,Red Soil,50,37,52,6.64
1521,Punjab,Ludhiana,Wheat,Rabi,2022,Alluvial,152,52,34,7.03
1522,Punjab,Ludhiana,Rice,Kharif,2022,Alluvial,96,45,50,6.88
1523,Punjab,Ludhiana,Maize,Kharif,2022,Alluvial,82,38,12,7.13
1524,Punjab,Ludhiana,Cotton,Kharif,2022,Alluvial,113,35,46,7.05
1525,Punjab,Patiala,Wheat,Rabi,2022,Alluvial,115,42,48,7.06
1526,Punjab,Patiala,Rice,Kharif,2022,Alluvial,6,9,4,4.27
1527,Punjab,Patiala,Maize,Kharif,2022,Alluvial,87,44,37,7.67
1528,Punjab,Patiala,Cotton,Kharif,2022,Alluvial,63,58,49,8.12
1529,Uttar Pradesh,Kanpur,Wheat,Rabi,2022,Alluvial,103,49,41,7.5
1530,Uttar Pradesh,Kanpur,Rice,Kharif,2022,Alluvial,19,17,12,4.94
1531,Uttar Pradesh,Kanpur,Maize,Kharif,2022,Alluvial,81,33,35,7.16
1532,Uttar Pradesh,Kanpur,Cotton,Kharif,2022,Alluvial,96,26,30,6.91
1533,Uttar Pradesh,Varanasi,Wheat,Rabi,2022,Alluvial,146,73,43,6.74
1534,Uttar Pradesh,Varanasi,Rice,Kharif,2022,Alluvial,86,49,39,6.25
1535,Uttar Pradesh,Varanasi,Maize,Kharif,2022,Alluvial,29,7,7,4.53
1536,Uttar Pradesh,Varanasi,Cotton,Kharif,2022,Alluvial,19,0,8,5.3
1537,West Bengal,Hooghly,Wheat,Rabi,2022,Alluvial,20,16,3,4.63
1538,West Bengal,Hooghly,Rice,Kharif,2022,Alluvial,27,16,11,4.07
1539,West Bengal,Hooghly,Maize,Kharif,2022,Alluvial,94,36,17,6.6
1540,West Bengal,Hooghly,Cotton,Kharif,2022,Alluvial,105,42,28,6.1
1541,West Bengal,Bardhaman,Wheat,Rabi,2022,Clay Loam,151,65,29,6.39
1542,West Bengal,Bardhaman,Rice,Kharif,2022,Clay Loam,102,53,53,6.59
1543,West Bengal,Bardhaman,Maize,Kharif,2022,Clay Loam,22,17,4,4.96
1544,West Bengal,Bardhaman,Cotton,Kharif,2022,Clay Loam,85,34,33,6.46
1545,Maharashtra,Nashik,Wheat,Rabi,2022,Black Soil,152,63,30,7.62
1546,Maharashtra,Nashik,Rice,Kharif,2022,Black Soil,121,52,49,7.49
1547,Maharashtra,Nashik,Maize,Kharif,2022,Black Soil,86,46,32,8.0
1548,Maharashtra,Nashik,Cotton,Kharif,2022,Black Soil,4,2,6,5.19
1549,Maharashtra,Pune,Wheat,Rabi,2022,Black Soil,146,47,59,7.62
1550,Maharashtra,Pune,Rice,Kharif,2022,Black Soil,103,59,55,7.24
1551,Maharashtra,Pune,Maize,Kharif,2022,Black Soil,120,26,12,6.92
1552,Maharashtra,Pune,Cotton,Kharif,2022,Black Soil,87,45,38,7.48
1553,Tamil Nadu,Thanjavur,Wheat,Rabi,2022,Red Loam,148,45,42,6.71
1554,Tamil Nadu,Thanjavur,Rice,Kharif,2022,Red Loam,0,18,4,5.23
1555,Tamil Nadu,Thanjavur,Maize,Kharif,2022,Red Loam,91,54,30,6.62
1556,Tamil Nadu,Thanjavur,Cotton,Kharif,2022,Red Loam,75,40,41,6.44
1557,Andhra Pradesh,Kurnool,Wheat,Rabi,2022,Red Soil,3,11,13,4.75
1558,Andhra Pradesh,Kurnool,Rice,Kharif,2022,Red Soil,90,39,43,7.16
1559,Andhra Pradesh,Kurnool,Maize,Kharif,2022,Red Soil,117,36,39,7.17
1560,Andhra Pradesh,Kurnool,Cotton,Kharif,2022,Red Soil,2,0,13,4.35
1561,Punjab,Ludhiana,Wheat,Rabi,2023,Alluvial,120,74,34,7.42
1562,Punjab,Ludhiana,Rice,Kharif,2023,Alluvial,97,66,45,7.6
1563,Punjab,Ludhiana,Maize,Kharif,2023,Alluvial,63,24,24,7.52
1564,Punjab,Ludhiana,Cotton,Kharif,2023,Alluvial,55,39,41,8.23
1565,Punjab,Patiala,Wheat,Rabi,2023,Alluvial,112,46,39,7.11
1566,Punjab,Patiala,Rice,Kharif,2023,Alluvial,112,39,51,7.36
1567,Punjab,Patiala,Maize,Kharif,2023,Alluvial,103,47,28,7.41
1568,Punjab,Patiala,Cotton,Kharif,2023,Alluvial,28,3,9,4.37
1569,Uttar Pradesh,Kanpur,Wheat,Rabi,2023,Alluvial,96,52,48,7.54
1570,Uttar Pradesh,Kanpur,Rice,Kharif,2023,Alluvial,98,52,59,7.36
1571,Uttar Pradesh,Kanpur,Maize,Kharif,2023,Alluvial,18,6,5,5.15
1572,Uttar Pradesh,Kanpur,Cotton,Kharif,2023,Alluvial,70,44,45,7.37
1573,Uttar Pradesh,Varanasi,Wheat,Rabi,2023,Alluvial,96,67,41,7.3
1574,Uttar Pradesh,Varanasi,Rice,Kharif,2023,Alluvial,20,10,11,4.73
1575,Uttar Pradesh,Varanasi,Maize,Kharif,2023,Alluvial,68,43,30,7.17
1576,Uttar Pradesh,Varanasi,Cotton,Kharif,2023,Alluvial,80,44,56,6.91
1577,West Bengal,Hooghly,Wheat,Rabi,2023,Alluvial,131,56,43,6.3
1578,West Bengal,Hooghly,Rice,Kharif,2023,Alluvial,74,56,56,6.62
1579,West Bengal,Hooghly,Maize,Kharif,2023,Alluvial,81,42,43,6.51
1580,West Bengal,Hooghly,Cotton,Kharif,2023,Alluvial,79,52,29,5.55
1581,West Bengal,Bardhaman,Wheat,Rabi,2023,Clay Loam,89,64,39,6.64
1582,West Bengal,Bardhaman,Rice,Kharif,2023,Clay Loam,96,37,54,5.62
1583,West Bengal,Bardhaman,Maize,Kharif,2023,Clay Loam,72,31,45,6.12
1584,West Bengal,Bardhaman,Cotton,Kharif,2023,Clay Loam,95,20,46,5.96
1585,Maharashtra,Nashik,Wheat,Rabi,2023,Black Soil,119,46,46,7.74
1586,Maharashtra,Nashik,Rice,Kharif,2023,Black Soil,117,38,55,7.99
1587,Maharashtra,Nashik,Maize,Kharif,2023,Black Soil,94,56,28,7.54
1588,Maharashtra,Nashik,Cotton,Kharif,2023,Black Soil,68,44,13,8.56
1589,Maharashtra,Pune,Wheat,Rabi,2023,Black Soil,1,3,0,5.12
1590,Maharashtra,Pune,Rice,Kharif,2023,Black Soil,83,36,42,6.73
1591,Maharashtra,Pune,Maize,Kharif,2023,Black Soil,93,70,43,7.13
1592,Maharashtra,Pune,Cotton,Kharif,2023,Black Soil,29,0,12,5.18
1593,Tamil Nadu,Thanjavur,Wheat,Rabi,2023,Red Loam,144,66,41,6.92
1594,Tamil Nadu,Thanjavur,Rice,Kharif,2023,Red Loam,21,8,13,4.98
1595,Tamil Nadu,Thanjavur,Maize,Kharif,2023,Red Loam,14,2,6,4.53
1596,Tamil Nadu,Thanjavur,Cotton,Kharif,2023,Red Loam,59,36,46,7.08
1597,Andhra Pradesh,Kurnool,Wheat,Rabi,2023,Red Soil,29,15,5,4.87
1598,Andhra Pradesh,Kurnool,Rice,Kharif,2023,Red Soil,92,58,53,7.13
1599,Andhra Pradesh,Kurnool,Maize,Kharif,2023,Red Soil,97,35,32,6.71
1600,Andhra Pradesh,Kurnool,Cotton,Kharif,2023,Red Soil,36,49,44,6.99
1601,Punjab,Ludhiana,Wheat,Rabi,2019,Alluvial,9,12,5,5.39
1602,Punjab,Ludhiana,Rice,Kharif,2019,Alluvial,85,36,46,7.53
1603,Punjab,Ludhiana,Maize,Kharif,2019,Alluvial,111,41,34,7.38
1604,Punjab,Ludhiana,Cotton,Kharif,2019,Alluvial,66,37,30,7.74
1605,Punjab,Patiala,Wheat,Rabi,2019,Alluvial,78,50,44,6.93
1606,Punjab,Patiala,Rice,Kharif,2019,Alluvial,105,48,55,8.09
1607,Punjab,Patiala,Maize,Kharif,2019,Alluvial,76,37,21,6.88
1608,Punjab,Patiala,Cotton,Kharif,2019,Alluvial,71,35,22,7.5
1609,Uttar Pradesh,Kanpur,Wheat,Rabi,2019,Alluvial,116,56,40,7.29
1610,Uttar Pradesh,Kanpur,Rice,Kharif,2019,Alluvial,57,70,51,7.32
1611,Uttar Pradesh,Kanpur,Maize,Kharif,2019,Alluvial,53,50,30,6.82
1612,Uttar Pradesh,Kanpur,Cotton,Kharif,2019,Alluvial,94,45,47,7.92
1613,Uttar Pradesh,Varanasi,Wheat,Rabi,2019,Alluvial,103,61,55,6.84
1614,Uttar Pradesh,Varanasi,Rice,Kharif,2019,Alluvial,114,53,53,6.92
1615,Uttar Pradesh,Varanasi,Maize,Kharif,2019,Alluvial,10,17,5,4.3
1616,Uttar Pradesh,Varanasi,Cotton,Kharif,2019,Alluvial,112,33,39,6.87
1617,West Bengal,Hooghly,Wheat,Rabi,2019,Alluvial,137,62,41,6.51
1618,West Bengal,Hooghly,Rice,Kharif,2019,Alluvial,15,5,0,5.08
1619,West Bengal,Hooghly,Maize,Kharif,2019,Alluvial,75,39,42,6.55
1620,West Bengal,Hooghly,Cotton,Kharif,2019,Alluvial,77,36,48,6.16
1621,West Bengal,Bardhaman,Wheat,Rabi,2019,Clay Loam,129,70,40,6.44
1622,West Bengal,Bardhaman,Rice,Kharif,2019,Clay Loam,99,35,48,6.36
1623,West Bengal,Bardhaman,Maize,Kharif,2019,Clay Loam,83,30,23,6.38
1624,West Bengal,Bardhaman,Cotton,Kharif,2019,Clay Loam,82,40,44,6.45
1625,Maharashtra,Nashik,Wheat,Rabi,2019,Black Soil,111,54,46,7.61
1626,Maharashtra,Nashik,Rice,Kharif,2019,Black Soil,97,47,57,7.9
1627,Maharashtra,Nashik,Maize,Kharif,2019,Black Soil,89,22,31,7.55
1628,Maharashtra,Nashik,Cotton,Kharif,2019,Black Soil,78,40,47,8.09
1629,Maharashtra,Pune,Wheat,Rabi,2019,Black Soil,100,54,28,7.58
1630,Maharashtra,Pune,Rice,Kharif,2019,Black Soil,97,50,52,7.37
1631,Maharashtra,Pune,Maize,Kharif,2019,Black Soil,95,33,21,6.76
1632,Maharashtra,Pune,Cotton,Kharif,2019,Black Soil,63,49,36,7.35
1633,Tamil Nadu,Thanjavur,Wheat,Rabi,2019,Red Loam,122,73,47,6.82
1634,Tamil Nadu,Thanjavur,Rice,Kharif,2019,Red Loam,3,14,2,4.56
1635,Tamil Nadu,Thanjavur,Maize,Kharif,2019,Red Loam,39,35,34,6.98
1636,Tamil Nadu,Thanjavur,Cotton,Kharif,2019,Red Loam,74,62,43,7.0
1637,Andhra Pradesh,Kurnool,Wheat,Rabi,2019,Red Soil,113,69,39,6.92
1638,Andhra Pradesh,Kurnool,Rice,Kharif,2019,Red Soil,25,6,2,4.36
1639,Andhra Pradesh,Kurnool,Maize,Kharif,2019,Red Soil,8,11,6,4.52
1640,Andhra Pradesh,Kurnool,Cotton,Kharif,2019,Red Soil,63,36,31,6.92
1641,Punjab,Ludhiana,Wheat,Rabi,2020,Alluvial,139,72,65,7.04
1642,Punjab,Ludhiana,Rice,Kharif,2020,Alluvial,74,56,39,7.48
1643,Punjab,Ludhiana,Maize,Kharif,2020,Alluvial,79,55,34,6.95
1644,Punjab,Ludhiana,Cotton,Kharif,2020,Alluvial,95,47,30,7.49
1645,Punjab,Patiala,Wheat,Rabi,2020,Alluvial,113,57,52,7.36
1646,Punjab,Patiala,Rice,Kharif,2020,Alluvial,95,40,45,7.8
1647,Punjab,Patiala,Maize,Kharif,2020,Alluvial,70,41,29,7.44
1648,Punjab,Patiala,Cotton,Kharif,2020,Alluvial,45,52,38,7.3
1649,Uttar Pradesh,Kanpur,Wheat,Rabi,2020,Alluvial,106,56,47,6.88
1650,Uttar Pradesh,Kanpur,Rice,Kharif,2020,Alluvial,133,48,45,7.39
1651,Uttar Pradesh,Kanpur,Maize,Kharif,2020,Alluvial,97,34,38,6.71
1652,Uttar Pradesh,Kanpur,Cotton,Kharif,2020,Alluvial,15,1,1,4.33
1653,Uttar Pradesh,Varanasi,Wheat,Rabi,2020,Alluvial,83,51,50,6.78
1654,Uttar Pradesh,Varanasi,Rice,Kharif,2020,Alluvial,108,57,75,6.33
1655,Uttar Pradesh,Varanasi,Maize,Kharif,2020,Alluvial,103,38,30,6.73
1656,Uttar Pradesh,Varanasi,Cotton,Kharif,2020,Alluvial,53,18,33,7.05
1657,West Bengal,Hooghly,Wheat,Rabi,2020,Alluvial,129,57,33,6.56
1658,West Bengal,Hooghly,Rice,Kharif,2020,Alluvial,110,50,41,6.5
1659,West Bengal,Hooghly,Maize,Kharif,2020,Alluvial,101,33,38,6.27
1660,West Bengal,Hooghly,Cotton,Kharif,2020,Alluvial,68,28,40,6.14
1661,West Bengal,Bardhaman,Wheat,Rabi,2020,Clay Loam,90,55,26,6.44
1662,West Bengal,Bardhaman,Rice,Kharif,2020,Clay Loam,87,43,41,6.04
1663,West Bengal,Bardhaman,Maize,Kharif,2020,Clay Loam,129,51,28,6.06
1664,West Bengal,Bardhaman,Cotton,Kharif,2020,Clay Loam,12,2,14,4.71
1665,Maharashtra,Nashik,Wheat,Rabi,2020,Black Soil,108,56,41,8.25
1666,Maharashtra,Nashik,Rice,Kharif,2020,Black Soil,132,56,28,8.16
1667,Maharashtra,Nashik,Maize,Kharif,2020,Black Soil,87,32,26,7.68
1668,Maharashtra,Nashik,Cotton,Kharif,2020,Black Soil,12,10,6,5.12
1669,Maharashtra,Pune,Wheat,Rabi,2020,Black Soil,134,60,42,7.59
1670,Maharashtra,Pune,Rice,Kharif,2020,Black Soil,28,4,3,4.13
1671,Maharashtra,Pune,Maize,Kharif,2020,Black Soil,103,45,36,7.13
1672,Maharashtra,Pune,Cotton,Kharif,2020,Black Soil,66,33,48,7.51
1673,Tamil Nadu,Thanjavur,Wheat,Rabi,2020,Red Loam,107,73,42,6.75
1674,Tamil Nadu,Thanjavur,Rice,Kharif,2020,Red Loam,92,56,33,6.4
1675,Tamil Nadu,Thanjavur,Maize,Kharif,2020,Red Loam,43,35,43,6.51
1676,Tamil Nadu,Thanjavur,Cotton,Kharif,2020,Red Loam,50,47,40,6.25
1677,Andhra Pradesh,Kurnool,Wheat,Rabi,2020,Red Soil,114,60,46,7.43
1678,Andhra Pradesh,Kurnool,Rice,Kharif,2020,Red Soil,89,45,38,7.69
1679,Andhra Pradesh,Kurnool,Maize,Kharif,2020,Red Soil,64,56,33,7.45
1680,Andhra Pradesh,Kurnool,Cotton,Kharif,2020,Red Soil,110,42,45,7.0
1681,Punjab,Ludhiana,Wheat,Rabi,2021,Alluvial,0,4,13,4.62
1682,Punjab,Ludhiana,Rice,Kharif,2021,Alluvial,117,50,56,7.93
1683,Punjab,Ludhiana,Maize,Kharif,2021,Alluvial,8,6,14,4.42
1684,Punjab,Ludhiana,Cotton,Kharif,2021,Alluvial,78,54,51,7.51
1685,Punjab,Patiala,Wheat,Rabi,2021,Alluvial,136,80,29,7.5
1686,Punjab,Patiala,Rice,Kharif,2021,Alluvial,88,30,46,8.08
1687,Punjab,Patiala,Maize,Kharif,2021,Alluvial,25,9,3,4.36
1688,Punjab,Patiala,Cotton,Kharif,2021,Alluvial,78,30,40,7.16
1689,Uttar Pradesh,Kanpur,Wheat,Rabi,2021,Alluvial,123,67,40,6.48
1690,Uttar Pradesh,Kanpur,Rice,Kharif,2021,Alluvial,103,63,53,7.05
1691,Uttar Pradesh,Kanpur,Maize,Kharif,2021,Alluvial,78,32,12,6.79
1692,Uttar Pradesh,Kanpur,Cotton,Kharif,2021,Alluvial,86,29,57,7.36
1693,Uttar Pradesh,Varanasi,Wheat,Rabi,2021,Alluvial,116,59,34,6.98
1694,Uttar Pradesh,Varanasi,Rice,Kharif,2021,Alluvial,84,68,50,6.69
1695,Uttar Pradesh,Varanasi,Maize,Kharif,2021,Alluvial,85,43,27,7.19
1696,Uttar Pradesh,Varanasi,Cotton,Kharif,2021,Alluvial,64,33,35,6.64
1697,West Bengal,Hooghly,Wheat,Rabi,2021,Alluvial,118,56,36,6.71
1698,West Bengal,Hooghly,Rice,Kharif,2021,Alluvial,4,12,3,4.76
1699,West Bengal,Hooghly,Maize,Kharif,2021,Alluvial,3,9,2,5.47
1700,West Bengal,Hooghly,Cotton,Kharif,2021,Alluvial,76,29,45,6.4
1701,West Bengal,Bardhaman,Wheat,Rabi,2021,Clay Loam,81,62,34,6.14
1702,West Bengal,Bardhaman,Rice,Kharif,2021,Clay Loam,137,48,56,5.95
1703,West Bengal,Bardhaman,Maize,Kharif,2021,Clay Loam,46,42,38,5.82
1704,West Bengal,Bardhaman,Cotton,Kharif,2021,Clay Loam,45,40,23,5.45
1705,Maharashtra,Nashik,Wheat,Rabi,2021,Black Soil,94,61,43,8.01
1706,Maharashtra,Nashik,Rice,Kharif,2021,Black Soil,154,47,61,8.23
1707,Maharashtra,Nashik,Maize,Kharif,2021,Black Soil,121,22,28,7.55
1708,Maharashtra,Nashik,Cotton,Kharif,2021,Black Soil,68,23,38,7.81
1709,Maharashtra,Pune,Wheat,Rabi,2021,Black Soil,126,66,46,8.03
1710,Maharashtra,Pune,Rice,Kharif,2021,Black Soil,107,38,35,6.86
1711,Maharashtra,Pune,Maize,Kharif,2021,Black Soil,72,46,20,7.97
1712,Maharashtra,Pune,Cotton,Kharif,2021,Black Soil,104,52,36,6.96
1713,Tamil Nadu,Thanjavur,Wheat,Rabi,2021,Red Loam,105,50,43,6.53
1714,Tamil Nadu,Thanjavur,Rice,Kharif,2021,Red Loam,83,53,25,7.22
1715,Tamil Nadu,Thanjavur,Maize,Kharif,2021,Red Loam,62,35,28,6.29
1716,Tamil Nadu,Thanjavur,Cotton,Kharif,2021,Red Loam,89,50,24,7.12
1717,Andhra Pradesh,Kurnool,Wheat,Rabi,2021,Red Soil,80,53,38,6.77
1718,Andhra Pradesh,Kurnool,Rice,Kharif,2021,Red Soil,125,54,47,6.83
1719,Andhra Pradesh,Kurnool,Maize,Kharif,2021,Red Soil,25,4,10,4.81
1720,Andhra Pradesh,Kurnool,Cotton,Kharif,2021,Red Soil,81,49,23,7.18
1721,Punjab,Ludhiana,Wheat,Rabi,2022,Alluvial,11,10,8,5.09
1722,Punjab,Ludhiana,Rice,Kharif,2022,Alluvial,73,57,50,6.94
1723,Punjab,Ludhiana,Maize,Kharif,2022,Alluvial,65,35,31,7.21
1724,Punjab,Ludhiana,Cotton,Kharif,2022,Alluvial,71,60,31,8.03
1725,Punjab,Patiala,Wheat,Rabi,2022,Alluvial,104,63,40,8.14
1726,Punjab,Patiala,Rice,Kharif,2022,Alluvial,133,56,52,7.75
1727,Punjab,Patiala,Maize,Kharif,2022,Alluvial,73,57,31,8.12
1728,Punjab,Patiala,Cotton,Kharif,2022,Alluvial,60,45,48,7.65
1729,Uttar Pradesh,Kanpur,Wheat,Rabi,2022,Alluvial,106,49,25,7.03
1730,Uttar Pradesh,Kanpur,Rice,Kharif,2022,Alluvial,103,60,54,6.94
1731,Uttar Pradesh,Kanpur,Maize,Kharif,2022,Alluvial,88,56,13,7.49
1732,Uttar Pradesh,Kanpur,Cotton,Kharif,2022,Alluvial,13,6,6,4.39
1733,Uttar Pradesh,Varanasi,Wheat,Rabi,2022,Alluvial,99,68,48,7.29
1734,Uttar Pradesh,Varanasi,Rice,Kharif,2022,Alluvial,91,27,50,7.26
1735,Uttar Pradesh,Varanasi,Maize,Kharif,2022,Alluvial,76,40,40,7.79
1736,Uttar Pradesh,Varanasi,Cotton,Kharif,2022,Alluvial,94,30,39,7.23
1737,West Bengal,Hooghly,Wheat,Rabi,2022,Alluvial,130,61,44,7.01
1738,West Bengal,Hooghly,Rice,Kharif,2022,Alluvial,0,11,11,4.81
1739,West Bengal,Hooghly,Maize,Kharif,2022,Alluvial,74,39,28,6.73
1740,West Bengal,Hooghly,Cotton,Kharif,2022,Alluvial,76,31,40,6.72
1741,West Bengal,Bardhaman,Wheat,Rabi,2022,Clay Loam,19,18,3,5.0
1742,West Bengal,Bardhaman,Rice,Kharif,2022,Clay Loam,121,38,53,5.94
1743,West Bengal,Bardhaman,Maize,Kharif,2022,Clay Loam,97,48,21,6.37
1744,West Bengal,Bardhaman,Cotton,Kharif,2022,Clay Loam,84,49,52,5.77
1745,Maharashtra,Nashik,Wheat,Rabi,2022,Black Soil,156,51,28,8.13
1746,Maharashtra,Nashik,Rice,Kharif,2022,Black Soil,99,28,48,8.2
1747,Maharashtra,Nashik,Maize,Kharif,2022,Black Soil,28,3,3,4.4
1748,Maharashtra,Nashik,Cotton,Kharif,2022,Black Soil,94,44,38,7.52
1749,Maharashtra,Pune,Wheat,Rabi,2022,Black Soil,81,68,26,6.97
1750,Maharashtra,Pune,Rice,Kharif,2022,Black Soil,82,51,46,7.1
1751,Maharashtra,Pune,Maize,Kharif,2022,Black Soil,71,55,31,7.82
1752,Maharashtra,Pune,Cotton,Kharif,2022,Black Soil,79,52,50,7.18
1753,Tamil Nadu,Thanjavur,Wheat,Rabi,2022,Red Loam,109,56,25,7.11
1754,Tamil Nadu,Thanjavur,Rice,Kharif,2022,Red Loam,28,17,8,4.82
1755,Tamil Nadu,Thanjavur,Maize,Kharif,2022,Red Loam,52,35,16,6.53
1756,Tamil Nadu,Thanjavur,Cotton,Kharif,2022,Red Loam,107,44,47,6.29
1757,Andhra Pradesh,Kurnool,Wheat,Rabi,2022,Red Soil,102,62,36,7.04
1758,Andhra Pradesh,Kurnool,Rice,Kharif,2022,Red Soil,7,13,1,4.17
1759,Andhra Pradesh,Kurnool,Maize,Kharif,2022,Red Soil,103,35,33,7.25
1760,Andhra Pradesh,Kurnool,Cotton,Kharif,2022,Red Soil,68,36,66,7.19
1761,Punjab,Ludhiana,Wheat,Rabi,2023,Alluvial,112,49,43,7.1
1762,Punjab,Ludhiana,Rice,Kharif,2023,Alluvial,18,1,13,4.79
1763,Punjab,Ludhiana,Maize,Kharif,2023,Alluvial,82,35,30,7.67
1764,Punjab,Ludhiana,Cotton,Kharif,2023,Alluvial,81,48,49,7.12
1765,Punjab,Patiala,Wheat,Rabi,2023,Alluvial,90,57,54,7.75
1766,Punjab,Patiala,Rice,Kharif,2023,Alluvial,8,4,6,5.36
1767,Punjab,Patiala,Maize,Kharif,2023,Alluvial,27,11,5,5.13
1768,Punjab,Patiala,Cotton,Kharif,2023,Alluvial,104,46,29,7.55
1769,Uttar Pradesh,Kanpur,Wheat,Rabi,2023,Alluvial,139,56,53,7.05
1770,Uttar Pradesh,Kanpur,Rice,Kharif,2023,Alluvial,102,37,57,7.25
1771,Uttar Pradesh,Kanpur,Maize,Kharif,2023,Alluvial,108,30,28,7.16
1772,Uttar Pradesh,Kanpur,Cotton,Kharif,2023,Alluvial,105,38,24,7.83
1773,Uttar Pradesh,Varanasi,Wheat,Rabi,2023,Alluvial,113,81,24,6.41
1774,Uttar Pradesh,Varanasi,Rice,Kharif,2023,Alluvial,113,31,61,6.41
1775,Uttar Pradesh,Varanasi,Maize,Kharif,2023,Alluvial,76,38,40,7.11
1776,Uttar Pradesh,Varanasi,Cotton,Kharif,2023,Alluvial,51,27,44,7.51
1777,West Bengal,Hooghly,Wheat,Rabi,2023,Alluvial,154,50,48,6.54
1778,West Bengal,Hooghly,Rice,Kharif,2023,Alluvial,83,57,42,6.61
1779,West Bengal,Hooghly,Maize,Kharif,2023,Alluvial,77,21,33,6.61
1780,West Bengal,Hooghly,Cotton,Kharif,2023,Alluvial,75,42,23,6.67
1781,West Bengal,Bardhaman,Wheat,Rabi,2023,Clay Loam,99,45,26,6.24
1782,West Bengal,Bardhaman,Rice,Kharif,2023,Clay Loam,110,59,36,5.91
1783,West Bengal,Bardhaman,Maize,Kharif,2023,Clay Loam,78,17,33,6.12
1784,West Bengal,Bardhaman,Cotton,Kharif,2023,Clay Loam,59,46,23,6.4
1785,Maharashtra,Nashik,Wheat,Rabi,2023,Black Soil,9,3,2,5.14
1786,Maharashtra,Nashik,Rice,Kharif,2023,Black Soil,63,56,60,7.53
1787,Maharashtra,Nashik,Maize,Kharif,2023,Black Soil,48,47,32,7.5
1788,Maharashtra,Nashik,Cotton,Kharif,2023,Black Soil,82,30,49,8.0
1789,Maharashtra,Pune,Wheat,Rabi,2023,Black Soil,12,6,10,4.32
1790,Maharashtra,Pune,Rice,Kharif,2023,Black Soil,94,50,52,7.67
1791,Maharashtra,Pune,Maize,Kharif,2023,Black Soil,58,32,26,7.54
1792,Maharashtra,Pune,Cotton,Kharif,2023,Black Soil,86,48,22,7.44
1793,Tamil Nadu,Thanjavur,Wheat,Rabi,2023,Red Loam,120,65,44,7.26
1794,Tamil Nadu,Thanjavur,Rice,Kharif,2023,Red Loam,116,44,45,6.53
1795,Tamil Nadu,Thanjavur,Maize,Kharif,2023,Red Loam,121,43,35,6.8
1796,Tamil Nadu,Thanjavur,Cotton,Kharif,2023,Red Loam,24,2,13,5.3
1797,Andhra Pradesh,Kurnool,Wheat,Rabi,2023,Red Soil,148,56,46,7.08
1798,Andhra Pradesh,Kurnool,Rice,Kharif,2023,Red Soil,97,36,71,6.96
1799,Andhra Pradesh,Kurnool,Maize,Kharif,2023,Red Soil,76,40,33,6.98
1800,Andhra Pradesh,Kurnool,Cotton,Kharif,2023,Red Soil,108,37,31,7.18
1801,Punjab,Ludhiana,Wheat,Rabi,2019,Alluvial,97,56,44,6.96
1802,Punjab,Ludhiana,Rice,Kharif,2019,Alluvial,98,32,41,7.46
1803,Punjab,Ludhiana,Maize,Kharif,2019,Alluvial,104,56,41,7.35
1804,Punjab,Ludhiana,Cotton,Kharif,2019,Alluvial,51,37,16,7.46
1805,Punjab,Patiala,Wheat,Rabi,2019,Alluvial,1,15,8,5.14
1806,Punjab,Patiala,Rice,Kharif,2019,Alluvial,29,6,1,4.3
1807,Punjab,Patiala,Maize,Kharif,2019,Alluvial,83,24,30,7.56
1808,Punjab,Patiala,Cotton,Kharif,2019,Alluvial,91,30,51,7.66
1809,Uttar Pradesh,Kanpur,Wheat,Rabi,2019,Alluvial,133,59,43,6.92
1810,Uttar Pradesh,Kanpur,Rice,Kharif,2019,Alluvial,116,43,58,6.39
1811,Uttar Pradesh,Kanpur,Maize,Kharif,2019,Alluvial,80,42,43,7.59
1812,Uttar Pradesh,Kanpur,Cotton,Kharif,2019,Alluvial,80,31,33,7.04
1813,Uttar Pradesh,Varanasi,Wheat,Rabi,2019,Alluvial,94,62,32,6.47
1814,Uttar Pradesh,Varanasi,Rice,Kharif,2019,Alluvial,95,54,55,6.68
1815,Uttar Pradesh,Varanasi,Maize,Kharif,2019,Alluvial,88,47,28,7.36
1816,Uttar Pradesh,Varanasi,Cotton,Kharif,2019,Alluvial,13,15,10,4.95
1817,West Bengal,Hooghly,Wheat,Rabi,2019,Alluvial,149,70,39,7.02
1818,West Bengal,Hooghly,Rice,Kharif,2019,Alluvial,50,36,34,6.58
1819,West Bengal,Hooghly,Maize,Kharif,2019,Alluvial,93,46,35,6.74
1820,West Bengal,Hooghly,Cotton,Kharif,2019,Alluvial,72,24,32,6.7
1821,West Bengal,Bardhaman,Wheat,Rabi,2019,Clay Loam,8,15,13,4.33
1822,West Bengal,Bardhaman,Rice,Kharif,2019,Clay Loam,141,51,58,6.14
1823,West Bengal,Bardhaman,Maize,Kharif,2019,Clay Loam,70,58,37,6.33
1824,West Bengal,Bardhaman,Cotton,Kharif,2019,Clay Loam,97,43,48,6.15
1825,Maharashtra,Nashik,Wheat,Rabi,2019,Black Soil,111,67,51,8.16
1826,Maharashtra,Nashik,Rice,Kharif,2019,Black Soil,130,65,47,8.17
1827,Maharashtra,Nashik,Maize,Kharif,2019,Black Soil,95,35,23,7.62
1828,Maharashtra,Nashik,Cotton,Kharif,2019,Black Soil,51,41,20,7.36
1829,Maharashtra,Pune,Wheat,Rabi,2019,Black Soil,108,52,39,7.16
1830,Maharashtra,Pune,Rice,Kharif,2019,Black Soil,0,16,2,4.91
1831,Maharashtra,Pune,Maize,Kharif,2019,Black Soil,87,58,21,8.23
1832,Maharashtra,Pune,Cotton,Kharif,2019,Black Soil,60,34,49,7.26
1833,Tamil Nadu,Thanjavur,Wheat,Rabi,2019,Red Loam,120,53,48,6.55
1834,Tamil Nadu,Thanjavur,Rice,Kharif,2019,Red Loam,105,30,49,6.56
1835,Tamil Nadu,Thanjavur,Maize,Kharif,2019,Red Loam,121,26,21,6.97
1836,Tamil Nadu,Thanjavur,Cotton,Kharif,2019,Red Loam,79,56,55,6.32
1837,Andhra Pradesh,Kurnool,Wheat,Rabi,2019,Red Soil,3,2,9,4.29
1838,Andhra Pradesh,Kurnool,Rice,Kharif,2019,Red Soil,85,38,49,6.66
1839,Andhra Pradesh,Kurnool,Maize,Kharif,2019,Red Soil,84,30,24,6.89
1840,Andhra Pradesh,Kurnool,Cotton,Kharif,2019,Red Soil,29,4,11,4.51
1841,Punjab,Ludhiana,Wheat,Rabi,2020,Alluvial,158,77,39,7.48
1842,Punjab,Ludhiana,Rice,Kharif,2020,Alluvial,85,39,47,7.08
1843,Punjab,Ludhiana,Maize,Kharif,2020,Alluvial,56,48,34,7.83
1844,Punjab,Ludhiana,Cotton,Kharif,2020,Alluvial,53,52,27,7.6
1845,Punjab,Patiala,Wheat,Rabi,2020,Alluvial,115,56,47,7.2
1846,Punjab,Patiala,Rice,Kharif,2020,Alluvial,64,56,50,7.6
1847,Punjab,Patiala,Maize,Kharif,2020,Alluvial,78,44,26,7.66
1848,Punjab,Patiala,Cotton,Kharif,2020,Alluvial,20,9,1,4.32
1849,Uttar Pradesh,Kanpur,Wheat,Rabi,2020,Alluvial,125,62,32,7.71
1850,Uttar Pradesh,Kanpur,Rice,Kharif,2020,Alluvial,20,0,13,4.17
1851,Uttar Pradesh,Kanpur,Maize,Kharif,2020,Alluvial,62,39,29,7.38
1852,Uttar Pradesh,Kanpur,Cotton,Kharif,2020,Alluvial,74,37,39,7.08
1853,Uttar Pradesh,Varanasi,Wheat,Rabi,2020,Alluvial,130,67,47,7.48
1854,Uttar Pradesh,Varanasi,Rice,Kharif,2020,Alluvial,100,54,53,7.67
1855,Uttar Pradesh,Varanasi,Maize,Kharif,2020,Alluvial,18,16,2,4.89
1856,Uttar Pradesh,Varanasi,Cotton,Kharif,2020,Alluvial,52,34,45,6.71
1857,West Bengal,Hooghly,Wheat,Rabi,2020,Alluvial,112,40,50,6.41
1858,West Bengal,Hooghly,Rice,Kharif,2020,Alluvial,109,34,57,6.33
1859,West Bengal,Hooghly,Maize,Kharif,2020,Alluvial,96,50,25,6.7
1860,West Bengal,Hooghly,Cotton,Kharif,2020,Alluvial,110,45,32,6.54
1861,West Bengal,Bardhaman,Wheat,Rabi,2020,Clay Loam,81,66,48,6.6
1862,West Bengal,Bardhaman,Rice,Kharif,2020,Clay Loam,111,48,53,6.57
1863,West Bengal,Bardhaman,Maize,Kharif,2020,Clay Loam,64,40,47,6.26
1864,West Bengal,Bardhaman,Cotton,Kharif,2020,Clay Loam,134,39,31,5.78
1865,Maharashtra,Nashik,Wheat,Rabi,2020,Black Soil,19,5,13,4.73
1866,Maharashtra,Nashik,Rice,Kharif,2020,Black Soil,103,31,40,7.53
1867,Maharashtra,Nashik,Maize,Kharif,2020,Black Soil,96,31,36,7.67
1868,Maharashtra,Nashik,Cotton,Kharif,2020,Black Soil,79,45,40,8.2
1869,Maharashtra,Pune,Wheat,Rabi,2020,Black Soil,84,56,45,7.3
1870,Maharashtra,Pune,Rice,Kharif,2020,Black Soil,127,33,47,7.35
1871,Maharashtra,Pune,Maize,Kharif,2020,Black Soil,120,53,22,7.71
1872,Maharashtra,Pune,Cotton,Kharif,2020,Black Soil,38,32,51,7.41
1873,Tamil Nadu,Thanjavur,Wheat,Rabi,2020,Red Loam,14,14,7,5.31
1874,Tamil Nadu,Thanjavur,Rice,Kharif,2020,Red Loam,127,53,61,6.51
1875,Tamil Nadu,Thanjavur,Maize,Kharif,2020,Red Loam,94,40,55,7.32
1876,Tamil Nadu,Thanjavur,Cotton,Kharif,2020,Red Loam,78,49,47,6.89
1877,Andhra Pradesh,Kurnool,Wheat,Rabi,2020,Red Soil,122,76,48,6.88
1878,Andhra Pradesh,Kurnool,Rice,Kharif,2020,Red Soil,74,45,50,7.27
1879,Andhra Pradesh,Kurnool,Maize,Kharif,2020,Red Soil,130,60,18,7.1
1880,Andhra Pradesh,Kurnool,Cotton,Kharif,2020,Red Soil,59,56,42,7.32
1881,Punjab,Ludhiana,Wheat,Rabi,2021,Alluvial,109,52,30,7.12
1882,Punjab,Ludhiana,Rice,Kharif,2021,Alluvial,97,50,30,6.96
1883,Punjab,Ludhiana,Maize,Kharif,2021,Alluvial,98,44,32,7.27
1884,Punjab,Ludhiana,Cotton,Kharif,2021,Alluvial,68,64,59,7.4
1885,Punjab,Patiala,Wheat,Rabi,2021,Alluvial,12,0,4,4.81
1886,Punjab,Patiala,Rice,Kharif,2021,Alluvial,83,54,47,7.55
1887,Punjab,Patiala,Maize,Kharif,2021,Alluvial,27,9,11,4.55
1888,Punjab,Patiala,Cotton,Kharif,2021,Alluvial,104,29,50,7.91
1889,Uttar Pradesh,Kanpur,Wheat,Rabi,2021,Alluvial,116,59,26,7.41
1890,Uttar Pradesh,Kanpur,Rice,Kharif,2021,Alluvial,90,53,54,6.29
1891,Uttar Pradesh,Kanpur,Maize,Kharif,2021,Alluvial,75,35,19,6.86
1892,Uttar Pradesh,Kanpur,Cotton,Kharif,2021,Alluvial,87,21,46,7.16
1893,Uttar Pradesh,Varanasi,Wheat,Rabi,2021,Alluvial,112,72,40,6.54
1894,Uttar Pradesh,Varanasi,Rice,Kharif,2021,Alluvial,104,53,49,6.48
1895,Uttar Pradesh,Varanasi,Maize,Kharif,2021,Alluvial,75,45,17,6.75
1896,Uttar Pradesh,Varanasi,Cotton,Kharif,2021,Alluvial,24,7,9,5.09
1897,West Bengal,Hooghly,Wheat,Rabi,2021,Alluvial,114,52,46,6.82
1898,West Bengal,Hooghly,Rice,Kharif,2021,Alluvial,90,55,37,7.09
1899,West Bengal,Hooghly,Maize,Kharif,2021,Alluvial,108,36,22,6.43
1900,West Bengal,Hooghly,Cotton,Kharif,2021,Alluvial,86,42,59,6.41
1901,West Bengal,Bardhaman,Wheat,Rabi,2021,Clay Loam,130,63,53,6.01
1902,West Bengal,Bardhaman,Rice,Kharif,2021,Clay Loam,96,59,47,6.4
1903,West Bengal,Bardhaman,Maize,Kharif,2021,Clay Loam,55,47,20,6.19
1904,West Bengal,Bardhaman,Cotton,Kharif,2021,Clay Loam,100,31,34,5.77
1905,Maharashtra,Nashik,Wheat,Rabi,2021,Black Soil,120,55,42,7.57
1906,Maharashtra,Nashik,Rice,Kharif,2021,Black Soil,155,72,63,7.97
1907,Maharashtra,Nashik,Maize,Kharif,2021,Black Soil,113,35,34,7.48
1908,Maharashtra,Nashik,Cotton,Kharif,2021,Black Soil,21,3,1,4.36
1909,Maharashtra,Pune,Wheat,Rabi,2021,Black Soil,100,71,34,6.93
1910,Maharashtra,Pune,Rice,Kharif,2021,Black Soil,118,46,37,7.88
1911,Maharashtra,Pune,Maize,Kharif,2021,Black Soil,90,48,24,6.85
1912,Maharashtra,Pune,Cotton,Kharif,2021,Black Soil,68,36,36,7.31
1913,Tamil Nadu,Thanjavur,Wheat,Rabi,2021,Red Loam,5,1,5,4.75
1914,Tamil Nadu,Thanjavur,Rice,Kharif,2021,Red Loam,142,55,49,6.83
1915,Tamil Nadu,Thanjavur,Maize,Kharif,2021,Red Loam,103,42,22,6.56
1916,Tamil Nadu,Thanjavur,Cotton,Kharif,2021,Red Loam,70,38,26,6.87
1917,Andhra Pradesh,Kurnool,Wheat,Rabi,2021,Red Soil,123,59,32,7.4
1918,Andhra Pradesh,Kurnool,Rice,Kharif,2021,Red Soil,17,3,5,4.52
1919,Andhra Pradesh,Kurnool,Maize,Kharif,2021,Red Soil,1,9,14,4.17
1920,Andhra Pradesh,Kurnool,Cotton,Kharif,2021,Red Soil,15,13,8,5.25
1921,Punjab,Ludhiana,Wheat,Rabi,2022,Alluvial,143,44,39,7.7
1922,Punjab,Ludhiana,Rice,Kharif,2022,Alluvial,11,6,10,5.11
1923,Punjab,Ludhiana,Maize,Kharif,2022,Alluvial,28,16,2,4.61
1924,Punjab,Ludhiana,Cotton,Kharif,2022,Alluvial,22,7,3,4.56
1925,Punjab,Patiala,Wheat,Rabi,2022,Alluvial,118,71,46,7.59
1926,Punjab,Patiala,Rice,Kharif,2022,Alluvial,116,54,58,7.63
1927,Punjab,Patiala,Maize,Kharif,2022,Alluvial,76,24,19,7.9
1928,Punjab,Patiala,Cotton,Kharif,2022,Alluvial,19,5,2,5.4
1929,Uttar Pradesh,Kanpur,Wheat,Rabi,2022,Alluvial,79,60,36,6.91
1930,Uttar Pradesh,Kanpur,Rice,Kharif,2022,Alluvial,83,44,41,6.98
1931,Uttar Pradesh,Kanpur,Maize,Kharif,2022,Alluvial,94,52,21,6.93
1932,Uttar Pradesh,Kanpur,Cotton,Kharif,2022,Alluvial,58,36,54,6.65
1933,Uttar Pradesh,Varanasi,Wheat,Rabi,2022,Alluvial,124,72,22,6.88
1934,Uttar Pradesh,Varanasi,Rice,Kharif,2022,Alluvial,121,46,65,6.36
1935,Uttar Pradesh,Varanasi,Maize,Kharif,2022,Alluvial,103,30,24,7.34
1936,Uttar Pradesh,Varanasi,Cotton,Kharif,2022,Alluvial,63,32,37,5.92
1937,West Bengal,Hooghly,Wheat,Rabi,2022,Alluvial,155,56,33,6.63
1938,West Bengal,Hooghly,Rice,Kharif,2022,Alluvial,129,48,56,6.94
1939,West Bengal,Hooghly,Maize,Kharif,2022,Alluvial,67,48,40,6.7
1940,West Bengal,Hooghly,Cotton,Kharif,2022,Alluvial,65,31,43,6.1
1941,West Bengal,Bardhaman,Wheat,Rabi,2022,Clay Loam,130,53,29,6.05
1942,West Bengal,Bardhaman,Rice,Kharif,2022,Clay Loam,132,35,37,5.72
1943,West Bengal,Bardhaman,Maize,Kharif,2022,Clay Loam,6,10,0,4.38
1944,West Bengal,Bardhaman,Cotton,Kharif,2022,Clay Loam,90,29,57,6.1
1945,Maharashtra,Nashik,Wheat,Rabi,2022,Black Soil,136,60,43,8.04
1946,Maharashtra,Nashik,Rice,Kharif,2022,Black Soil,146,63,35,8.04
1947,Maharashtra,Nashik,Maize,Kharif,2022,Black Soil,119,46,41,8.07
1948,Maharashtra,Nashik,Cotton,Kharif,2022,Black Soil,88,43,42,7.61
1949,Maharashtra,Pune,Wheat,Rabi,2022,Black Soil,84,61,40,7.53
1950,Maharashtra,Pune,Rice,Kharif,2022,Black Soil,84,51,48,7.73
1951,Maharashtra,Pune,Maize,Kharif,2022,Black Soil,73,31,23,7.26
1952,Maharashtra,Pune,Cotton,Kharif,2022,Black Soil,114,20,49,7.72
1953,Tamil Nadu,Thanjavur,Wheat,Rabi,2022,Red Loam,24,14,10,4.15
1954,Tamil Nadu,Thanjavur,Rice,Kharif,2022,Red Loam,0,7,2,4.84
1955,Tamil Nadu,Thanjavur,Maize,Kharif,2022,Red Loam,133,37,26,6.78
1956,Tamil Nadu,Thanjavur,Cotton,Kharif,2022,Red Loam,109,38,31,6.73
1957,Andhra Pradesh,Kurnool,Wheat,Rabi,2022,Red Soil,100,63,45,6.8
1958,Andhra Pradesh,Kurnool,Rice,Kharif,2022,Red Soil,110,39,65,6.89
1959,Andhra Pradesh,Kurnool,Maize,Kharif,2022,Red Soil,113,55,49,7.96
1960,Andhra Pradesh,Kurnool,Cotton,Kharif,2022,Red Soil,86,39,33,7.08
1961,Punjab,Ludhiana,Wheat,Rabi,2023,Alluvial,146,65,37,7.45
1962,Punjab,Ludhiana,Rice,Kharif,2023,Alluvial,89,48,51,7.36
1963,Punjab,Ludhiana,Maize,Kharif,2023,Alluvial,79,51,29,7.43
1964,Punjab,Ludhiana,Cotton,Kharif,2023,Alluvial,91,40,19,7.29
1965,Punjab,Patiala,Wheat,Rabi,2023,Alluvial,135,47,52,7.5
1966,Punjab,Patiala,Rice,Kharif,2023,Alluvial,70,36,55,7.87
1967,Punjab,Patiala,Maize,Kharif,2023,Alluvial,66,20,32,7.17
1968,Punjab,Patiala,Cotton,Kharif,2023,Alluvial,96,45,51,7.34
1969,Uttar Pradesh,Kanpur,Wheat,Rabi,2023,Alluvial,126,59,61,7.23
1970,Uttar Pradesh,Kanpur,Rice,Kharif,2023,Alluvial,114,45,39,7.29
1971,Uttar Pradesh,Kanpur,Maize,Kharif,2023,Alluvial,106,40,33,6.9
1972,Uttar Pradesh,Kanpur,Cotton,Kharif,2023,Alluvial,69,30,39,6.96
1973,Uttar Pradesh,Varanasi,Wheat,Rabi,2023,Alluvial,114,72,39,7.49
1974,Uttar Pradesh,Varanasi,Rice,Kharif,2023,Alluvial,0,2,9,4.85
1975,Uttar Pradesh,Varanasi,Maize,Kharif,2023,Alluvial,122,26,36,7.2
1976,Uttar Pradesh,Varanasi,Cotton,Kharif,2023,Alluvial,77,39,36,7.4
1977,West Bengal,Hooghly,Wheat,Rabi,2023,Alluvial,109,83,47,6.44
1978,West Bengal,Hooghly,Rice,Kharif,2023,Alluvial,77,50,33,6.52
1979,West Bengal,Hooghly,Maize,Kharif,2023,Alluvial,43,33,44,6.11
1980,West Bengal,Hooghly,Cotton,Kharif,2023,Alluvial,18,6,0,5.33
1981,West Bengal,Bardhaman,Wheat,Rabi,2023,Clay Loam,132,47,40,5.88
1982,West Bengal,Bardhaman,Rice,Kharif,2023,Clay Loam,18,19,4,4.18
1983,West Bengal,Bardhaman,Maize,Kharif,2023,Clay Loam,98,20,32,6.01
1984,West Bengal,Bardhaman,Cotton,Kharif,2023,Clay Loam,38,41,39,6.54
1985,Maharashtra,Nashik,Wheat,Rabi,2023,Black Soil,127,42,38,7.35
1986,Maharashtra,Nashik,Rice,Kharif,2023,Black Soil,78,58,48,7.65
1987,Maharashtra,Nashik,Maize,Kharif,2023,Black Soil,112,52,29,7.62
1988,Maharashtra,Nashik,Cotton,Kharif,2023,Black Soil,79,48,51,7.92
1989,Maharashtra,Pune,Wheat,Rabi,2023,Black Soil,116,50,42,7.26
1990,Maharashtra,Pune,Rice,Kharif,2023,Black Soil,108,49,46,7.77
1991,Maharashtra,Pune,Maize,Kharif,2023,Black Soil,92,37,11,8.29
1992,Maharashtra,Pune,Cotton,Kharif,2023,Black Soil,67,32,25,7.36
1993,Tamil Nadu,Thanjavur,Wheat,Rabi,2023,Red Loam,20,3,11,4.38
1994,Tamil Nadu,Thanjavur,Rice,Kharif,2023,Red Loam,21,18,6,4.73
1995,Tamil Nadu,Thanjavur,Maize,Kharif,2023,Red Loam,76,43,27,7.18
1996,Tamil Nadu,Thanjavur,Cotton,Kharif,2023,Red Loam,70,51,56,7.26
1997,Andhra Pradesh,Kurnool,Wheat,Rabi,2023,Red Soil,93,59,53,7.12
1998,Andhra Pradesh,Kurnool,Rice,Kharif,2023,Red Soil,98,50,51,7.4
1999,Andhra Pradesh,Kurnool,Maize,Kharif,2023,Red Soil,90,62,17,7.09
2000,Andhra Pradesh,Kurnool,Cotton,Kharif,2023,Red Soil,92,24,29,7.2
2001,Punjab,Ludhiana,Wheat,Rabi,2019,Alluvial,130,68,38,7.16
2002,Punjab,Ludhiana,Rice,Kharif,2019,Alluvial,110,54,59,7.26
2003,Punjab,Ludhiana,Maize,Kharif,2019,Alluvial,27,40,43,7.09
2004,Punjab,Ludhiana,Cotton,Kharif,2019,Alluvial,112,30,42,7.4
2005,Punjab,Patiala,Wheat,Rabi,2019,Alluvial,15,10,7,5.46
2006,Punjab,Patiala,Rice,Kharif,2019,Alluvial,79,76,58,7.7
2007,Punjab,Patiala,Maize,Kharif,2019,Alluvial,14,7,3,5.04
2008,Punjab,Patiala,Cotton,Kharif,2019,Alluvial,50,50,34,7.48
2009,Uttar Pradesh,Kanpur,Wheat,Rabi,2019,Alluvial,140,53,24,6.54
2010,Uttar Pradesh,Kanpur,Rice,Kharif,2019,Alluvial,87,30,49,7.86
2011,Uttar Pradesh,Kanpur,Maize,Kharif,2019,Alluvial,105,43,10,6.75
2012,Uttar Pradesh,Kanpur,Cotton,Kharif,2019,Alluvial,22,15,14,4.08
2013,Uttar Pradesh,Varanasi,Wheat,Rabi,2019,Alluvial,102,62,31,7.26
2014,Uttar Pradesh,Varanasi,Rice,Kharif,2019,Alluvial,90,64,31,7.46
2015,Uttar Pradesh,Varanasi,Maize,Kharif,2019,Alluvial,106,38,27,7.02
2016,Uttar Pradesh,Varanasi,Cotton,Kharif,2019,Alluvial,94,35,48,7.22
2017,West Bengal,Hooghly,Wheat,Rabi,2019,Alluvial,144,85,26,5.9
2018,West Bengal,Hooghly,Rice,Kharif,2019,Alluvial,106,37,67,6.68
2019,West Bengal,Hooghly,Maize,Kharif,2019,Alluvial,94,34,24,6.7
2020,West Bengal,Hooghly,Cotton,Kharif,2019,Alluvial,87,41,50,6.32
2021,West Bengal,Bardhaman,Wheat,Rabi,2019,Clay Loam,120,58,37,5.79
2022,West Bengal,Bardhaman,Rice,Kharif,2019,Clay Loam,106,35,51,7.0
2023,West Bengal,Bardhaman,Maize,Kharif,2019,Clay Loam,62,55,26,5.95
2024,West Bengal,Bardhaman,Cotton,Kharif,2019,Clay Loam,79,44,41,6.3
2025,Maharashtra,Nashik,Wheat,Rabi,2019,Black Soil,134,80,22,7.61
2026,Maharashtra,Nashik,Rice,Kharif,2019,Black Soil,7,14,1,5.36
2027,Maharashtra,Nashik,Maize,Kharif,2019,Black Soil,23,17,9,4.28
2028,Maharashtra,Nashik,Cotton,Kharif,2019,Black Soil,61,35,21,8.04
2029,Maharashtra,Pune,Wheat,Rabi,2019,Black Soil,116,59,45,7.26
2030,Maharashtra,Pune,Rice,Kharif,2019,Black Soil,82,70,54,7.54
2031,Maharashtra,Pune,Maize,Kharif,2019,Black Soil,67,50,30,7.24
2032,Maharashtra,Pune,Cotton,Kharif,2019,Black Soil,57,44,45,7.02
2033,Tamil Nadu,Thanjavur,Wheat,Rabi,2019,Red Loam,118,64,34,6.85
2034,Tamil Nadu,Thanjavur,Rice,Kharif,2019,Red Loam,99,61,70,6.51
2035,Tamil Nadu,Thanjavur,Maize,Kharif,2019,Red Loam,114,38,24,6.5
2036,Tamil Nadu,Thanjavur,Cotton,Kharif,2019,Red Loam,101,33,64,6.62
2037,Andhra Pradesh,Kurnool,Wheat,Rabi,2019,Red Soil,133,60,45,7.17
2038,Andhra Pradesh,Kurnool,Rice,Kharif,2019,Red Soil,125,60,44,7.05
2039,Andhra Pradesh,Kurnool,Maize,Kharif,2019,Red Soil,10,16,1,5.41
2040,Andhra Pradesh,Kurnool,Cotton,Kharif,2019,Red Soil,89,53,52,7.31
2041,Punjab,Ludhiana,Wheat,Rabi,2020,Alluvial,115,32,43,7.18
2042,Punjab,Ludhiana,Rice,Kharif,2020,Alluvial,91,46,36,7.18
2043,Punjab,Ludhiana,Maize,Kharif,2020,Alluvial,113,39,40,7.37
2044,Punjab,Ludhiana,Cotton,Kharif,2020,Alluvial,32,40,52,7.56
2045,Punjab,Patiala,Wheat,Rabi,2020,Alluvial,130,61,32,7.51
2046,Punjab,Patiala,Rice,Kharif,2020,Alluvial,54,54,51,7.41
2047,Punjab,Patiala,Maize,Kharif,2020,Alluvial,71,41,28,7.79
2048,Punjab,Patiala,Cotton,Kharif,2020,Alluvial,78,38,35,7.91
2049,Uttar Pradesh,Kanpur,Wheat,Rabi,2020,Alluvial,9,10,8,5.18
2050,Uttar Pradesh,Kanpur,Rice,Kharif,2020,Alluvial,84,38,55,7.94
2051,Uttar Pradesh,Kanpur,Maize,Kharif,2020,Alluvial,22,4,12,4.63
2052,Uttar Pradesh,Kanpur,Cotton,Kharif,2020,Alluvial,92,33,26,7.11
2053,Uttar Pradesh,Varanasi,Wheat,Rabi,2020,Alluvial,111,61,32,7.21
2054,Uttar Pradesh,Varanasi,Rice,Kharif,2020,Alluvial,105,30,27,6.93
2055,Uttar Pradesh,Varanasi,Maize,Kharif,2020,Alluvial,113,48,37,6.97
2056,Uttar Pradesh,Varanasi,Cotton,Kharif,2020,Alluvial,73,48,30,6.79
2057,West Bengal,Hooghly,Wheat,Rabi,2020,Alluvial,141,59,46,6.44
2058,West Bengal,Hooghly,Rice,Kharif,2020,Alluvial,17,6,0,5.42
2059,West Bengal,Hooghly,Maize,Kharif,2020,Alluvial,45,45,32,6.66
2060,West Bengal,Hooghly,Cotton,Kharif,2020,Alluvial,98,28,42,6.88
2061,West Bengal,Bardhaman,Wheat,Rabi,2020,Clay Loam,132,45,46,6.72
2062,West Bengal,Bardhaman,Rice,Kharif,2020,Clay Loam,11,8,2,4.03
2063,West Bengal,Bardhaman,Maize,Kharif,2020,Clay Loam,111,23,39,6.45
2064,West Bengal,Bardhaman,Cotton,Kharif,2020,Clay Loam,70,38,42,5.64
2065,Maharashtra,Nashik,Wheat,Rabi,2020,Black Soil,98,44,54,8.04
2066,Maharashtra,Nashik,Rice,Kharif,2020,Black Soil,98,47,30,7.71
2067,Maharashtra,Nashik,Maize,Kharif,2020,Black Soil,96,44,43,7.56
2068,Maharashtra,Nashik,Cotton,Kharif,2020,Black Soil,56,45,39,7.66
2069,Maharashtra,Pune,Wheat,Rabi,2020,Black Soil,152,56,34,7.14
2070,Maharashtra,Pune,Rice,Kharif,2020,Black Soil,85,59,61,7.15
2071,Maharashtra,Pune,Maize,Kharif,2020,Black Soil,82,60,39,7.39
2072,Maharashtra,Pune,Cotton,Kharif,2020,Black Soil,105,51,31,7.15
2073,Tamil Nadu,Thanjavur,Wheat,Rabi,2020,Red Loam,6,9,1,5.26
2074,Tamil Nadu,Thanjavur,Rice,Kharif,2020,Red Loam,113,50,51,7.33
2075,Tamil Nadu,Thanjavur,Maize,Kharif,2020,Red Loam,108,29,33,6.95
2076,Tamil Nadu,Thanjavur,Cotton,Kharif,2020,Red Loam,98,55,24,6.91
2077,Andhra Pradesh,Kurnool,Wheat,Rabi,2020,Red Soil,113,56,41,6.95
2078,Andhra Pradesh,Kurnool,Rice,Kharif,2020,Red Soil,12,15,13,4.62
2079,Andhra Pradesh,Kurnool,Maize,Kharif,2020,Red Soil,117,37,21,7.17
2080,Andhra Pradesh,Kurnool,Cotton,Kharif,2020,Red Soil,44,36,44,7.0
2081,Punjab,Ludhiana,Wheat,Rabi,2021,Alluvial,94,46,41,7.75
2082,Punjab,Ludhiana,Rice,Kharif,2021,Alluvial,98,47,46,7.56
2083,Punjab,Ludhiana,Maize,Kharif,2021,Alluvial,96,47,23,7.26
2084,Punjab,Ludhiana,Cotton,Kharif,2021,Alluvial,94,24,45,7.61
2085,Punjab,Patiala,Wheat,Rabi,2021,Alluvial,105,40,46,8.09
2086,Punjab,Patiala,Rice,Kharif,2021,Alluvial,13,2,9,4.32
2087,Punjab,Patiala,Maize,Kharif,2021,Alluvial,3,10,6,5.43
2088,Punjab,Patiala,Cotton,Kharif,2021,Alluvial,89,38,54,8.15
2089,Uttar Pradesh,Kanpur,Wheat,Rabi,2021,Alluvial,104,65,21,7.39
2090,Uttar Pradesh,Kanpur,Rice,Kharif,2021,Alluvial,119,47,54,7.16
2091,Uttar Pradesh,Kanpur,Maize,Kharif,2021,Alluvial,115,44,31,7.27
2092,Uttar Pradesh,Kanpur,Cotton,Kharif,2021,Alluvial,96,30,43,7.18
2093,Uttar Pradesh,Varanasi,Wheat,Rabi,2021,Alluvial,136,58,56,6.9
2094,Uttar Pradesh,Varanasi,Rice,Kharif,2021,Alluvial,132,58,48,6.46
2095,Uttar Pradesh,Varanasi,Maize,Kharif,2021,Alluvial,115,45,38,6.77
2096,Uttar Pradesh,Varanasi,Cotton,Kharif,2021,Alluvial,75,49,43,7.34
2097,West Bengal,Hooghly,Wheat,Rabi,2021,Alluvial,12,1,1,4.62
2098,West Bengal,Hooghly,Rice,Kharif,2021,Alluvial,132,62,51,6.27
2099,West Bengal,Hooghly,Maize,Kharif,2021,Alluvial,87,39,33,6.51
2100,West Bengal,Hooghly,Cotton,Kharif,2021,Alluvial,85,24,42,6.26
2101,West Bengal,Bardhaman,Wheat,Rabi,2021,Clay Loam,118,64,28,6.18
2102,West Bengal,Bardhaman,Rice,Kharif,2021,Clay Loam,86,46,55,6.26
2103,West Bengal,Bardhaman,Maize,Kharif,2021,Clay Loam,103,31,35,6.65
2104,West Bengal,Bardhaman,Cotton,Kharif,2021,Clay Loam,109,28,42,5.69
2105,Maharashtra,Nashik,Wheat,Rabi,2021,Black Soil,119,73,35,8.41
2106,Maharashtra,Nashik,Rice,Kharif,2021,Black Soil,93,55,29,7.66
2107,Maharashtra,Nashik,Maize,Kharif,2021,Black Soil,95,47,43,7.5
2108,Maharashtra,Nashik,Cotton,Kharif,2021,Black Soil,25,11,10,5.46
2109,Maharashtra,Pune,Wheat,Rabi,2021,Black Soil,171,61,48,7.66
2110,Maharashtra,Pune,Rice,Kharif,2021,Black Soil,113,50,56,7.52
2111,Maharashtra,Pune,Maize,Kharif,2021,Black Soil,111,41,28,7.53
2112,Maharashtra,Pune,Cotton,Kharif,2021,Black Soil,67,47,39,7.45
2113,Tamil Nadu,Thanjavur,Wheat,Rabi,2021,Red Loam,8,15,2,4.97
2114,Tamil Nadu,Thanjavur,Rice,Kharif,2021,Red Loam,90,58,63,6.52
2115,Tamil Nadu,Thanjavur,Maize,Kharif,2021,Red Loam,129,27,20,6.88
2116,Tamil Nadu,Thanjavur,Cotton,Kharif,2021,Red Loam,56,35,51,6.62
2117,Andhra Pradesh,Kurnool,Wheat,Rabi,2021,Red Soil,115,58,39,6.59
2118,Andhra Pradesh,Kurnool,Rice,Kharif,2021,Red Soil,132,57,48,7.18
2119,Andhra Pradesh,Kurnool,Maize,Kharif,2021,Red Soil,59,15,25,7.6
2120,Andhra Pradesh,Kurnool,Cotton,Kharif,2021,Red Soil,24,7,8,4.11
2121,Punjab,Ludhiana,Wheat,Rabi,2022,Alluvial,135,55,46,7.6
2122,Punjab,Ludhiana,Rice,Kharif,2022,Alluvial,10,2,3,5.36
2123,Punjab,Ludhiana,Maize,Kharif,2022,Alluvial,135,35,23,6.87
2124,Punjab,Ludhiana,Cotton,Kharif,2022,Alluvial,77,27,49,7.84
2125,Punjab,Patiala,Wheat,Rabi,2022,Alluvial,79,59,28,7.51
2126,Punjab,Patiala,Rice,Kharif,2022,Alluvial,66,53,42,7.2
2127,Punjab,Patiala,Maize,Kharif,2022,Alluvial,106,67,27,7.02
2128,Punjab,Patiala,Cotton,Kharif,2022,Alluvial,93,13,27,7.86
2129,Uttar Pradesh,Kanpur,Wheat,Rabi,2022,Alluvial,96,55,43,7.06
2130,Uttar Pradesh,Kanpur,Rice,Kharif,2022,Alluvial,114,63,50,7.78
2131,Uttar Pradesh,Kanpur,Maize,Kharif,2022,Alluvial,58,32,22,7.24
2132,Uttar Pradesh,Kanpur,Cotton,Kharif,2022,Alluvial,44,48,52,6.7
2133,Uttar Pradesh,Varanasi,Wheat,Rabi,2022,Alluvial,93,58,24,6.91
2134,Uttar Pradesh,Varanasi,Rice,Kharif,2022,Alluvial,91,77,56,7.21
2135,Uttar Pradesh,Varanasi,Maize,Kharif,2022,Alluvial,128,34,38,7.15
2136,Uttar Pradesh,Varanasi,Cotton,Kharif,2022,Alluvial,75,40,48,7.06
2137,West Bengal,Hooghly,Wheat,Rabi,2022,Alluvial,124,66,36,6.6
2138,West Bengal,Hooghly,Rice,Kharif,2022,Alluvial,109,52,51,6.51
2139,West Bengal,Hooghly,Maize,Kharif,2022,Alluvial,69,36,43,6.79
2140,West Bengal,Hooghly,Cotton,Kharif,2022,Alluvial,86,45,22,6.99
2141,West Bengal,Bardhaman,Wheat,Rabi,2022,Clay Loam,119,52,43,5.96
2142,West Bengal,Bardhaman,Rice,Kharif,2022,Clay Loam,130,37,54,6.3
2143,West Bengal,Bardhaman,Maize,Kharif,2022,Clay Loam,81,46,48,5.84
2144,West Bengal,Bardhaman,Cotton,Kharif,2022,Clay Loam,3,4,12,5.39
2145,Maharashtra,Nashik,Wheat,Rabi,2022,Black Soil,137,65,44,8.07
2146,Maharashtra,Nashik,Rice,Kharif,2022,Black Soil,80,43,30,8.41
2147,Maharashtra,Nashik,Maize,Kharif,2022,Black Soil,68,43,28,8.13
2148,Maharashtra,Nashik,Cotton,Kharif,2022,Black Soil,15,2,5,4.88
2149,Maharashtra,Pune,Wheat,Rabi,2022,Black Soil,116,53,42,7.73
2150,Maharashtra,Pune,Rice,Kharif,2022,Black Soil,95,57,46,7.38
2151,Maharashtra,Pune,Maize,Kharif,2022,Black Soil,12,11,12,5.46
2152,Maharashtra,Pune,Cotton,Kharif,2022,Black Soil,42,34,18,7.51
2153,Tamil Nadu,Thanjavur,Wheat,Rabi,2022,Red Loam,123,71,45,6.43
2154,Tamil Nadu,Thanjavur,Rice,Kharif,2022,Red Loam,11,19,12,4.24
2155,Tamil Nadu,Thanjavur,Maize,Kharif,2022,Red Loam,106,37,43,6.85
2156,Tamil Nadu,Thanjavur,Cotton,Kharif,2022,Red Loam,99,21,32,6.68
2157,Andhra Pradesh,Kurnool,Wheat,Rabi,2022,Red Soil,130,62,26,7.65
2158,Andhra Pradesh,Kurnool,Rice,Kharif,2022,Red Soil,91,69,61,6.59
2159,Andhra Pradesh,Kurnool,Maize,Kharif,2022,Red Soil,111,41,28,7.34
2160,Andhra Pradesh,Kurnool,Cotton,Kharif,2022,Red Soil,70,33,22,7.09
2161,Punjab,Ludhiana,Wheat,Rabi,2023,Alluvial,103,66,47,7.21
2162,Punjab,Ludhiana,Rice,Kharif,2023,Alluvial,95,72,42,7.12
2163,Punjab,Ludhiana,Maize,Kharif,2023,Alluvial,75,44,31,7.1
2164,Punjab,Ludhiana,Cotton,Kharif,2023,Alluvial,68,28,39,7.68
2165,Punjab,Patiala,Wheat,Rabi,2023,Alluvial,105,74,25,7.14
2166,Punjab,Patiala,Rice,Kharif,2023,Alluvial,111,36,36,7.55
2167,Punjab,Patiala,Maize,Kharif,2023,Alluvial,78,18,42,7.66
2168,Punjab,Patiala,Cotton,Kharif,2023,Alluvial,88,23,47,8.01
2169,Uttar Pradesh,Kanpur,Wheat,Rabi,2023,Alluvial,142,63,34,7.25
2170,Uttar Pradesh,Kanpur,Rice,Kharif,2023,Alluvial,148,45,20,7.0
2171,Uttar Pradesh,Kanpur,Maize,Kharif,2023,Alluvial,88,33,27,6.69
2172,Uttar Pradesh,Kanpur,Cotton,Kharif,2023,Alluvial,74,37,47,7.15
2173,Uttar Pradesh,Varanasi,Wheat,Rabi,2023,Alluvial,133,64,53,7.18
2174,Uttar Pradesh,Varanasi,Rice,Kharif,2023,Alluvial,105,51,47,6.88
2175,Uttar Pradesh,Varanasi,Maize,Kharif,2023,Alluvial,114,46,44,6.69
2176,Uttar Pradesh,Varanasi,Cotton,Kharif,2023,Alluvial,52,47,47,6.86
2177,West Bengal,Hooghly,Wheat,Rabi,2023,Alluvial,119,64,36,7.26
2178,West Bengal,Hooghly,Rice,Kharif,2023,Alluvial,112,57,52,6.51
2179,West Bengal,Hooghly,Maize,Kharif,2023,Alluvial,119,26,19,6.19
2180,West Bengal,Hooghly,Cotton,Kharif,2023,Alluvial,17,4,11,5.18
2181,West Bengal,Bardhaman,Wheat,Rabi,2023,Clay Loam,117,63,54,6.2
2182,West Bengal,Bardhaman,Rice,Kharif,2023,Clay Loam,127,48,54,6.05
2183,West Bengal,Bardhaman,Maize,Kharif,2023,Clay Loam,101,34,24,6.32
2184,West Bengal,Bardhaman,Cotton,Kharif,2023,Clay Loam,18,3,12,4.53
2185,Maharashtra,Nashik,Wheat,Rabi,2023,Black Soil,93,61,43,7.84
2186,Maharashtra,Nashik,Rice,Kharif,2023,Black Soil,64,19,42,8.0
2187,Maharashtra,Nashik,Maize,Kharif,2023,Black Soil,67,48,33,7.66
2188,Maharashtra,Nashik,Cotton,Kharif,2023,Black Soil,84,15,47,7.72
2189,Maharashtra,Pune,Wheat,Rabi,2023,Black Soil,127,59,43,7.47
2190,Maharashtra,Pune,Rice,Kharif,2023,Black Soil,79,34,53,7.49
2191,Maharashtra,Pune,Maize,Kharif,2023,Black Soil,79,38,32,7.53
2192,Maharashtra,Pune,Cotton,Kharif,2023,Black Soil,24,6,2,4.34
2193,Tamil Nadu,Thanjavur,Wheat,Rabi,2023,Red Loam,105,69,32,6.59
2194,Tamil Nadu,Thanjavur,Rice,Kharif,2023,Red Loam,80,37,38,7.2
2195,Tamil Nadu,Thanjavur,Maize,Kharif,2023,Red Loam,81,45,30,6.76
2196,Tamil Nadu,Thanjavur,Cotton,Kharif,2023,Red Loam,68,45,31,6.68
2197,Andhra Pradesh,Kurnool,Wheat,Rabi,2023,Red Soil,95,74,35,7.35
2198,Andhra Pradesh,Kurnool,Rice,Kharif,2023,Red Soil,137,36,38,7.61
2199,Andhra Pradesh,Kurnool,Maize,Kharif,2023,Red Soil,79,34,25,7.15
2200,Andhra Pradesh,Kurnool,Cotton,Kharif,2023,Red Soil,72,37,38,6.87
2201,Punjab,Ludhiana,Wheat,Rabi,2019,Alluvial,119,71,35,7.19
2202,Punjab,Ludhiana,Rice,Kharif,2019,Alluvial,104,59,42,7.64
2203,Punjab,Ludhiana,Maize,Kharif,2019,Alluvial,92,33,29,7.41
2204,Punjab,Ludhiana,Cotton,Kharif,2019,Alluvial,63,37,46,7.56
2205,Punjab,Patiala,Wheat,Rabi,2019,Alluvial,132,63,27,8.07
2206,Punjab,Patiala,Rice,Kharif,2019,Alluvial,140,68,48,7.07
2207,Punjab,Patiala,Maize,Kharif,2019,Alluvial,83,45,34,7.52
2208,Punjab,Patiala,Cotton,Kharif,2019,Alluvial,93,44,29,7.36
2209,Uttar Pradesh,Kanpur,Wheat,Rabi,2019,Alluvial,155,63,47,6.93
2210,Uttar Pradesh,Kanpur,Rice,Kharif,2019,Alluvial,79,32,45,7.05
2211,Uttar Pradesh,Kanpur,Maize,Kharif,2019,Alluvial,53,36,37,6.94
2212,Uttar Pradesh,Kanpur,Cotton,Kharif,2019,Alluvial,103,53,20,6.99
2213,Uttar Pradesh,Varanasi,Wheat,Rabi,2019,Alluvial,2,11,0,4.51
2214,Uttar Pradesh,Varanasi,Rice,Kharif,2019,Alluvial,116,43,64,7.03
2215,Uttar Pradesh,Varanasi,Maize,Kharif,2019,Alluvial,71,55,36,7.41
2216,Uttar Pradesh,Varanasi,Cotton,Kharif,2019,Alluvial,74,39,28,7.26
2217,West Bengal,Hooghly,Wheat,Rabi,2019,Alluvial,123,40,35,6.41
2218,West Bengal,Hooghly,Rice,Kharif,2019,Alluvial,95,50,43,6.58
2219,West Bengal,Hooghly,Maize,Kharif,2019,Alluvial,114,33,19,6.17
2220,West Bengal,Hooghly,Cotton,Kharif,2019,Alluvial,51,47,51,6.38
2221,West Bengal,Bardhaman,Wheat,Rabi,2019,Clay Loam,115,55,28,6.5
2222,West Bengal,Bardhaman,Rice,Kharif,2019,Clay Loam,78,37,68,6.61
2223,West Bengal,Bardhaman,Maize,Kharif,2019,Clay Loam,97,47,45,6.07
2224,West Bengal,Bardhaman,Cotton,Kharif,2019,Clay Loam,111,42,23,6.19
2225,Maharashtra,Nashik,Wheat,Rabi,2019,Black Soil,109,65,38,7.78
2226,Maharashtra,Nashik,Rice,Kharif,2019,Black Soil,101,44,56,7.74
2227,Maharashtra,Nashik,Maize,Kharif,2019,Black Soil,0,2,11,5.44
2228,Maharashtra,Nashik,Cotton,Kharif,2019,Black Soil,86,29,31,7.72
2229,Maharashtra,Pune,Wheat,Rabi,2019,Black Soil,132,62,27,7.38
2230,Maharashtra,Pune,Rice,Kharif,2019,Black Soil,13,5,14,5.33
2231,Maharashtra,Pune,Maize,Kharif,2019,Black Soil,85,29,23,7.65
2232,Maharashtra,Pune,Cotton,Kharif,2019,Black Soil,77,45,15,7.3
2233,Tamil Nadu,Thanjavur,Wheat,Rabi,2019,Red Loam,139,53,37,6.78
2234,Tamil Nadu,Thanjavur,Rice,Kharif,2019,Red Loam,104,52,63,6.5
2235,Tamil Nadu,Thanjavur,Maize,Kharif,2019,Red Loam,87,42,51,6.55
2236,Tamil Nadu,Thanjavur,Cotton,Kharif,2019,Red Loam,25,17,8,4.86
2237,Andhra Pradesh,Kurnool,Wheat,Rabi,2019,Red Soil,71,59,34,7.14
2238,Andhra Pradesh,Kurnool,Rice,Kharif,2019,Red Soil,61,40,58,6.28
2239,Andhra Pradesh,Kurnool,Maize,Kharif,2019,Red Soil,114,27,34,7.62
2240,Andhra Pradesh,Kurnool,Cotton,Kharif,2019,Red Soil,62,28,25,7.14
2241,Punjab,Ludhiana,Wheat,Rabi,2020,Alluvial,113,67,35,6.95
2242,Punjab,Ludhiana,Rice,Kharif,2020,Alluvial,88,59,55,7.17
2243,Punjab,Ludhiana,Maize,Kharif,2020,Alluvial,89,38,21,7.41
2244,Punjab,Ludhiana,Cotton,Kharif,2020,Alluvial,71,38,38,7.55
2245,Punjab,Patiala,Wheat,Rabi,2020,Alluvial,140,64,16,7.93
2246,Punjab,Patiala,Rice,Kharif,2020,Alluvial,98,50,44,7.37
2247,Punjab,Patiala,Maize,Kharif,2020,Alluvial,20,10,6,4.95
2248,Punjab,Patiala,Cotton,Kharif,2020,Alluvial,60,43,40,7.84
2249,Uttar Pradesh,Kanpur,Wheat,Rabi,2020,Alluvial,121,54,48,7.0
2250,Uttar Pradesh,Kanpur,Rice,Kharif,2020,Alluvial,66,58,51,6.92
2251,Uttar Pradesh,Kanpur,Maize,Kharif,2020,Alluvial,91,45,40,6.97
2252,Uttar Pradesh,Kanpur,Cotton,Kharif,2020,Alluvial,78,27,35,6.88
2253,Uttar Pradesh,Varanasi,Wheat,Rabi,2020,Alluvial,111,53,30,7.19
2254,Uttar Pradesh,Varanasi,Rice,Kharif,2020,Alluvial,95,44,43,6.73
2255,Uttar Pradesh,Varanasi,Maize,Kharif,2020,Alluvial,95,36,31,7.03
2256,Uttar Pradesh,Varanasi,Cotton,Kharif,2020,Alluvial,55,46,29,7.13
2257,West Bengal,Hooghly,Wheat,Rabi,2020,Alluvial,3,14,14,4.92
2258,West Bengal,Hooghly,Rice,Kharif,2020,Alluvial,0,7,3,4.09
2259,West Bengal,Hooghly,Maize,Kharif,2020,Alluvial,67,30,30,6.4
2260,West Bengal,Hooghly,Cotton,Kharif,2020,Alluvial,91,19,28,6.37
2261,West Bengal,Bardhaman,Wheat,Rabi,2020,Clay Loam,106,59,39,6.56
2262,West Bengal,Bardhaman,Rice,Kharif,2020,Clay Loam,17,11,12,5.49
2263,West Bengal,Bardhaman,Maize,Kharif,2020,Clay Loam,15,11,12,4.76
2264,West Bengal,Bardhaman,Cotton,Kharif,2020,Clay Loam,79,35,35,5.62
2265,Maharashtra,Nashik,Wheat,Rabi,2020,Black Soil,81,62,41,7.35
2266,Maharashtra,Nashik,Rice,Kharif,2020,Black Soil,12,16,0,5.01
2267,Maharashtra,Nashik,Maize,Kharif,2020,Black Soil,111,49,18,8.18
2268,Maharashtra,Nashik,Cotton,Kharif,2020,Black Soil,54,30,33,7.55
2269,Maharashtra,Pune,Wheat,Rabi,2020,Black Soil,143,47,46,7.99
2270,Maharashtra,Pune,Rice,Kharif,2020,Black Soil,80,61,69,7.62
2271,Maharashtra,Pune,Maize,Kharif,2020,Black Soil,96,24,13,7.28
2272,Maharashtra,Pune,Cotton,Kharif,2020,Black Soil,9,4,14,5.09
2273,Tamil Nadu,Thanjavur,Wheat,Rabi,2020,Red Loam,90,75,53,7.03
2274,Tamil Nadu,Thanjavur,Rice,Kharif,2020,Red Loam,62,50,72,6.78
2275,Tamil Nadu,Thanjavur,Maize,Kharif,2020,Red Loam,103,24,51,6.68
2276,Tamil Nadu,Thanjavur,Cotton,Kharif,2020,Red Loam,78,41,20,6.73
2277,Andhra Pradesh,Kurnool,Wheat,Rabi,2020,Red Soil,88,70,28,6.55
2278,Andhra Pradesh,Kurnool,Rice,Kharif,2020,Red Soil,43,56,46,6.79
2279,Andhra Pradesh,Kurnool,Maize,Kharif,2020,Red Soil,69,42,27,7.07
2280,Andhra Pradesh,Kurnool,Cotton,Kharif,2020,Red Soil,76,49,41,7.12
2281,Punjab,Ludhiana,Wheat,Rabi,2021,Alluvial,105,41,34,7.04
2282,Punjab,Ludhiana,Rice,Kharif,2021,Alluvial,90,51,37,7.21
2283,Punjab,Ludhiana,Maize,Kharif,2021,Alluvial,118,31,17,7.65
2284,Punjab,Ludhiana,Cotton,Kharif,2021,Alluvial,4,18,6,4.12
2285,Punjab,Patiala,Wheat,Rabi,2021,Alluvial,131,55,47,7.72
2286,Punjab,Patiala,Rice,Kharif,2021,Alluvial,103,31,54,7.57
2287,Punjab,Patiala,Maize,Kharif,2021,Alluvial,96,41,22,7.82
2288,Punjab,Patiala,Cotton,Kharif,2021,Alluvial,89,53,51,7.51
2289,Uttar Pradesh,Kanpur,Wheat,Rabi,2021,Alluvial,110,65,28,7.14
2290,Uttar Pradesh,Kanpur,Rice,Kharif,2021,Alluvial,2,13,6,5.3
2291,Uttar Pradesh,Kanpur,Maize,Kharif,2021,Alluvial,86,59,33,7.09
2292,Uttar Pradesh,Kanpur,Cotton,Kharif,2021,Alluvial,46,46,38,7.13
2293,Uttar Pradesh,Varanasi,Wheat,Rabi,2021,Alluvial,3,18,8,5.19
2294,Uttar Pradesh,Varanasi,Rice,Kharif,2021,Alluvial,117,59,50,6.82
2295,Uttar Pradesh,Varanasi,Maize,Kharif,2021,Alluvial,79,36,31,7.34
2296,Uttar Pradesh,Varanasi,Cotton,Kharif,2021,Alluvial,27,8,5,4.45
2297,West Bengal,Hooghly,Wheat,Rabi,2021,Alluvial,128,70,39,6.71
2298,West Bengal,Hooghly,Rice,Kharif,2021,Alluvial,58,56,44,6.13
2299,West Bengal,Hooghly,Maize,Kharif,2021,Alluvial,90,51,51,6.07
2300,West Bengal,Hooghly,Cotton,Kharif,2021,Alluvial,94,33,50,6.65
2301,West Bengal,Bardhaman,Wheat,Rabi,2021,Clay Loam,112,55,25,5.51
2302,West Bengal,Bardhaman,Rice,Kharif,2021,Clay Loam,89,46,49,6.09
2303,West Bengal,Bardhaman,Maize,Kharif,2021,Clay Loam,48,31,26,6.7
2304,West Bengal,Bardhaman,Cotton,Kharif,2021,Clay Loam,76,29,62,6.18
2305,Maharashtra,Nashik,Wheat,Rabi,2021,Black Soil,145,56,56,8.27
2306,Maharashtra,Nashik,Rice,Kharif,2021,Black Soil,140,64,57,7.89
2307,Maharashtra,Nashik,Maize,Kharif,2021,Black Soil,117,27,13,7.58
2308,Maharashtra,Nashik,Cotton,Kharif,2021,Black Soil,78,45,36,7.75
2309,Maharashtra,Pune,Wheat,Rabi,2021,Black Soil,138,40,35,7.51
2310,Maharashtra,Pune,Rice,Kharif,2021,Black Soil,100,49,64,7.63
2311,Maharashtra,Pune,Maize,Kharif,2021,Black Soil,28,14,11,4.75
2312,Maharashtra,Pune,Cotton,Kharif,2021,Black Soil,57,37,36,7.58
2313,Tamil Nadu,Thanjavur,Wheat,Rabi,2021,Red Loam,118,51,31,7.02
2314,Tamil Nadu,Thanjavur,Rice,Kharif,2021,Red Loam,83,55,46,6.74
2315,Tamil Nadu,Thanjavur,Maize,Kharif,2021,Red Loam,113,49,20,6.55
2316,Tamil Nadu,Thanjavur,Cotton,Kharif,2021,Red Loam,77,26,39,6.7
2317,Andhra Pradesh,Kurnool,Wheat,Rabi,2021,Red Soil,125,46,45,7.3
2318,Andhra Pradesh,Kurnool,Rice,Kharif,2021,Red Soil,113,59,36,6.83
2319,Andhra Pradesh,Kurnool,Maize,Kharif,2021,Red Soil,68,48,37,6.69
2320,Andhra Pradesh,Kurnool,Cotton,Kharif,2021,Red Soil,79,45,36,7.18
2321,Punjab,Ludhiana,Wheat,Rabi,2022,Alluvial,126,47,31,7.14
2322,Punjab,Ludhiana,Rice,Kharif,2022,Alluvial,98,53,35,7.57
2323,Punjab,Ludhiana,Maize,Kharif,2022,Alluvial,98,32,33,7.43
2324,Punjab,Ludhiana,Cotton,Kharif,2022,Alluvial,64,34,29,7.34
2325,Punjab,Patiala,Wheat,Rabi,2022,Alluvial,17,19,1,4.43
2326,Punjab,Patiala,Rice,Kharif,2022,Alluvial,113,39,39,7.7
2327,Punjab,Patiala,Maize,Kharif,2022,Alluvial,61,33,40,7.85
2328,Punjab,Patiala,Cotton,Kharif,2022,Alluvial,84,39,46,8.23
2329,Uttar Pradesh,Kanpur,Wheat,Rabi,2022,Alluvial,6,13,11,5.26
2330,Uttar Pradesh,Kanpur,Rice,Kharif,2022,Alluvial,80,52,57,7.02
2331,Uttar Pradesh,Kanpur,Maize,Kharif,2022,Alluvial,101,35,32,6.88
2332,Uttar Pradesh,Kanpur,Cotton,Kharif,2022,Alluvial,78,47,34,7.07
2333,Uttar Pradesh,Varanasi,Wheat,Rabi,2022,Alluvial,84,71,40,7.06
2334,Uttar Pradesh,Varanasi,Rice,Kharif,2022,Alluvial,90,42,49,6.98
2335,Uttar Pradesh,Varanasi,Maize,Kharif,2022,Alluvial,80,42,46,6.66
2336,Uttar Pradesh,Varanasi,Cotton,Kharif,2022,Alluvial,23,14,14,5.4
2337,West Bengal,Hooghly,Wheat,Rabi,2022,Alluvial,125,53,45,6.0
2338,West Bengal,Hooghly,Rice,Kharif,2022,Alluvial,80,43,46,6.12
2339,West Bengal,Hooghly,Maize,Kharif,2022,Alluvial,87,54,24,6.44
2340,West Bengal,Hooghly,Cotton,Kharif,2022,Alluvial,46,37,43,6.28
2341,West Bengal,Bardhaman,Wheat,Rabi,2022,Clay Loam,113,48,33,5.66
2342,West Bengal,Bardhaman,Rice,Kharif,2022,Clay Loam,93,54,34,5.97
2343,West Bengal,Bardhaman,Maize,Kharif,2022,Clay Loam,5,6,1,4.29
2344,West Bengal,Bardhaman,Cotton,Kharif,2022,Clay Loam,97,57,45,6.07
2345,Maharashtra,Nashik,Wheat,Rabi,2022,Black Soil,120,65,56,7.75
2346,Maharashtra,Nashik,Rice,Kharif,2022,Black Soil,111,48,53,7.5
2347,Maharashtra,Nashik,Maize,Kharif,2022,Black Soil,77,34,46,7.71
2348,Maharashtra,Nashik,Cotton,Kharif,2022,Black Soil,101,49,44,7.82
2349,Maharashtra,Pune,Wheat,Rabi,2022,Black Soil,140,53,45,6.97
2350,Maharashtra,Pune,Rice,Kharif,2022,Black Soil,103,36,40,7.15
2351,Maharashtra,Pune,Maize,Kharif,2022,Black Soil,119,27,43,7.16
2352,Maharashtra,Pune,Cotton,Kharif,2022,Black Soil,78,35,27,6.76
2353,Tamil Nadu,Thanjavur,Wheat,Rabi,2022,Red Loam,81,68,43,7.35
2354,Tamil Nadu,Thanjavur,Rice,Kharif,2022,Red Loam,97,48,58,6.9
2355,Tamil Nadu,Thanjavur,Maize,Kharif,2022,Red Loam,110,43,32,6.65
2356,Tamil Nadu,Thanjavur,Cotton,Kharif,2022,Red Loam,70,29,50,6.96
2357,Andhra Pradesh,Kurnool,Wheat,Rabi,2022,Red Soil,9,17,5,4.84
2358,Andhra Pradesh,Kurnool,Rice,Kharif,2022,Red Soil,70,49,42,7.33
2359,Andhra Pradesh,Kurnool,Maize,Kharif,2022,Red Soil,98,45,41,7.43
2360,Andhra Pradesh,Kurnool,Cotton,Kharif,2022,Red Soil,72,35,33,7.67
2361,Punjab,Ludhiana,Wheat,Rabi,2023,Alluvial,163,57,40,7.49
2362,Punjab,Ludhiana,Rice,Kharif,2023,Alluvial,103,54,45,7.86
2363,Punjab,Ludhiana,Maize,Kharif,2023,Alluvial,120,52,29,7.46
2364,Punjab,Ludhiana,Cotton,Kharif,2023,Alluvial,74,45,47,7.4
2365,Punjab,Patiala,Wheat,Rabi,2023,Alluvial,109,59,26,7.69
2366,Punjab,Patiala,Rice,Kharif,2023,Alluvial,124,45,52,7.71
2367,Punjab,Patiala,Maize,Kharif,2023,Alluvial,15,14,2,4.97
2368,Punjab,Patiala,Cotton,Kharif,2023,Alluvial,73,36,33,7.38
2369,Uttar Pradesh,Kanpur,Wheat,Rabi,2023,Alluvial,106,63,40,7.14
2370,Uttar Pradesh,Kanpur,Rice,Kharif,2023,Alluvial,83,45,46,7.07
2371,Uttar Pradesh,Kanpur,Maize,Kharif,2023,Alluvial,83,37,17,7.11
2372,Uttar Pradesh,Kanpur,Cotton,Kharif,2023,Alluvial,76,31,49,7.32
2373,Uttar Pradesh,Varanasi,Wheat,Rabi,2023,Alluvial,128,63,50,7.24
2374,Uttar Pradesh,Varanasi,Rice,Kharif,2023,Alluvial,102,56,42,6.86
2375,Uttar Pradesh,Varanasi,Maize,Kharif,2023,Alluvial,91,63,37,7.01
2376,Uttar Pradesh,Varanasi,Cotton,Kharif,2023,Alluvial,1,12,12,4.66
2377,West Bengal,Hooghly,Wheat,Rabi,2023,Alluvial,93,67,54,6.52
2378,West Bengal,Hooghly,Rice,Kharif,2023,Alluvial,88,50,44,6.9
2379,West Bengal,Hooghly,Maize,Kharif,2023,Alluvial,66,42,27,6.17
2380,West Bengal,Hooghly,Cotton,Kharif,2023,Alluvial,81,38,27,6.48
2381,West Bengal,Bardhaman,Wheat,Rabi,2023,Clay Loam,109,66,37,5.79
2382,West Bengal,Bardhaman,Rice,Kharif,2023,Clay Loam,52,47,50,5.98
2383,West Bengal,Bardhaman,Maize,Kharif,2023,Clay Loam,100,43,35,5.97
2384,West Bengal,Bardhaman,Cotton,Kharif,2023,Clay Loam,39,34,40,6.5
2385,Maharashtra,Nashik,Wheat,Rabi,2023,Black Soil,123,57,36,7.45
2386,Maharashtra,Nashik,Rice,Kharif,2023,Black Soil,111,49,35,7.47
2387,Maharashtra,Nashik,Maize,Kharif,2023,Black Soil,36,39,22,7.64
2388,Maharashtra,Nashik,Cotton,Kharif,2023,Black Soil,96,27,43,7.61
2389,Maharashtra,Pune,Wheat,Rabi,2023,Black Soil,159,52,36,7.68
2390,Maharashtra,Pune,Rice,Kharif,2023,Black Soil,97,49,42,7.44
2391,Maharashtra,Pune,Maize,Kharif,2023,Black Soil,97,51,31,7.12
2392,Maharashtra,Pune,Cotton,Kharif,2023,Black Soil,70,39,34,7.92
2393,Tamil Nadu,Thanjavur,Wheat,Rabi,2023,Red Loam,22,19,12,4.83
2394,Tamil Nadu,Thanjavur,Rice,Kharif,2023,Red Loam,90,43,47,6.67
2395,Tamil Nadu,Thanjavur,Maize,Kharif,2023,Red Loam,73,55,34,7.07
2396,Tamil Nadu,Thanjavur,Cotton,Kharif,2023,Red Loam,79,55,36,7.04
2397,Andhra Pradesh,Kurnool,Wheat,Rabi,2023,Red Soil,137,47,33,7.27
2398,Andhra Pradesh,Kurnool,Rice,Kharif,2023,Red Soil,119,63,65,7.16
2399,Andhra Pradesh,Kurnool,Maize,Kharif,2023,Red Soil,113,44,15,7.17
2400,Andhra Pradesh,Kurnool,Cotton,Kharif,2023,Red Soil,103,51,44,7.25
2401,Punjab,Ludhiana,Wheat,Rabi,2019,Alluvial,16,12,5,4.75
2402,Punjab,Ludhiana,Rice,Kharif,2019,Alluvial,86,50,60,7.46
2403,Punjab,Ludhiana,Maize,Kharif,2019,Alluvial,81,45,40,7.22
2404,Punjab,Ludhiana,Cotton,Kharif,2019,Alluvial,56,40,37,7.65
2405,Punjab,Patiala,Wheat,Rabi,2019,Alluvial,12,1,8,4.46
2406,Punjab,Patiala,Rice,Kharif,2019,Alluvial,89,39,41,7.67
2407,Punjab,Patiala,Maize,Kharif,2019,Alluvial,105,40,34,8.19
2408,Punjab,Patiala,Cotton,Kharif,2019,Alluvial,76,30,61,7.05
2409,Uttar Pradesh,Kanpur,Wheat,Rabi,2019,Alluvial,121,75,54,7.42
2410,Uttar Pradesh,Kanpur,Rice,Kharif,2019,Alluvial,95,56,53,7.19
2411,Uttar Pradesh,Kanpur,Maize,Kharif,2019,Alluvial,89,36,15,7.83
2412,Uttar Pradesh,Kanpur,Cotton,Kharif,2019,Alluvial,37,33,54,7.53
2413,Uttar Pradesh,Varanasi,Wheat,Rabi,2019,Alluvial,84,64,45,7.29
2414,Uttar Pradesh,Varanasi,Rice,Kharif,2019,Alluvial,58,41,50,6.89
2415,Uttar Pradesh,Varanasi,Maize,Kharif,2019,Alluvial,109,54,27,7.41
2416,Uttar Pradesh,Varanasi,Cotton,Kharif,2019,Alluvial,109,35,34,6.7
2417,West Bengal,Hooghly,Wheat,Rabi,2019,Alluvial,108,72,40,6.54
2418,West Bengal,Hooghly,Rice,Kharif,2019,Alluvial,122,49,70,6.51
2419,West Bengal,Hooghly,Maize,Kharif,2019,Alluvial,20,14,0,5.01
2420,West Bengal,Hooghly,Cotton,Kharif,2019,Alluvial,53,48,47,6.41
2421,West Bengal,Bardhaman,Wheat,Rabi,2019,Clay Loam,93,69,38,5.97
2422,West Bengal,Bardhaman,Rice,Kharif,2019,Clay Loam,23,1,1,4.81
2423,West Bengal,Bardhaman,Maize,Kharif,2019,Clay Loam,4,1,3,5.07
2424,West Bengal,Bardhaman,Cotton,Kharif,2019,Clay Loam,46,24,55,6.28
2425,Maharashtra,Nashik,Wheat,Rabi,2019,Black Soil,121,60,48,7.28
2426,Maharashtra,Nashik,Rice,Kharif,2019,Black Soil,15,11,5,4.11
2427,Maharashtra,Nashik,Maize,Kharif,2019,Black Soil,88,56,26,7.72
2428,Maharashtra,Nashik,Cotton,Kharif,2019,Black Soil,43,35,28,7.87
2429,Maharashtra,Pune,Wheat,Rabi,2019,Black Soil,127,71,40,6.77
2430,Maharashtra,Pune,Rice,Kharif,2019,Black Soil,62,42,67,7.05
2431,Maharashtra,Pune,Maize,Kharif,2019,Black Soil,16,10,3,5.04
2432,Maharashtra,Pune,Cotton,Kharif,2019,Black Soil,111,47,51,7.06
2433,Tamil Nadu,Thanjavur,Wheat,Rabi,2019,Red Loam,20,5,7,5.12
2434,Tamil Nadu,Thanjavur,Rice,Kharif,2019,Red Loam,108,33,35,6.81
2435,Tamil Nadu,Thanjavur,Maize,Kharif,2019,Red Loam,71,46,18,7.08
2436,Tamil Nadu,Thanjavur,Cotton,Kharif,2019,Red Loam,34,37,44,6.85
2437,Andhra Pradesh,Kurnool,Wheat,Rabi,2019,Red Soil,139,35,53,7.37
2438,Andhra Pradesh,Kurnool,Rice,Kharif,2019,Red Soil,106,54,66,7.04
2439,Andhra Pradesh,Kurnool,Maize,Kharif,2019,Red Soil,4,1,3,4.15
2440,Andhra Pradesh,Kurnool,Cotton,Kharif,2019,Red Soil,81,34,40,6.92
2441,Punjab,Ludhiana,Wheat,Rabi,2020,Alluvial,7,2,12,4.2
2442,Punjab,Ludhiana,Rice,Kharif,2020,Alluvial,54,40,47,8.17
2443,Punjab,Ludhiana,Maize,Kharif,2020,Alluvial,111,41,47,6.89
2444,Punjab,Ludhiana,Cotton,Kharif,2020,Alluvial,6,16,10,5.34
2445,Punjab,Patiala,Wheat,Rabi,2020,Alluvial,109,53,31,7.45
2446,Punjab,Patiala,Rice,Kharif,2020,Alluvial,8,5,12,5.07
2447,Punjab,Patiala,Maize,Kharif,2020,Alluvial,96,33,30,7.16
2448,Punjab,Patiala,Cotton,Kharif,2020,Alluvial,105,14,35,6.7
2449,Uttar Pradesh,Kanpur,Wheat,Rabi,2020,Alluvial,108,64,42,7.06
2450,Uttar Pradesh,Kanpur,Rice,Kharif,2020,Alluvial,83,50,50,7.66
2451,Uttar Pradesh,Kanpur,Maize,Kharif,2020,Alluvial,86,36,21,6.95
2452,Uttar Pradesh,Kanpur,Cotton,Kharif,2020,Alluvial,87,62,26,7.11
2453,Uttar Pradesh,Varanasi,Wheat,Rabi,2020,Alluvial,2,18,8,5.29
2454,Uttar Pradesh,Varanasi,Rice,Kharif,2020,Alluvial,70,60,45,7.22
2455,Uttar Pradesh,Varanasi,Maize,Kharif,2020,Alluvial,75,36,29,7.0
2456,Uttar Pradesh,Varanasi,Cotton,Kharif,2020,Alluvial,71,48,33,6.58
2457,West Bengal,Hooghly,Wheat,Rabi,2020,Alluvial,109,69,44,6.16
2458,West Bengal,Hooghly,Rice,Kharif,2020,Alluvial,76,33,62,6.3
2459,West Bengal,Hooghly,Maize,Kharif,2020,Alluvial,117,39,38,7.0
2460,West Bengal,Hooghly,Cotton,Kharif,2020,Alluvial,70,29,52,6.56
2461,West Bengal,Bardhaman,Wheat,Rabi,2020,Clay Loam,117,53,42,6.4
2462,West Bengal,Bardhaman,Rice,Kharif,2020,Clay Loam,6,15,8,5.17
2463,West Bengal,Bardhaman,Maize,Kharif,2020,Clay Loam,130,47,23,6.19
2464,West Bengal,Bardhaman,Cotton,Kharif,2020,Clay Loam,63,39,31,6.67
2465,Maharashtra,Nashik,Wheat,Rabi,2020,Black Soil,164,58,37,8.02
2466,Maharashtra,Nashik,Rice,Kharif,2020,Black Soil,97,61,54,7.45
2467,Maharashtra,Nashik,Maize,Kharif,2020,Black Soil,105,45,32,7.75
2468,Maharashtra,Nashik,Cotton,Kharif,2020,Black Soil,85,36,48,7.62
2469,Maharashtra,Pune,Wheat,Rabi,2020,Black Soil,139,75,42,7.44
2470,Maharashtra,Pune,Rice,Kharif,2020,Black Soil,107,66,46,7.71
2471,Maharashtra,Pune,Maize,Kharif,2020,Black Soil,62,28,19,7.7
2472,Maharashtra,Pune,Cotton,Kharif,2020,Black Soil,25,5,9,5.47
2473,Tamil Nadu,Thanjavur,Wheat,Rabi,2020,Red Loam,95,39,34,6.22
2474,Tamil Nadu,Thanjavur,Rice,Kharif,2020,Red Loam,107,35,50,7.13
2475,Tamil Nadu,Thanjavur,Maize,Kharif,2020,Red Loam,93,25,20,6.94
2476,Tamil Nadu,Thanjavur,Cotton,Kharif,2020,Red Loam,23,12,1,4.76
2477,Andhra Pradesh,Kurnool,Wheat,Rabi,2020,Red Soil,128,47,45,6.71
2478,Andhra Pradesh,Kurnool,Rice,Kharif,2020,Red Soil,10,13,7,4.29
2479,Andhra Pradesh,Kurnool,Maize,Kharif,2020,Red Soil,1,17,14,5.03
2480,Andhra Pradesh,Kurnool,Cotton,Kharif,2020,Red Soil,67,53,26,7.07
2481,Punjab,Ludhiana,Wheat,Rabi,2021,Alluvial,107,37,41,7.76
2482,Punjab,Ludhiana,Rice,Kharif,2021,Alluvial,105,43,54,7.32
2483,Punjab,Ludhiana,Maize,Kharif,2021,Alluvial,85,39,38,7.66
2484,Punjab,Ludhiana,Cotton,Kharif,2021,Alluvial,41,39,51,7.23
2485,Punjab,Patiala,Wheat,Rabi,2021,Alluvial,121,44,31,7.46
2486,Punjab,Patiala,Rice,Kharif,2021,Alluvial,105,37,70,7.46
2487,Punjab,Patiala,Maize,Kharif,2021,Alluvial,70,41,20,7.4
2488,Punjab,Patiala,Cotton,Kharif,2021,Alluvial,99,52,36,7.41
2489,Uttar Pradesh,Kanpur,Wheat,Rabi,2021,Alluvial,107,68,46,7.0
2490,Uttar Pradesh,Kanpur,Rice,Kharif,2021,Alluvial,83,36,46,7.43
2491,Uttar Pradesh,Kanpur,Maize,Kharif,2021,Alluvial,97,44,27,7.72
2492,Uttar Pradesh,Kanpur,Cotton,Kharif,2021,Alluvial,12,9,14,5.02
2493,Uttar Pradesh,Varanasi,Wheat,Rabi,2021,Alluvial,152,56,45,7.15
2494,Uttar Pradesh,Varanasi,Rice,Kharif,2021,Alluvial,115,43,35,6.56
2495,Uttar Pradesh,Varanasi,Maize,Kharif,2021,Alluvial,71,35,30,6.83
2496,Uttar Pradesh,Varanasi,Cotton,Kharif,2021,Alluvial,70,34,49,7.24
2497,West Bengal,Hooghly,Wheat,Rabi,2021,Alluvial,135,62,38,6.66
2498,West Bengal,Hooghly,Rice,Kharif,2021,Alluvial,63,58,64,5.93
2499,West Bengal,Hooghly,Maize,Kharif,2021,Alluvial,17,10,1,5.41
2500,West Bengal,Hooghly,Cotton,Kharif,2021,Alluvial,106,32,33,6.45
2501,West Bengal,Bardhaman,Wheat,Rabi,2021,Clay Loam,122,36,26,5.97
2502,West Bengal,Bardhaman,Rice,Kharif,2021,Clay Loam,104,56,65,6.15
2503,West Bengal,Bardhaman,Maize,Kharif,2021,Clay Loam,79,49,37,6.13
2504,West Bengal,Bardhaman,Cotton,Kharif,2021,Clay Loam,3,5,8,4.1
2505,Maharashtra,Nashik,Wheat,Rabi,2021,Black Soil,162,52,37,7.89
2506,Maharashtra,Nashik,Rice,Kharif,2021,Black Soil,29,1,10,4.38
2507,Maharashtra,Nashik,Maize,Kharif,2021,Black Soil,65,27,15,7.74
2508,Maharashtra,Nashik,Cotton,Kharif,2021,Black Soil,44,39,24,8.46
2509,Maharashtra,Pune,Wheat,Rabi,2021,Black Soil,111,57,41,7.33
2510,Maharashtra,Pune,Rice,Kharif,2021,Black Soil,107,63,47,7.38
2511,Maharashtra,Pune,Maize,Kharif,2021,Black Soil,81,21,32,7.41
2512,Maharashtra,Pune,Cotton,Kharif,2021,Black Soil,94,41,29,7.07
2513,Tamil Nadu,Thanjavur,Wheat,Rabi,2021,Red Loam,13,3,9,4.24
2514,Tamil Nadu,Thanjavur,Rice,Kharif,2021,Red Loam,14,1,14,4.88
2515,Tamil Nadu,Thanjavur,Maize,Kharif,2021,Red Loam,64,28,30,6.71
2516,Tamil Nadu,Thanjavur,Cotton,Kharif,2021,Red Loam,2,4,0,4.75
2517,Andhra Pradesh,Kurnool,Wheat,Rabi,2021,Red Soil,99,67,40,7.1
2518,Andhra Pradesh,Kurnool,Rice,Kharif,2021,Red Soil,69,47,44,6.87
2519,Andhra Pradesh,Kurnool,Maize,Kharif,2021,Red Soil,81,37,31,7.01
2520,Andhra Pradesh,Kurnool,Cotton,Kharif,2021,Red Soil,92,37,39,6.98
2521,Punjab,Ludhiana,Wheat,Rabi,2022,Alluvial,12,0,5,4.26
2522,Punjab,Ludhiana,Rice,Kharif,2022,Alluvial,78,52,53,6.9
2523,Punjab,Ludhiana,Maize,Kharif,2022,Alluvial,83,32,21,7.26
2524,Punjab,Ludhiana,Cotton,Kharif,2022,Alluvial,16,15,8,4.4
2525,Punjab,Patiala,Wheat,Rabi,2022,Alluvial,115,60,47,7.84
2526,Punjab,Patiala,Rice,Kharif,2022,Alluvial,93,53,71,7.94
2527,Punjab,Patiala,Maize,Kharif,2022,Alluvial,88,56,35,7.72
2528,Punjab,Patiala,Cotton,Kharif,2022,Alluvial,79,38,24,7.61
2529,Uttar Pradesh,Kanpur,Wheat,Rabi,2022,Alluvial,87,62,25,7.78
2530,Uttar Pradesh,Kanpur,Rice,Kharif,2022,Alluvial,127,41,58,7.17
2531,Uttar Pradesh,Kanpur,Maize,Kharif,2022,Alluvial,80,51,25,6.66
2532,Uttar Pradesh,Kanpur,Cotton,Kharif,2022,Alluvial,52,42,28,7.43
2533,Uttar Pradesh,Varanasi,Wheat,Rabi,2022,Alluvial,129,55,39,6.73
2534,Uttar Pradesh,Varanasi,Rice,Kharif,2022,Alluvial,6,1,0,4.4
2535,Uttar Pradesh,Varanasi,Maize,Kharif,2022,Alluvial,78,32,30,6.78
2536,Uttar Pradesh,Varanasi,Cotton,Kharif,2022,Alluvial,100,42,44,7.05
2537,West Bengal,Hooghly,Wheat,Rabi,2022,Alluvial,119,64,33,5.79
2538,West Bengal,Hooghly,Rice,Kharif,2022,Alluvial,23,6,7,5.2
2539,West Bengal,Hooghly,Maize,Kharif,2022,Alluvial,66,38,35,6.2
2540,West Bengal,Hooghly,Cotton,Kharif,2022,Alluvial,53,49,40,6.73
2541,West Bengal,Bardhaman,Wheat,Rabi,2022,Clay Loam,102,46,37,5.91
2542,West Bengal,Bardhaman,Rice,Kharif,2022,Clay Loam,93,69,67,6.41
2543,West Bengal,Bardhaman,Maize,Kharif,2022,Clay Loam,88,62,39,5.74
2544,West Bengal,Bardhaman,Cotton,Kharif,2022,Clay Loam,79,35,41,6.48
2545,Maharashtra,Nashik,Wheat,Rabi,2022,Black Soil,86,48,42,7.28
2546,Maharashtra,Nashik,Rice,Kharif,2022,Black Soil,94,58,69,8.35
2547,Maharashtra,Nashik,Maize,Kharif,2022,Black Soil,104,38,33,7.47
2548,Maharashtra,Nashik,Cotton,Kharif,2022,Black Soil,78,31,43,7.91
2549,Maharashtra,Pune,Wheat,Rabi,2022,Black Soil,120,50,49,7.63
2550,Maharashtra,Pune,Rice,Kharif,2022,Black Soil,93,34,58,7.56
2551,Maharashtra,Pune,Maize,Kharif,2022,Black Soil,10,8,1,4.35
2552,Maharashtra,Pune,Cotton,Kharif,2022,Black Soil,0,14,6,5.18
2553,Tamil Nadu,Thanjavur,Wheat,Rabi,2022,Red Loam,135,74,32,6.86
2554,Tamil Nadu,Thanjavur,Rice,Kharif,2022,Red Loam,70,35,59,6.98
2555,Tamil Nadu,Thanjavur,Maize,Kharif,2022,Red Loam,9,3,12,5.27
2556,Tamil Nadu,Thanjavur,Cotton,Kharif,2022,Red Loam,123,40,58,6.45
2557,Andhra Pradesh,Kurnool,Wheat,Rabi,2022,Red Soil,112,49,58,6.74
2558,Andhra Pradesh,Kurnool,Rice,Kharif,2022,Red Soil,110,35,48,7.19
2559,Andhra Pradesh,Kurnool,Maize,Kharif,2022,Red Soil,94,46,29,7.16
2560,Andhra Pradesh,Kurnool,Cotton,Kharif,2022,Red Soil,96,48,43,6.46
2561,Punjab,Ludhiana,Wheat,Rabi,2023,Alluvial,28,10,14,4.09
2562,Punjab,Ludhiana,Rice,Kharif,2023,Alluvial,84,49,49,7.88
2563,Punjab,Ludhiana,Maize,Kharif,2023,Alluvial,77,23,12,7.38
2564,Punjab,Ludhiana,Cotton,Kharif,2023,Alluvial,65,50,40,7.05
2565,Punjab,Patiala,Wheat,Rabi,2023,Alluvial,89,54,14,7.73
2566,Punjab,Patiala,Rice,Kharif,2023,Alluvial,107,60,48,7.52
2567,Punjab,Patiala,Maize,Kharif,2023,Alluvial,103,49,37,6.99
2568,Punjab,Patiala,Cotton,Kharif,2023,Alluvial,105,31,31,7.65
2569,Uttar Pradesh,Kanpur,Wheat,Rabi,2023,Alluvial,162,70,30,7.01
2570,Uttar Pradesh,Kanpur,Rice,Kharif,2023,Alluvial,120,34,34,7.0
2571,Uttar Pradesh,Kanpur,Maize,Kharif,2023,Alluvial,84,51,37,7.44
2572,Uttar Pradesh,Kanpur,Cotton,Kharif,2023,Alluvial,62,39,32,7.36
2573,Uttar Pradesh,Varanasi,Wheat,Rabi,2023,Alluvial,130,55,44,6.93
2574,Uttar Pradesh,Varanasi,Rice,Kharif,2023,Alluvial,12,7,9,5.45
2575,Uttar Pradesh,Varanasi,Maize,Kharif,2023,Alluvial,4,7,4,4.15
2576,Uttar Pradesh,Varanasi,Cotton,Kharif,2023,Alluvial,73,47,55,6.55
2577,West Bengal,Hooghly,Wheat,Rabi,2023,Alluvial,26,8,9,4.74
2578,West Bengal,Hooghly,Rice,Kharif,2023,Alluvial,88,53,55,6.33
2579,West Bengal,Hooghly,Maize,Kharif,2023,Alluvial,75,43,15,6.81
2580,West Bengal,Hooghly,Cotton,Kharif,2023,Alluvial,103,44,39,6.37
2581,West Bengal,Bardhaman,Wheat,Rabi,2023,Clay Loam,119,53,29,6.09
2582,West Bengal,Bardhaman,Rice,Kharif,2023,Clay Loam,101,66,73,6.36
2583,West Bengal,Bardhaman,Maize,Kharif,2023,Clay Loam,29,14,12,4.07
2584,West Bengal,Bardhaman,Cotton,Kharif,2023,Clay Loam,90,37,42,5.8
2585,Maharashtra,Nashik,Wheat,Rabi,2023,Black Soil,5,12,9,5.16
2586,Maharashtra,Nashik,Rice,Kharif,2023,Black Soil,105,35,51,7.37
2587,Maharashtra,Nashik,Maize,Kharif,2023,Black Soil,69,34,26,7.76
2588,Maharashtra,Nashik,Cotton,Kharif,2023,Black Soil,133,33,57,7.78
2589,Maharashtra,Pune,Wheat,Rabi,2023,Black Soil,115,51,53,7.52
2590,Maharashtra,Pune,Rice,Kharif,2023,Black Soil,99,62,54,7.5
2591,Maharashtra,Pune,Maize,Kharif,2023,Black Soil,0,7,14,5.31
2592,Maharashtra,Pune,Cotton,Kharif,2023,Black Soil,88,27,46,7.62
2593,Tamil Nadu,Thanjavur,Wheat,Rabi,2023,Red Loam,84,47,58,6.34
2594,Tamil Nadu,Thanjavur,Rice,Kharif,2023,Red Loam,26,5,3,4.45
2595,Tamil Nadu,Thanjavur,Maize,Kharif,2023,Red Loam,111,33,35,6.62
2596,Tamil Nadu,Thanjavur,Cotton,Kharif,2023,Red Loam,25,1,2,4.87
2597,Andhra Pradesh,Kurnool,Wheat,Rabi,2023,Red Soil,126,51,51,7.36
2598,Andhra Pradesh,Kurnool,Rice,Kharif,2023,Red Soil,84,31,44,7.53
2599,Andhra Pradesh,Kurnool,Maize,Kharif,2023,Red Soil,7,12,12,5.38
2600,Andhra Pradesh,Kurnool,Cotton,Kharif,2023,Red Soil,98,40,41,6.65
2601,Punjab,Ludhiana,Wheat,Rabi,2019,Alluvial,159,57,29,7.97
2602,Punjab,Ludhiana,Rice,Kharif,2019,Alluvial,102,36,44,7.59
2603,Punjab,Ludhiana,Maize,Kharif,2019,Alluvial,95,47,33,7.92
2604,Punjab,Ludhiana,Cotton,Kharif,2019,Alluvial,56,19,39,7.16
2605,Punjab,Patiala,Wheat,Rabi,2019,Alluvial,122,65,30,7.98
2606,Punjab,Patiala,Rice,Kharif,2019,Alluvial,112,49,46,7.65
2607,Punjab,Patiala,Maize,Kharif,2019,Alluvial,90,32,24,7.77
2608,Punjab,Patiala,Cotton,Kharif,2019,Alluvial,17,0,1,4.82
2609,Uttar Pradesh,Kanpur,Wheat,Rabi,2019,Alluvial,17,13,0,5.28
2610,Uttar Pradesh,Kanpur,Rice,Kharif,2019,Alluvial,128,60,55,7.52
2611,Uttar Pradesh,Kanpur,Maize,Kharif,2019,Alluvial,90,40,25,6.68
2612,Uttar Pradesh,Kanpur,Cotton,Kharif,2019,Alluvial,68,49,46,6.87
2613,Uttar Pradesh,Varanasi,Wheat,Rabi,2019,Alluvial,104,62,25,6.89
2614,Uttar Pradesh,Varanasi,Rice,Kharif,2019,Alluvial,52,62,50,7.13
2615,Uttar Pradesh,Varanasi,Maize,Kharif,2019,Alluvial,24,14,9,4.1
2616,Uttar Pradesh,Varanasi,Cotton,Kharif,2019,Alluvial,70,53,29,6.97
2617,West Bengal,Hooghly,Wheat,Rabi,2019,Alluvial,123,59,34,5.91
2618,West Bengal,Hooghly,Rice,Kharif,2019,Alluvial,109,44,66,6.45
2619,West Bengal,Hooghly,Maize,Kharif,2019,Alluvial,5,9,3,4.39
2620,West Bengal,Hooghly,Cotton,Kharif,2019,Alluvial,10,9,2,4.18
2621,West Bengal,Bardhaman,Wheat,Rabi,2019,Clay Loam,19,19,14,4.71
2622,West Bengal,Bardhaman,Rice,Kharif,2019,Clay Loam,127,55,58,6.57
2623,West Bengal,Bardhaman,Maize,Kharif,2019,Clay Loam,52,37,36,6.49
2624,West Bengal,Bardhaman,Cotton,Kharif,2019,Clay Loam,68,51,29,5.91
2625,Maharashtra,Nashik,Wheat,Rabi,2019,Black Soil,127,40,52,8.1
2626,Maharashtra,Nashik,Rice,Kharif,2019,Black Soil,59,39,51,7.9
2627,Maharashtra,Nashik,Maize,Kharif,2019,Black Soil,95,34,20,8.1
2628,Maharashtra,Nashik,Cotton,Kharif,2019,Black Soil,86,44,27,8.15
2629,Maharashtra,Pune,Wheat,Rabi,2019,Black Soil,125,86,25,7.54
2630,Maharashtra,Pune,Rice,Kharif,2019,Black Soil,77,50,41,7.55
2631,Maharashtra,Pune,Maize,Kharif,2019,Black Soil,104,43,46,8.16
2632,Maharashtra,Pune,Cotton,Kharif,2019,Black Soil,49,44,36,7.2
2633,Tamil Nadu,Thanjavur,Wheat,Rabi,2019,Red Loam,27,11,11,5.19
2634,Tamil Nadu,Thanjavur,Rice,Kharif,2019,Red Loam,88,57,45,6.81
2635,Tamil Nadu,Thanjavur,Maize,Kharif,2019,Red Loam,110,41,27,6.93
2636,Tamil Nadu,Thanjavur,Cotton,Kharif,2019,Red Loam,107,42,47,6.57
2637,Andhra Pradesh,Kurnool,Wheat,Rabi,2019,Red Soil,105,64,35,7.91
2638,Andhra Pradesh,Kurnool,Rice,Kharif,2019,Red Soil,92,55,36,7.13
2639,Andhra Pradesh,Kurnool,Maize,Kharif,2019,Red Soil,111,57,42,7.23
2640,Andhra Pradesh,Kurnool,Cotton,Kharif,2019,Red Soil,72,40,39,7.49
2641,Punjab,Ludhiana,Wheat,Rabi,2020,Alluvial,137,81,47,7.64
2642,Punjab,Ludhiana,Rice,Kharif,2020,Alluvial,115,44,66,7.72
2643,Punjab,Ludhiana,Maize,Kharif,2020,Alluvial,132,33,23,7.58
2644,Punjab,Ludhiana,Cotton,Kharif,2020,Alluvial,15,1,11,4.85
2645,Punjab,Patiala,Wheat,Rabi,2020,Alluvial,15,10,7,5.11
2646,Punjab,Patiala,Rice,Kharif,2020,Alluvial,104,40,46,7.69
2647,Punjab,Patiala,Maize,Kharif,2020,Alluvial,91,53,33,7.33
2648,Punjab,Patiala,Cotton,Kharif,2020,Alluvial,95,28,46,8.02
2649,Uttar Pradesh,Kanpur,Wheat,Rabi,2020,Alluvial,127,84,41,7.31
2650,Uttar Pradesh,Kanpur,Rice,Kharif,2020,Alluvial,29,16,11,5.14
2651,Uttar Pradesh,Kanpur,Maize,Kharif,2020,Alluvial,78,31,10,7.36
2652,Uttar Pradesh,Kanpur,Cotton,Kharif,2020,Alluvial,69,25,56,7.23
2653,Uttar Pradesh,Varanasi,Wheat,Rabi,2020,Alluvial,107,70,63,7.01
2654,Uttar Pradesh,Varanasi,Rice,Kharif,2020,Alluvial,109,46,70,7.34
2655,Uttar Pradesh,Varanasi,Maize,Kharif,2020,Alluvial,75,40,36,6.51
2656,Uttar Pradesh,Varanasi,Cotton,Kharif,2020,Alluvial,129,39,37,7.26
2657,West Bengal,Hooghly,Wheat,Rabi,2020,Alluvial,137,53,49,6.23
2658,West Bengal,Hooghly,Rice,Kharif,2020,Alluvial,118,60,43,6.74
2659,West Bengal,Hooghly,Maize,Kharif,2020,Alluvial,95,36,39,6.88
2660,West Bengal,Hooghly,Cotton,Kharif,2020,Alluvial,90,51,25,6.61
2661,West Bengal,Bardhaman,Wheat,Rabi,2020,Clay Loam,20,5,12,4.54
2662,West Bengal,Bardhaman,Rice,Kharif,2020,Clay Loam,116,28,50,6.38
2663,West Bengal,Bardhaman,Maize,Kharif,2020,Clay Loam,73,42,33,6.28
2664,West Bengal,Bardhaman,Cotton,Kharif,2020,Clay Loam,22,15,10,4.44
2665,Maharashtra,Nashik,Wheat,Rabi,2020,Black Soil,99,55,40,8.05
2666,Maharashtra,Nashik,Rice,Kharif,2020,Black Soil,95,49,45,7.83
2667,Maharashtra,Nashik,Maize,Kharif,2020,Black Soil,91,47,36,7.89
2668,Maharashtra,Nashik,Cotton,Kharif,2020,Black Soil,64,22,30,7.83
2669,Maharashtra,Pune,Wheat,Rabi,2020,Black Soil,11,2,3,4.93
2670,Maharashtra,Pune,Rice,Kharif,2020,Black Soil,98,62,44,7.41
2671,Maharashtra,Pune,Maize,Kharif,2020,Black Soil,87,31,34,7.77
2672,Maharashtra,Pune,Cotton,Kharif,2020,Black Soil,94,51,40,6.67
2673,Tamil Nadu,Thanjavur,Wheat,Rabi,2020,Red Loam,18,13,7,5.04
2674,Tamil Nadu,Thanjavur,Rice,Kharif,2020,Red Loam,101,42,54,6.85
2675,Tamil Nadu,Thanjavur,Maize,Kharif,2020,Red Loam,58,56,26,6.92
2676,Tamil Nadu,Thanjavur,Cotton,Kharif,2020,Red Loam,55,56,49,6.78
2677,Andhra Pradesh,Kurnool,Wheat,Rabi,2020,Red Soil,119,61,49,7.3
2678,Andhra Pradesh,Kurnool,Rice,Kharif,2020,Red Soil,11,14,13,4.38
2679,Andhra Pradesh,Kurnool,Maize,Kharif,2020,Red Soil,97,31,31,7.3
2680,Andhra Pradesh,Kurnool,Cotton,Kharif,2020,Red Soil,93,40,41,7.07
2681,Punjab,Ludhiana,Wheat,Rabi,2021,Alluvial,155,63,34,7.05
2682,Punjab,Ludhiana,Rice,Kharif,2021,Alluvial,73,43,56,7.53
2683,Punjab,Ludhiana,Maize,Kharif,2021,Alluvial,112,40,19,7.38
2684,Punjab,Ludhiana,Cotton,Kharif,2021,Alluvial,10,15,5,5.07
2685,Punjab,Patiala,Wheat,Rabi,2021,Alluvial,130,61,39,7.69
2686,Punjab,Patiala,Rice,Kharif,2021,Alluvial,99,66,71,7.42
2687,Punjab,Patiala,Maize,Kharif,2021,Alluvial,78,48,8,7.69
2688,Punjab,Patiala,Cotton,Kharif,2021,Alluvial,104,42,46,7.33
2689,Uttar Pradesh,Kanpur,Wheat,Rabi,2021,Alluvial,120,49,54,8.09
2690,Uttar Pradesh,Kanpur,Rice,Kharif,2021,Alluvial,17,11,10,4.13
2691,Uttar Pradesh,Kanpur,Maize,Kharif,2021,Alluvial,17,19,2,5.28
2692,Uttar Pradesh,Kanpur,Cotton,Kharif,2021,Alluvial,74,47,41,7.01
2693,Uttar Pradesh,Varanasi,Wheat,Rabi,2021,Alluvial,114,51,35,7.43
2694,Uttar Pradesh,Varanasi,Rice,Kharif,2021,Alluvial,74,38,55,6.58
2695,Uttar Pradesh,Varanasi,Maize,Kharif,2021,Alluvial,92,28,25,7.71
2696,Uttar Pradesh,Varanasi,Cotton,Kharif,2021,Alluvial,69,59,27,6.68
2697,West Bengal,Hooghly,Wheat,Rabi,2021,Alluvial,108,56,53,6.28
2698,West Bengal,Hooghly,Rice,Kharif,2021,Alluvial,114,64,61,6.65
2699,West Bengal,Hooghly,Maize,Kharif,2021,Alluvial,23,8,12,5.06
2700,West Bengal,Hooghly,Cotton,Kharif,2021,Alluvial,17,8,0,4.35
2701,West Bengal,Bardhaman,Wheat,Rabi,2021,Clay Loam,130,57,16,5.99
2702,West Bengal,Bardhaman,Rice,Kharif,2021,Clay Loam,121,42,41,5.98
2703,West Bengal,Bardhaman,Maize,Kharif,2021,Clay Loam,101,36,36,5.75
2704,West Bengal,Bardhaman,Cotton,Kharif,2021,Clay Loam,68,46,32,6.75
2705,Maharashtra,Nashik,Wheat,Rabi,2021,Black Soil,95,66,14,7.5
2706,Maharashtra,Nashik,Rice,Kharif,2021,Black Soil,28,6,14,4.38
2707,Maharashtra,Nashik,Maize,Kharif,2021,Black Soil,103,32,52,8.35
2708,Maharashtra,Nashik,Cotton,Kharif,2021,Black Soil,70,41,21,7.64
2709,Maharashtra,Pune,Wheat,Rabi,2021,Black Soil,101,52,31,6.7
2710,Maharashtra,Pune,Rice,Kharif,2021,Black Soil,94,30,53,7.95
2711,Maharashtra,Pune,Maize,Kharif,2021,Black Soil,93,44,21,6.78
2712,Maharashtra,Pune,Cotton,Kharif,2021,Black Soil,79,58,23,7.12
2713,Tamil Nadu,Thanjavur,Wheat,Rabi,2021,Red Loam,95,65,36,7.38
2714,Tamil Nadu,Thanjavur,Rice,Kharif,2021,Red Loam,93,76,56,6.99
2715,Tamil Nadu,Thanjavur,Maize,Kharif,2021,Red Loam,107,52,49,6.32
2716,Tamil Nadu,Thanjavur,Cotton,Kharif,2021,Red Loam,70,32,40,7.06
2717,Andhra Pradesh,Kurnool,Wheat,Rabi,2021,Red Soil,116,74,41,7.0
2718,Andhra Pradesh,Kurnool,Rice,Kharif,2021,Red Soil,22,10,2,4.81
2719,Andhra Pradesh,Kurnool,Maize,Kharif,2021,Red Soil,99,32,35,6.87
2720,Andhra Pradesh,Kurnool,Cotton,Kharif,2021,Red Soil,8,17,0,4.82
2721,Punjab,Ludhiana,Wheat,Rabi,2022,Alluvial,142,48,57,7.94
2722,Punjab,Ludhiana,Rice,Kharif,2022,Alluvial,95,55,39,7.16
2723,Punjab,Ludhiana,Maize,Kharif,2022,Alluvial,14,5,10,5.44
2724,Punjab,Ludhiana,Cotton,Kharif,2022,Alluvial,89,47,63,7.44
2725,Punjab,Patiala,Wheat,Rabi,2022,Alluvial,141,68,45,8.2
2726,Punjab,Patiala,Rice,Kharif,2022,Alluvial,106,46,55,7.86
2727,Punjab,Patiala,Maize,Kharif,2022,Alluvial,73,38,22,7.79
2728,Punjab,Patiala,Cotton,Kharif,2022,Alluvial,48,54,41,7.48
2729,Uttar Pradesh,Kanpur,Wheat,Rabi,2022,Alluvial,76,50,33,6.8
2730,Uttar Pradesh,Kanpur,Rice,Kharif,2022,Alluvial,102,42,64,6.77
2731,Uttar Pradesh,Kanpur,Maize,Kharif,2022,Alluvial,57,41,28,6.94
2732,Uttar Pradesh,Kanpur,Cotton,Kharif,2022,Alluvial,91,53,28,7.06
2733,Uttar Pradesh,Varanasi,Wheat,Rabi,2022,Alluvial,74,60,45,7.11
2734,Uttar Pradesh,Varanasi,Rice,Kharif,2022,Alluvial,81,60,48,6.84
2735,Uttar Pradesh,Varanasi,Maize,Kharif,2022,Alluvial,86,49,24,6.72
2736,Uttar Pradesh,Varanasi,Cotton,Kharif,2022,Alluvial,103,48,45,7.18
2737,West Bengal,Hooghly,Wheat,Rabi,2022,Alluvial,140,48,37,6.63
2738,West Bengal,Hooghly,Rice,Kharif,2022,Alluvial,1,4,4,4.17
2739,West Bengal,Hooghly,Maize,Kharif,2022,Alluvial,104,32,22,6.99
2740,West Bengal,Hooghly,Cotton,Kharif,2022,Alluvial,118,47,21,6.62
2741,West Bengal,Bardhaman,Wheat,Rabi,2022,Clay Loam,133,54,41,6.29
2742,West Bengal,Bardhaman,Rice,Kharif,2022,Clay Loam,104,67,48,6.41
2743,West Bengal,Bardhaman,Maize,Kharif,2022,Clay Loam,101,43,24,5.94
2744,West Bengal,Bardhaman,Cotton,Kharif,2022,Clay Loam,2,5,9,4.15
2745,Maharashtra,Nashik,Wheat,Rabi,2022,Black Soil,123,55,52,7.76
2746,Maharashtra,Nashik,Rice,Kharif,2022,Black Soil,128,52,51,8.44
2747,Maharashtra,Nashik,Maize,Kharif,2022,Black Soil,103,50,21,7.93
2748,Maharashtra,Nashik,Cotton,Kharif,2022,Black Soil,78,31,41,8.14
2749,Maharashtra,Pune,Wheat,Rabi,2022,Black Soil,144,58,35,7.55
2750,Maharashtra,Pune,Rice,Kharif,2022,Black Soil,136,40,67,7.51
2751,Maharashtra,Pune,Maize,Kharif,2022,Black Soil,80,33,40,7.71
2752,Maharashtra,Pune,Cotton,Kharif,2022,Black Soil,86,33,40,7.96
2753,Tamil Nadu,Thanjavur,Wheat,Rabi,2022,Red Loam,109,47,62,7.06
2754,Tamil Nadu,Thanjavur,Rice,Kharif,2022,Red Loam,115,57,55,6.7
2755,Tamil Nadu,Thanjavur,Maize,Kharif,2022,Red Loam,61,53,26,6.59
2756,Tamil Nadu,Thanjavur,Cotton,Kharif,2022,Red Loam,90,41,43,7.16
2757,Andhra Pradesh,Kurnool,Wheat,Rabi,2022,Red Soil,74,66,41,7.58
2758,Andhra Pradesh,Kurnool,Rice,Kharif,2022,Red Soil,104,40,35,6.72
2759,Andhra Pradesh,Kurnool,Maize,Kharif,2022,Red Soil,1,17,12,4.52
2760,Andhra Pradesh,Kurnool,Cotton,Kharif,2022,Red Soil,70,40,45,7.15
2761,Punjab,Ludhiana,Wheat,Rabi,2023,Alluvial,87,50,36,7.8
2762,Punjab,Ludhiana,Rice,Kharif,2023,Alluvial,95,58,40,7.27
2763,Punjab,Ludhiana,Maize,Kharif,2023,Alluvial,86,35,31,7.34
2764,Punjab,Ludhiana,Cotton,Kharif,2023,Alluvial,24,12,2,4.56
2765,Punjab,Patiala,Wheat,Rabi,2023,Alluvial,122,43,37,7.95
2766,Punjab,Patiala,Rice,Kharif,2023,Alluvial,126,68,53,7.75
2767,Punjab,Patiala,Maize,Kharif,2023,Alluvial,110,38,30,7.24
2768,Punjab,Patiala,Cotton,Kharif,2023,Alluvial,3,2,10,4.56
2769,Uttar Pradesh,Kanpur,Wheat,Rabi,2023,Alluvial,150,58,31,6.64
2770,Uttar Pradesh,Kanpur,Rice,Kharif,2023,Alluvial,122,36,44,7.03
2771,Uttar Pradesh,Kanpur,Maize,Kharif,2023,Alluvial,94,33,24,7.81
2772,Uttar Pradesh,Kanpur,Cotton,Kharif,2023,Alluvial,69,27,40,7.11
2773,Uttar Pradesh,Varanasi,Wheat,Rabi,2023,Alluvial,131,72,28,6.28
2774,Uttar Pradesh,Varanasi,Rice,Kharif,2023,Alluvial,142,67,58,6.75
2775,Uttar Pradesh,Varanasi,Maize,Kharif,2023,Alluvial,100,41,51,6.87
2776,Uttar Pradesh,Varanasi,Cotton,Kharif,2023,Alluvial,63,28,38,6.66
2777,West Bengal,Hooghly,Wheat,Rabi,2023,Alluvial,133,69,52,6.28
2778,West Bengal,Hooghly,Rice,Kharif,2023,Alluvial,89,40,37,6.22
2779,West Bengal,Hooghly,Maize,Kharif,2023,Alluvial,98,40,37,6.04
2780,West Bengal,Hooghly,Cotton,Kharif,2023,Alluvial,79,45,26,6.2
2781,West Bengal,Bardhaman,Wheat,Rabi,2023,Clay Loam,126,57,45,6.46
2782,West Bengal,Bardhaman,Rice,Kharif,2023,Clay Loam,146,52,52,6.18
2783,West Bengal,Bardhaman,Maize,Kharif,2023,Clay Loam,88,44,21,5.83
2784,West Bengal,Bardhaman,Cotton,Kharif,2023,Clay Loam,105,45,54,6.16
2785,Maharashtra,Nashik,Wheat,Rabi,2023,Black Soil,136,71,38,7.81
2786,Maharashtra,Nashik,Rice,Kharif,2023,Black Soil,112,57,64,7.9
2787,Maharashtra,Nashik,Maize,Kharif,2023,Black Soil,48,41,49,7.1
2788,Maharashtra,Nashik,Cotton,Kharif,2023,Black Soil,62,35,49,7.76
2789,Maharashtra,Pune,Wheat,Rabi,2023,Black Soil,116,62,35,7.4
2790,Maharashtra,Pune,Rice,Kharif,2023,Black Soil,69,53,59,7.5
2791,Maharashtra,Pune,Maize,Kharif,2023,Black Soil,85,19,30,7.65
2792,Maharashtra,Pune,Cotton,Kharif,2023,Black Soil,71,33,33,7.68
2793,Tamil Nadu,Thanjavur,Wheat,Rabi,2023,Red Loam,89,62,43,6.35
2794,Tamil Nadu,Thanjavur,Rice,Kharif,2023,Red Loam,109,32,56,6.56
2795,Tamil Nadu,Thanjavur,Maize,Kharif,2023,Red Loam,116,42,25,6.89
2796,Tamil Nadu,Thanjavur,Cotton,Kharif,2023,Red Loam,84,47,48,7.32
2797,Andhra Pradesh,Kurnool,Wheat,Rabi,2023,Red Soil,128,41,22,7.32
2798,Andhra Pradesh,Kurnool,Rice,Kharif,2023,Red Soil,102,49,42,7.04
2799,Andhra Pradesh,Kurnool,Maize,Kharif,2023,Red Soil,55,50,45,7.36
2800,Andhra Pradesh,Kurnool,Cotton,Kharif,2023,Red Soil,99,41,50,7.27
2801,Punjab,Ludhiana,Wheat,Rabi,2019,Alluvial,136,65,52,7.36
2802,Punjab,Ludhiana,Rice,Kharif,2019,Alluvial,64,43,51,7.54
2803,Punjab,Ludhiana,Maize,Kharif,2019,Alluvial,88,34,32,7.25
2804,Punjab,Ludhiana,Cotton,Kharif,2019,Alluvial,102,30,53,7.42
2805,Punjab,Patiala,Wheat,Rabi,2019,Alluvial,55,70,27,7.9
2806,Punjab,Patiala,Rice,Kharif,2019,Alluvial,55,46,49,7.98
2807,Punjab,Patiala,Maize,Kharif,2019,Alluvial,57,39,49,7.93
2808,Punjab,Patiala,Cotton,Kharif,2019,Alluvial,78,52,32,7.45
2809,Uttar Pradesh,Kanpur,Wheat,Rabi,2019,Alluvial,136,67,32,7.35
2810,Uttar Pradesh,Kanpur,Rice,Kharif,2019,Alluvial,105,49,56,7.38
2811,Uttar Pradesh,Kanpur,Maize,Kharif,2019,Alluvial,107,52,27,7.52
2812,Uttar Pradesh,Kanpur,Cotton,Kharif,2019,Alluvial,90,41,25,7.29
2813,Uttar Pradesh,Varanasi,Wheat,Rabi,2019,Alluvial,147,73,49,7.06
2814,Uttar Pradesh,Varanasi,Rice,Kharif,2019,Alluvial,126,47,39,6.93
2815,Uttar Pradesh,Varanasi,Maize,Kharif,2019,Alluvial,6,5,5,5.2
2816,Uttar Pradesh,Varanasi,Cotton,Kharif,2019,Alluvial,22,8,10,5.02
2817,West Bengal,Hooghly,Wheat,Rabi,2019,Alluvial,0,5,0,4.35
2818,West Bengal,Hooghly,Rice,Kharif,2019,Alluvial,113,51,63,6.16
2819,West Bengal,Hooghly,Maize,Kharif,2019,Alluvial,105,40,17,6.14
2820,West Bengal,Hooghly,Cotton,Kharif,2019,Alluvial,21,6,2,4.77
2821,West Bengal,Bardhaman,Wheat,Rabi,2019,Clay Loam,87,61,39,6.05
2822,West Bengal,Bardhaman,Rice,Kharif,2019,Clay Loam,107,43,49,6.09
2823,West Bengal,Bardhaman,Maize,Kharif,2019,Clay Loam,76,59,20,6.68
2824,West Bengal,Bardhaman,Cotton,Kharif,2019,Clay Loam,26,15,11,4.06
2825,Maharashtra,Nashik,Wheat,Rabi,2019,Black Soil,136,47,31,7.87
2826,Maharashtra,Nashik,Rice,Kharif,2019,Black Soil,64,46,47,7.78
2827,Maharashtra,Nashik,Maize,Kharif,2019,Black Soil,59,27,12,7.72
2828,Maharashtra,Nashik,Cotton,Kharif,2019,Black Soil,7,19,12,4.89
2829,Maharashtra,Pune,Wheat,Rabi,2019,Black Soil,104,74,25,7.78
2830,Maharashtra,Pune,Rice,Kharif,2019,Black Soil,5,5,13,4.26
2831,Maharashtra,Pune,Maize,Kharif,2019,Black Soil,8,19,3,4.44
2832,Maharashtra,Pune,Cotton,Kharif,2019,Black Soil,121,42,37,7.31
2833,Tamil Nadu,Thanjavur,Wheat,Rabi,2019,Red Loam,126,55,28,6.6
2834,Tamil Nadu,Thanjavur,Rice,Kharif,2019,Red Loam,115,56,55,6.41
2835,Tamil Nadu,Thanjavur,Maize,Kharif,2019,Red Loam,96,34,20,6.42
2836,Tamil Nadu,Thanjavur,Cotton,Kharif,2019,Red Loam,71,39,42,7.03
2837,Andhra Pradesh,Kurnool,Wheat,Rabi,2019,Red Soil,90,51,34,6.01
2838,Andhra Pradesh,Kurnool,Rice,Kharif,2019,Red Soil,90,66,54,7.92
2839,Andhra Pradesh,Kurnool,Maize,Kharif,2019,Red Soil,16,12,14,5.49
2840,Andhra Pradesh,Kurnool,Cotton,Kharif,2019,Red Soil,71,52,36,6.51
2841,Punjab,Ludhiana,Wheat,Rabi,2020,Alluvial,114,50,47,7.77
2842,Punjab,Ludhiana,Rice,Kharif,2020,Alluvial,78,28,51,7.64
2843,Punjab,Ludhiana,Maize,Kharif,2020,Alluvial,117,48,36,7.78
2844,Punjab,Ludhiana,Cotton,Kharif,2020,Alluvial,89,44,67,7.38
2845,Punjab,Patiala,Wheat,Rabi,2020,Alluvial,137,51,21,7.75
2846,Punjab,Patiala,Rice,Kharif,2020,Alluvial,106,49,55,7.59
2847,Punjab,Patiala,Maize,Kharif,2020,Alluvial,16,1,4,4.13
2848,Punjab,Patiala,Cotton,Kharif,2020,Alluvial,83,52,39,7.94
2849,Uttar Pradesh,Kanpur,Wheat,Rabi,2020,Alluvial,131,58,32,7.31
2850,Uttar Pradesh,Kanpur,Rice,Kharif,2020,Alluvial,25,14,10,4.51
2851,Uttar Pradesh,Kanpur,Maize,Kharif,2020,Alluvial,88,39,21,7.56
2852,Uttar Pradesh,Kanpur,Cotton,Kharif,2020,Alluvial,99,30,38,7.21
2853,Uttar Pradesh,Varanasi,Wheat,Rabi,2020,Alluvial,66,62,49,6.96
2854,Uttar Pradesh,Varanasi,Rice,Kharif,2020,Alluvial,113,57,37,6.56
2855,Uttar Pradesh,Varanasi,Maize,Kharif,2020,Alluvial,76,35,30,6.44
2856,Uttar Pradesh,Varanasi,Cotton,Kharif,2020,Alluvial,31,50,45,6.92
2857,West Bengal,Hooghly,Wheat,Rabi,2020,Alluvial,119,49,37,6.49
2858,West Bengal,Hooghly,Rice,Kharif,2020,Alluvial,9,8,6,5.16
2859,West Bengal,Hooghly,Maize,Kharif,2020,Alluvial,110,35,24,6.38
2860,West Bengal,Hooghly,Cotton,Kharif,2020,Alluvial,63,30,60,6.86
2861,West Bengal,Bardhaman,Wheat,Rabi,2020,Clay Loam,106,67,55,6.06
2862,West Bengal,Bardhaman,Rice,Kharif,2020,Clay Loam,29,2,5,4.48
2863,West Bengal,Bardhaman,Maize,Kharif,2020,Clay Loam,82,48,33,5.94
2864,West Bengal,Bardhaman,Cotton,Kharif,2020,Clay Loam,68,49,25,6.04
2865,Maharashtra,Nashik,Wheat,Rabi,2020,Black Soil,88,47,43,8.32
2866,Maharashtra,Nashik,Rice,Kharif,2020,Black Soil,6,13,13,5.03
2867,Maharashtra,Nashik,Maize,Kharif,2020,Black Soil,119,40,37,7.61
2868,Maharashtra,Nashik,Cotton,Kharif,2020,Black Soil,67,31,49,7.52
2869,Maharashtra,Pune,Wheat,Rabi,2020,Black Soil,95,63,44,7.47
2870,Maharashtra,Pune,Rice,Kharif,2020,Black Soil,115,50,48,7.13
2871,Maharashtra,Pune,Maize,Kharif,2020,Black Soil,69,53,21,7.55
2872,Maharashtra,Pune,Cotton,Kharif,2020,Black Soil,103,42,26,7.44
2873,Tamil Nadu,Thanjavur,Wheat,Rabi,2020,Red Loam,118,62,36,7.26
2874,Tamil Nadu,Thanjavur,Rice,Kharif,2020,Red Loam,60,66,44,6.5
2875,Tamil Nadu,Thanjavur,Maize,Kharif,2020,Red Loam,84,48,46,6.79
2876,Tamil Nadu,Thanjavur,Cotton,Kharif,2020,Red Loam,95,46,46,6.26
2877,Andhra Pradesh,Kurnool,Wheat,Rabi,2020,Red Soil,108,70,53,6.84
2878,Andhra Pradesh,Kurnool,Rice,Kharif,2020,Red Soil,66,47,39,6.88
2879,Andhra Pradesh,Kurnool,Maize,Kharif,2020,Red Soil,86,29,32,7.05
2880,Andhra Pradesh,Kurnool,Cotton,Kharif,2020,Red Soil,87,44,39,7.52
2881,Punjab,Ludhiana,Wheat,Rabi,2021,Alluvial,118,63,48,7.7
2882,Punjab,Ludhiana,Rice,Kharif,2021,Alluvial,28,16,3,4.92
2883,Punjab,Ludhiana,Maize,Kharif,2021,Alluvial,113,36,23,7.35
2884,Punjab,Ludhiana,Cotton,Kharif,2021,Alluvial,92,25,36,7.98
2885,Punjab,Patiala,Wheat,Rabi,2021,Alluvial,103,59,20,7.78
2886,Punjab,Patiala,Rice,Kharif,2021,Alluvial,0,16,13,4.31
2887,Punjab,Patiala,Maize,Kharif,2021,Alluvial,80,47,41,6.61
2888,Punjab,Patiala,Cotton,Kharif,2021,Alluvial,30,51,50,7.22
2889,Uttar Pradesh,Kanpur,Wheat,Rabi,2021,Alluvial,117,63,45,7.22
2890,Uttar Pradesh,Kanpur,Rice,Kharif,2021,Alluvial,87,36,46,7.85
2891,Uttar Pradesh,Kanpur,Maize,Kharif,2021,Alluvial,65,31,27,7.0
2892,Uttar Pradesh,Kanpur,Cotton,Kharif,2021,Alluvial,116,19,42,6.97
2893,Uttar Pradesh,Varanasi,Wheat,Rabi,2021,Alluvial,113,52,38,7.07
2894,Uttar Pradesh,Varanasi,Rice,Kharif,2021,Alluvial,99,56,57,7.12
2895,Uttar Pradesh,Varanasi,Maize,Kharif,2021,Alluvial,74,48,22,6.97
2896,Uttar Pradesh,Varanasi,Cotton,Kharif,2021,Alluvial,91,50,32,6.94
2897,West Bengal,Hooghly,Wheat,Rabi,2021,Alluvial,117,80,36,6.24
2898,West Bengal,Hooghly,Rice,Kharif,2021,Alluvial,115,50,37,6.17
2899,West Bengal,Hooghly,Maize,Kharif,2021,Alluvial,97,38,30,6.08
2900,West Bengal,Hooghly,Cotton,Kharif,2021,Alluvial,25,19,10,5.1
2901,West Bengal,Bardhaman,Wheat,Rabi,2021,Clay Loam,103,73,60,6.38
2902,West Bengal,Bardhaman,Rice,Kharif,2021,Clay Loam,85,44,46,5.91
2903,West Bengal,Bardhaman,Maize,Kharif,2021,Clay Loam,97,28,33,6.21
2904,West Bengal,Bardhaman,Cotton,Kharif,2021,Clay Loam,20,1,1,5.12
2905,Maharashtra,Nashik,Wheat,Rabi,2021,Black Soil,3,1,1,4.65
2906,Maharashtra,Nashik,Rice,Kharif,2021,Black Soil,81,50,40,8.22
2907,Maharashtra,Nashik,Maize,Kharif,2021,Black Soil,110,21,28,7.83
2908,Maharashtra,Nashik,Cotton,Kharif,2021,Black Soil,98,31,47,7.54
2909,Maharashtra,Pune,Wheat,Rabi,2021,Black Soil,127,60,37,7.88
2910,Maharashtra,Pune,Rice,Kharif,2021,Black Soil,112,50,65,7.96
2911,Maharashtra,Pune,Maize,Kharif,2021,Black Soil,102,30,32,7.39
2912,Maharashtra,Pune,Cotton,Kharif,2021,Black Soil,101,41,45,7.61
2913,Tamil Nadu,Thanjavur,Wheat,Rabi,2021,Red Loam,96,47,38,7.07
2914,Tamil Nadu,Thanjavur,Rice,Kharif,2021,Red Loam,99,41,49,6.74
2915,Tamil Nadu,Thanjavur,Maize,Kharif,2021,Red Loam,85,60,33,6.61
2916,Tamil Nadu,Thanjavur,Cotton,Kharif,2021,Red Loam,94,37,25,6.97
2917,Andhra Pradesh,Kurnool,Wheat,Rabi,2021,Red Soil,99,56,42,7.02
2918,Andhra Pradesh,Kurnool,Rice,Kharif,2021,Red Soil,70,54,56,6.87
2919,Andhra Pradesh,Kurnool,Maize,Kharif,2021,Red Soil,91,25,34,7.55
2920,Andhra Pradesh,Kurnool,Cotton,Kharif,2021,Red Soil,27,13,6,4.86
2921,Punjab,Ludhiana,Wheat,Rabi,2022,Alluvial,107,77,24,7.06
2922,Punjab,Ludhiana,Rice,Kharif,2022,Alluvial,128,63,45,7.9
2923,Punjab,Ludhiana,Maize,Kharif,2022,Alluvial,15,9,10,5.12
2924,Punjab,Ludhiana,Cotton,Kharif,2022,Alluvial,116,25,28,7.1
2925,Punjab,Patiala,Wheat,Rabi,2022,Alluvial,134,59,39,7.99
2926,Punjab,Patiala,Rice,Kharif,2022,Alluvial,95,43,52,7.63
2927,Punjab,Patiala,Maize,Kharif,2022,Alluvial,86,36,17,7.93
2928,Punjab,Patiala,Cotton,Kharif,2022,Alluvial,65,50,35,7.74
2929,Uttar Pradesh,Kanpur,Wheat,Rabi,2022,Alluvial,119,44,26,7.43
2930,Uttar Pradesh,Kanpur,Rice,Kharif,2022,Alluvial,111,51,60,7.4
2931,Uttar Pradesh,Kanpur,Maize,Kharif,2022,Alluvial,83,29,36,7.28
2932,Uttar Pradesh,Kanpur,Cotton,Kharif,2022,Alluvial,82,34,53,7.56
2933,Uttar Pradesh,Varanasi,Wheat,Rabi,2022,Alluvial,114,35,49,6.79
2934,Uttar Pradesh,Varanasi,Rice,Kharif,2022,Alluvial,7,6,12,4.55
2935,Uttar Pradesh,Varanasi,Maize,Kharif,2022,Alluvial,109,30,48,7.08
2936,Uttar Pradesh,Varanasi,Cotton,Kharif,2022,Alluvial,92,29,30,7.15
2937,West Bengal,Hooghly,Wheat,Rabi,2022,Alluvial,108,56,51,6.35
2938,West Bengal,Hooghly,Rice,Kharif,2022,Alluvial,154,50,61,6.57
2939,West Bengal,Hooghly,Maize,Kharif,2022,Alluvial,56,33,38,6.24
2940,West Bengal,Hooghly,Cotton,Kharif,2022,Alluvial,76,32,33,6.35
2941,West Bengal,Bardhaman,Wheat,Rabi,2022,Clay Loam,147,50,35,6.3
2942,West Bengal,Bardhaman,Rice,Kharif,2022,Clay Loam,116,51,45,5.94
2943,West Bengal,Bardhaman,Maize,Kharif,2022,Clay Loam,108,47,39,6.21
2944,West Bengal,Bardhaman,Cotton,Kharif,2022,Clay Loam,22,11,9,4.33
2945,Maharashtra,Nashik,Wheat,Rabi,2022,Black Soil,144,52,40,7.65
2946,Maharashtra,Nashik,Rice,Kharif,2022,Black Soil,82,47,50,8.0
2947,Maharashtra,Nashik,Maize,Kharif,2022,Black Soil,87,51,27,8.17
2948,Maharashtra,Nashik,Cotton,Kharif,2022,Black Soil,80,47,37,7.52
2949,Maharashtra,Pune,Wheat,Rabi,2022,Black Soil,111,68,42,7.88
2950,Maharashtra,Pune,Rice,Kharif,2022,Black Soil,102,57,56,7.37
2951,Maharashtra,Pune,Maize,Kharif,2022,Black Soil,118,47,34,7.45
2952,Maharashtra,Pune,Cotton,Kharif,2022,Black Soil,66,56,47,7.23
2953,Tamil Nadu,Thanjavur,Wheat,Rabi,2022,Red Loam,102,43,43,7.18
2954,Tamil Nadu,Thanjavur,Rice,Kharif,2022,Red Loam,2,0,13,4.61
2955,Tamil Nadu,Thanjavur,Maize,Kharif,2022,Red Loam,106,33,21,7.08
2956,Tamil Nadu,Thanjavur,Cotton,Kharif,2022,Red Loam,80,40,42,7.12
2957,Andhra Pradesh,Kurnool,Wheat,Rabi,2022,Red Soil,137,49,40,6.93
2958,Andhra Pradesh,Kurnool,Rice,Kharif,2022,Red Soil,93,46,40,7.04
2959,Andhra Pradesh,Kurnool,Maize,Kharif,2022,Red Soil,115,34,18,7.08
2960,Andhra Pradesh,Kurnool,Cotton,Kharif,2022,Red Soil,64,55,46,7.07
2961,Punjab,Ludhiana,Wheat,Rabi,2023,Alluvial,85,59,32,7.91
2962,Punjab,Ludhiana,Rice,Kharif,2023,Alluvial,84,61,66,6.89
2963,Punjab,Ludhiana,Maize,Kharif,2023,Alluvial,89,43,24,7.34
2964,Punjab,Ludhiana,Cotton,Kharif,2023,Alluvial,94,23,57,7.29
2965,Punjab,Patiala,Wheat,Rabi,2023,Alluvial,28,0,8,5.16
2966,Punjab,Patiala,Rice,Kharif,2023,Alluvial,83,77,50,7.43
2967,Punjab,Patiala,Maize,Kharif,2023,Alluvial,3,2,0,4.81
2968,Punjab,Patiala,Cotton,Kharif,2023,Alluvial,105,51,30,7.78
2969,Uttar Pradesh,Kanpur,Wheat,Rabi,2023,Alluvial,161,54,46,6.86
2970,Uttar Pradesh,Kanpur,Rice,Kharif,2023,Alluvial,70,79,62,7.19
2971,Uttar Pradesh,Kanpur,Maize,Kharif,2023,Alluvial,65,35,38,7.67
2972,Uttar Pradesh,Kanpur,Cotton,Kharif,2023,Alluvial,100,49,40,6.81
2973,Uttar Pradesh,Varanasi,Wheat,Rabi,2023,Alluvial,127,70,39,7.48
2974,Uttar Pradesh,Varanasi,Rice,Kharif,2023,Alluvial,119,39,52,7.11
2975,Uttar Pradesh,Varanasi,Maize,Kharif,2023,Alluvial,76,44,25,6.95
2976,Uttar Pradesh,Varanasi,Cotton,Kharif,2023,Alluvial,105,46,31,6.9
2977,West Bengal,Hooghly,Wheat,Rabi,2023,Alluvial,105,53,29,6.47
2978,West Bengal,Hooghly,Rice,Kharif,2023,Alluvial,85,57,45,6.38
2979,West Bengal,Hooghly,Maize,Kharif,2023,Alluvial,40,41,12,5.9
2980,West Bengal,Hooghly,Cotton,Kharif,2023,Alluvial,77,25,31,6.77
2981,West Bengal,Bardhaman,Wheat,Rabi,2023,Clay Loam,126,57,54,6.48
2982,West Bengal,Bardhaman,Rice,Kharif,2023,Clay Loam,22,2,6,5.21
2983,West Bengal,Bardhaman,Maize,Kharif,2023,Clay Loam,97,45,36,6.2
2984,West Bengal,Bardhaman,Cotton,Kharif,2023,Clay Loam,69,39,31,5.99
2985,Maharashtra,Nashik,Wheat,Rabi,2023,Black Soil,112,47,49,7.78
2986,Maharashtra,Nashik,Rice,Kharif,2023,Black Soil,116,51,52,8.14
2987,Maharashtra,Nashik,Maize,Kharif,2023,Black Soil,99,50,32,7.55
2988,Maharashtra,Nashik,Cotton,Kharif,2023,Black Soil,5,15,10,4.2
2989,Maharashtra,Pune,Wheat,Rabi,2023,Black Soil,146,69,47,7.45
2990,Maharashtra,Pune,Rice,Kharif,2023,Black Soil,8,10,2,5.36
2991,Maharashtra,Pune,Maize,Kharif,2023,Black Soil,70,36,27,8.09
2992,Maharashtra,Pune,Cotton,Kharif,2023,Black Soil,25,10,9,4.45
2993,Tamil Nadu,Thanjavur,Wheat,Rabi,2023,Red Loam,120,55,26,6.43
2994,Tamil Nadu,Thanjavur,Rice,Kharif,2023,Red Loam,112,42,41,6.66
2995,Tamil Nadu,Thanjavur,Maize,Kharif,2023,Red Loam,42,43,37,6.68
2996,Tamil Nadu,Thanjavur,Cotton,Kharif,2023,Red Loam,101,32,41,6.75
2997,Andhra Pradesh,Kurnool,Wheat,Rabi,2023,Red Soil,116,70,25,7.1
2998,Andhra Pradesh,Kurnool,Rice,Kharif,2023,Red Soil,118,40,55,7.05
2999,Andhra Pradesh,Kurnool,Maize,Kharif,2023,Red Soil,83,37,32,7.64
3000,Andhra Pradesh,Kurnool,Cotton,Kharif,2023,Red Soil,103,43,33,7.1
3001,Punjab,Ludhiana,Wheat,Rabi,2019,Alluvial,154,61,43,7.17
3002,Punjab,Ludhiana,Rice,Kharif,2019,Alluvial,8,12,8,4.95
3003,Punjab,Ludhiana,Maize,Kharif,2019,Alluvial,112,44,37,7.57
3004,Punjab,Ludhiana,Cotton,Kharif,2019,Alluvial,66,30,45,7.76
3005,Punjab,Patiala,Wheat,Rabi,2019,Alluvial,137,55,47,7.6
3006,Punjab,Patiala,Rice,Kharif,2019,Alluvial,107,47,41,7.17
3007,Punjab,Patiala,Maize,Kharif,2019,Alluvial,23,18,1,5.24
3008,Punjab,Patiala,Cotton,Kharif,2019,Alluvial,76,35,20,8.04
3009,Uttar Pradesh,Kanpur,Wheat,Rabi,2019,Alluvial,1,3,9,4.6
3010,Uttar Pradesh,Kanpur,Rice,Kharif,2019,Alluvial,129,60,62,6.91
3011,Uttar Pradesh,Kanpur,Maize,Kharif,2019,Alluvial,59,45,18,7.53
3012,Uttar Pradesh,Kanpur,Cotton,Kharif,2019,Alluvial,51,40,32,7.44
3013,Uttar Pradesh,Varanasi,Wheat,Rabi,2019,Alluvial,107,73,40,6.87
3014,Uttar Pradesh,Varanasi,Rice,Kharif,2019,Alluvial,101,55,45,7.26
3015,Uttar Pradesh,Varanasi,Maize,Kharif,2019,Alluvial,126,50,16,6.67
3016,Uttar Pradesh,Varanasi,Cotton,Kharif,2019,Alluvial,7,0,3,4.98
3017,West Bengal,Hooghly,Wheat,Rabi,2019,Alluvial,139,54,37,7.11
3018,West Bengal,Hooghly,Rice,Kharif,2019,Alluvial,71,49,43,6.92
3019,West Bengal,Hooghly,Maize,Kharif,2019,Alluvial,19,10,2,4.8
3020,West Bengal,Hooghly,Cotton,Kharif,2019,Alluvial,0,3,6,5.2
3021,West Bengal,Bardhaman,Wheat,Rabi,2019,Clay Loam,88,62,42,6.53
3022,West Bengal,Bardhaman,Rice,Kharif,2019,Clay Loam,83,38,53,6.77
3023,West Bengal,Bardhaman,Maize,Kharif,2019,Clay Loam,69,51,41,6.26
3024,West Bengal,Bardhaman,Cotton,Kharif,2019,Clay Loam,88,35,20,6.33
3025,Maharashtra,Nashik,Wheat,Rabi,2019,Black Soil,124,60,38,7.29
3026,Maharashtra,Nashik,Rice,Kharif,2019,Black Soil,93,50,37,7.74
3027,Maharashtra,Nashik,Maize,Kharif,2019,Black Soil,95,43,35,7.67
3028,Maharashtra,Nashik,Cotton,Kharif,2019,Black Soil,101,42,34,7.56
3029,Maharashtra,Pune,Wheat,Rabi,2019,Black Soil,133,51,42,7.82
3030,Maharashtra,Pune,Rice,Kharif,2019,Black Soil,19,8,1,5.11
3031,Maharashtra,Pune,Maize,Kharif,2019,Black Soil,112,36,29,6.84
3032,Maharashtra,Pune,Cotton,Kharif,2019,Black Soil,3,10,3,4.14
3033,Tamil Nadu,Thanjavur,Wheat,Rabi,2019,Red Loam,116,75,31,6.88
3034,Tamil Nadu,Thanjavur,Rice,Kharif,2019,Red Loam,99,67,60,6.81
3035,Tamil Nadu,Thanjavur,Maize,Kharif,2019,Red Loam,72,50,33,6.96
3036,Tamil Nadu,Thanjavur,Cotton,Kharif,2019,Red Loam,71,29,27,6.96
3037,Andhra Pradesh,Kurnool,Wheat,Rabi,2019,Red Soil,80,73,40,7.25
3038,Andhra Pradesh,Kurnool,Rice,Kharif,2019,Red Soil,102,65,65,6.86
3039,Andhra Pradesh,Kurnool,Maize,Kharif,2019,Red Soil,82,43,29,7.19
3040,Andhra Pradesh,Kurnool,Cotton,Kharif,2019,Red Soil,80,32,32,7.1
3041,Punjab,Ludhiana,Wheat,Rabi,2020,Alluvial,122,81,53,7.7
3042,Punjab,Ludhiana,Rice,Kharif,2020,Alluvial,124,54,51,7.19
3043,Punjab,Ludhiana,Maize,Kharif,2020,Alluvial,87,20,36,7.01
3044,Punjab,Ludhiana,Cotton,Kharif,2020,Alluvial,85,42,21,7.43
3045,Punjab,Patiala,Wheat,Rabi,2020,Alluvial,145,65,33,7.64
3046,Punjab,Patiala,Rice,Kharif,2020,Alluvial,102,53,53,7.72
3047,Punjab,Patiala,Maize,Kharif,2020,Alluvial,125,40,20,7.73
3048,Punjab,Patiala,Cotton,Kharif,2020,Alluvial,93,54,42,7.58
3049,Uttar Pradesh,Kanpur,Wheat,Rabi,2020,Alluvial,139,39,53,6.53
3050,Uttar Pradesh,Kanpur,Rice,Kharif,2020,Alluvial,104,48,36,7.26
3051,Uttar Pradesh,Kanpur,Maize,Kharif,2020,Alluvial,26,7,13,5.09
3052,Uttar Pradesh,Kanpur,Cotton,Kharif,2020,Alluvial,4,12,9,5.12
3053,Uttar Pradesh,Varanasi,Wheat,Rabi,2020,Alluvial,129,59,39,6.84
3054,Uttar Pradesh,Varanasi,Rice,Kharif,2020,Alluvial,101,29,50,6.89
3055,Uttar Pradesh,Varanasi,Maize,Kharif,2020,Alluvial,96,34,31,6.85
3056,Uttar Pradesh,Varanasi,Cotton,Kharif,2020,Alluvial,101,37,46,7.05
3057,West Bengal,Hooghly,Wheat,Rabi,2020,Alluvial,113,48,54,6.37
3058,West Bengal,Hooghly,Rice,Kharif,2020,Alluvial,25,0,14,4.3
3059,West Bengal,Hooghly,Maize,Kharif,2020,Alluvial,81,52,26,6.39
3060,West Bengal,Hooghly,Cotton,Kharif,2020,Alluvial,78,57,48,6.67
3061,West Bengal,Bardhaman,Wheat,Rabi,2020,Clay Loam,112,43,33,6.09
3062,West Bengal,Bardhaman,Rice,Kharif,2020,Clay Loam,80,48,53,5.9
3063,West Bengal,Bardhaman,Maize,Kharif,2020,Clay Loam,77,63,48,5.68
3064,West Bengal,Bardhaman,Cotton,Kharif,2020,Clay Loam,18,12,8,4.28
3065,Maharashtra,Nashik,Wheat,Rabi,2020,Black Soil,133,56,41,8.21
3066,Maharashtra,Nashik,Rice,Kharif,2020,Black Soil,25,15,4,4.53
3067,Maharashtra,Nashik,Maize,Kharif,2020,Black Soil,5,16,8,4.95
3068,Maharashtra,Nashik,Cotton,Kharif,2020,Black Soil,80,49,49,7.71
3069,Maharashtra,Pune,Wheat,Rabi,2020,Black Soil,130,60,40,7.57
3070,Maharashtra,Pune,Rice,Kharif,2020,Black Soil,103,43,54,7.21
3071,Maharashtra,Pune,Maize,Kharif,2020,Black Soil,103,64,24,7.69
3072,Maharashtra,Pune,Cotton,Kharif,2020,Black Soil,63,41,36,7.66
3073,Tamil Nadu,Thanjavur,Wheat,Rabi,2020,Red Loam,105,46,49,6.84
3074,Tamil Nadu,Thanjavur,Rice,Kharif,2020,Red Loam,100,62,43,6.92
3075,Tamil Nadu,Thanjavur,Maize,Kharif,2020,Red Loam,99,33,36,6.78
3076,Tamil Nadu,Thanjavur,Cotton,Kharif,2020,Red Loam,90,34,53,7.47
3077,Andhra Pradesh,Kurnool,Wheat,Rabi,2020,Red Soil,125,41,61,7.46
3078,Andhra Pradesh,Kurnool,Rice,Kharif,2020,Red Soil,56,40,48,7.57
3079,Andhra Pradesh,Kurnool,Maize,Kharif,2020,Red Soil,87,18,33,7.19
3080,Andhra Pradesh,Kurnool,Cotton,Kharif,2020,Red Soil,28,37,39,7.21
3081,Punjab,Ludhiana,Wheat,Rabi,2021,Alluvial,118,64,56,7.7
3082,Punjab,Ludhiana,Rice,Kharif,2021,Alluvial,107,45,50,7.46
3083,Punjab,Ludhiana,Maize,Kharif,2021,Alluvial,41,35,24,7.36
3084,Punjab,Ludhiana,Cotton,Kharif,2021,Alluvial,63,34,51,7.35
3085,Punjab,Patiala,Wheat,Rabi,2021,Alluvial,135,48,29,7.36
3086,Punjab,Patiala,Rice,Kharif,2021,Alluvial,93,59,42,7.53
3087,Punjab,Patiala,Maize,Kharif,2021,Alluvial,18,6,11,5.34
3088,Punjab,Patiala,Cotton,Kharif,2021,Alluvial,19,12,7,5.39
3089,Uttar Pradesh,Kanpur,Wheat,Rabi,2021,Alluvial,99,76,48,6.92
3090,Uttar Pradesh,Kanpur,Rice,Kharif,2021,Alluvial,113,51,38,7.43
3091,Uttar Pradesh,Kanpur,Maize,Kharif,2021,Alluvial,74,37,32,7.57
3092,Uttar Pradesh,Kanpur,Cotton,Kharif,2021,Alluvial,84,58,34,6.8
3093,Uttar Pradesh,Varanasi,Wheat,Rabi,2021,Alluvial,146,54,57,7.09
3094,Uttar Pradesh,Varanasi,Rice,Kharif,2021,Alluvial,91,51,46,6.96
3095,Uttar Pradesh,Varanasi,Maize,Kharif,2021,Alluvial,70,32,36,6.73
3096,Uttar Pradesh,Varanasi,Cotton,Kharif,2021,Alluvial,103,61,48,7.21
3097,West Bengal,Hooghly,Wheat,Rabi,2021,Alluvial,136,62,45,6.46
3098,West Bengal,Hooghly,Rice,Kharif,2021,Alluvial,95,38,57,6.61
3099,West Bengal,Hooghly,Maize,Kharif,2021,Alluvial,94,36,17,7.02
3100,West Bengal,Hooghly,Cotton,Kharif,2021,Alluvial,95,50,52,6.11
3101,West Bengal,Bardhaman,Wheat,Rabi,2021,Clay Loam,111,54,52,6.63
3102,West Bengal,Bardhaman,Rice,Kharif,2021,Clay Loam,105,56,67,6.17
3103,West Bengal,Bardhaman,Maize,Kharif,2021,Clay Loam,88,34,45,6.62
3104,West Bengal,Bardhaman,Cotton,Kharif,2021,Clay Loam,117,56,48,6.26
3105,Maharashtra,Nashik,Wheat,Rabi,2021,Black Soil,132,54,56,7.59
3106,Maharashtra,Nashik,Rice,Kharif,2021,Black Soil,113,51,57,7.6
3107,Maharashtra,Nashik,Maize,Kharif,2021,Black Soil,136,47,19,7.51
3108,Maharashtra,Nashik,Cotton,Kharif,2021,Black Soil,71,31,22,8.15
3109,Maharashtra,Pune,Wheat,Rabi,2021,Black Soil,166,66,26,7.76
3110,Maharashtra,Pune,Rice,Kharif,2021,Black Soil,92,56,45,7.97
3111,Maharashtra,Pune,Maize,Kharif,2021,Black Soil,94,37,22,7.51
3112,Maharashtra,Pune,Cotton,Kharif,2021,Black Soil,76,41,39,7.63
3113,Tamil Nadu,Thanjavur,Wheat,Rabi,2021,Red Loam,6,19,7,4.6
3114,Tamil Nadu,Thanjavur,Rice,Kharif,2021,Red Loam,73,39,44,6.65
3115,Tamil Nadu,Thanjavur,Maize,Kharif,2021,Red Loam,63,30,43,6.95
3116,Tamil Nadu,Thanjavur,Cotton,Kharif,2021,Red Loam,90,56,59,6.76
3117,Andhra Pradesh,Kurnool,Wheat,Rabi,2021,Red Soil,97,57,20,7.21
3118,Andhra Pradesh,Kurnool,Rice,Kharif,2021,Red Soil,92,48,48,7.15
3119,Andhra Pradesh,Kurnool,Maize,Kharif,2021,Red Soil,65,22,37,7.06
3120,Andhra Pradesh,Kurnool,Cotton,Kharif,2021,Red Soil,93,28,37,6.83
3121,Punjab,Ludhiana,Wheat,Rabi,2022,Alluvial,25,13,0,4.59
3122,Punjab,Ludhiana,Rice,Kharif,2022,Alluvial,22,17,14,4.09
3123,Punjab,Ludhiana,Maize,Kharif,2022,Alluvial,61,52,35,7.51
3124,Punjab,Ludhiana,Cotton,Kharif,2022,Alluvial,87,30,34,7.55
3125,Punjab,Patiala,Wheat,Rabi,2022,Alluvial,123,51,42,7.67
3126,Punjab,Patiala,Rice,Kharif,2022,Alluvial,23,7,1,5.14
3127,Punjab,Patiala,Maize,Kharif,2022,Alluvial,103,29,28,7.62
3128,Punjab,Patiala,Cotton,Kharif,2022,Alluvial,94,53,19,7.88
3129,Uttar Pradesh,Kanpur,Wheat,Rabi,2022,Alluvial,127,56,50,6.87
3130,Uttar Pradesh,Kanpur,Rice,Kharif,2022,Alluvial,119,45,57,7.18
3131,Uttar Pradesh,Kanpur,Maize,Kharif,2022,Alluvial,29,12,6,4.94
3132,Uttar Pradesh,Kanpur,Cotton,Kharif,2022,Alluvial,70,56,28,7.38
3133,Uttar Pradesh,Varanasi,Wheat,Rabi,2022,Alluvial,160,71,36,7.0
3134,Uttar Pradesh,Varanasi,Rice,Kharif,2022,Alluvial,72,33,70,6.84
3135,Uttar Pradesh,Varanasi,Maize,Kharif,2022,Alluvial,27,17,13,5.11
3136,Uttar Pradesh,Varanasi,Cotton,Kharif,2022,Alluvial,88,47,51,7.7
3137,West Bengal,Hooghly,Wheat,Rabi,2022,Alluvial,121,71,39,6.59
3138,West Bengal,Hooghly,Rice,Kharif,2022,Alluvial,68,55,39,5.44
3139,West Bengal,Hooghly,Maize,Kharif,2022,Alluvial,29,12,2,4.07
3140,West Bengal,Hooghly,Cotton,Kharif,2022,Alluvial,94,60,40,6.25
3141,West Bengal,Bardhaman,Wheat,Rabi,2022,Clay Loam,138,79,35,6.2
3142,West Bengal,Bardhaman,Rice,Kharif,2022,Clay Loam,18,12,7,4.46
3143,West Bengal,Bardhaman,Maize,Kharif,2022,Clay Loam,88,47,26,5.9
3144,West Bengal,Bardhaman,Cotton,Kharif,2022,Clay Loam,86,31,49,5.64
3145,Maharashtra,Nashik,Wheat,Rabi,2022,Black Soil,132,61,40,8.17
3146,Maharashtra,Nashik,Rice,Kharif,2022,Black Soil,73,55,53,8.16
3147,Maharashtra,Nashik,Maize,Kharif,2022,Black Soil,75,30,46,8.16
3148,Maharashtra,Nashik,Cotton,Kharif,2022,Black Soil,99,35,55,8.01
3149,Maharashtra,Pune,Wheat,Rabi,2022,Black Soil,7,17,5,4.93
3150,Maharashtra,Pune,Rice,Kharif,2022,Black Soil,58,42,60,7.48
3151,Maharashtra,Pune,Maize,Kharif,2022,Black Soil,83,34,44,7.33
3152,Maharashtra,Pune,Cotton,Kharif,2022,Black Soil,86,27,41,7.68
3153,Tamil Nadu,Thanjavur,Wheat,Rabi,2022,Red Loam,115,45,42,6.89
3154,Tamil Nadu,Thanjavur,Rice,Kharif,2022,Red Loam,100,66,55,7.03
3155,Tamil Nadu,Thanjavur,Maize,Kharif,2022,Red Loam,109,41,34,7.33
3156,Tamil Nadu,Thanjavur,Cotton,Kharif,2022,Red Loam,61,28,52,6.49
3157,Andhra Pradesh,Kurnool,Wheat,Rabi,2022,Red Soil,23,11,10,4.49
3158,Andhra Pradesh,Kurnool,Rice,Kharif,2022,Red Soil,99,50,34,7.27
3159,Andhra Pradesh,Kurnool,Maize,Kharif,2022,Red Soil,118,26,33,7.66
3160,Andhra Pradesh,Kurnool,Cotton,Kharif,2022,Red Soil,80,44,30,6.86
3161,Punjab,Ludhiana,Wheat,Rabi,2023,Alluvial,121,56,41,7.49
3162,Punjab,Ludhiana,Rice,Kharif,2023,Alluvial,66,45,42,7.36
3163,Punjab,Ludhiana,Maize,Kharif,2023,Alluvial,67,39,22,7.75
3164,Punjab,Ludhiana,Cotton,Kharif,2023,Alluvial,13,19,7,5.11
3165,Punjab,Patiala,Wheat,Rabi,2023,Alluvial,124,59,32,7.88
3166,Punjab,Patiala,Rice,Kharif,2023,Alluvial,121,56,44,7.82
3167,Punjab,Patiala,Maize,Kharif,2023,Alluvial,121,38,33,7.76
3168,Punjab,Patiala,Cotton,Kharif,2023,Alluvial,68,53,19,7.86
3169,Uttar Pradesh,Kanpur,Wheat,Rabi,2023,Alluvial,117,57,35,7.13
3170,Uttar Pradesh,Kanpur,Rice,Kharif,2023,Alluvial,117,55,43,7.13
3171,Uttar Pradesh,Kanpur,Maize,Kharif,2023,Alluvial,104,31,30,7.07
3172,Uttar Pradesh,Kanpur,Cotton,Kharif,2023,Alluvial,29,31,36,7.34
3173,Uttar Pradesh,Varanasi,Wheat,Rabi,2023,Alluvial,141,68,53,7.23
3174,Uttar Pradesh,Varanasi,Rice,Kharif,2023,Alluvial,55,39,47,7.2
3175,Uttar Pradesh,Varanasi,Maize,Kharif,2023,Alluvial,84,35,26,6.78
3176,Uttar Pradesh,Varanasi,Cotton,Kharif,2023,Alluvial,94,48,22,6.74
3177,West Bengal,Hooghly,Wheat,Rabi,2023,Alluvial,24,10,10,5.37
3178,West Bengal,Hooghly,Rice,Kharif,2023,Alluvial,87,25,30,6.38
3179,West Bengal,Hooghly,Maize,Kharif,2023,Alluvial,123,50,33,6.75
3180,West Bengal,Hooghly,Cotton,Kharif,2023,Alluvial,22,0,2,5.0
3181,West Bengal,Bardhaman,Wheat,Rabi,2023,Clay Loam,133,55,36,5.81
3182,West Bengal,Bardhaman,Rice,Kharif,2023,Clay Loam,124,43,37,6.41
3183,West Bengal,Bardhaman,Maize,Kharif,2023,Clay Loam,77,36,45,6.28
3184,West Bengal,Bardhaman,Cotton,Kharif,2023,Clay Loam,103,50,48,6.59
3185,Maharashtra,Nashik,Wheat,Rabi,2023,Black Soil,123,79,45,8.2
3186,Maharashtra,Nashik,Rice,Kharif,2023,Black Soil,19,5,11,4.36
3187,Maharashtra,Nashik,Maize,Kharif,2023,Black Soil,95,46,24,8.02
3188,Maharashtra,Nashik,Cotton,Kharif,2023,Black Soil,60,56,31,7.9
3189,Maharashtra,Pune,Wheat,Rabi,2023,Black Soil,130,58,35,7.3
3190,Maharashtra,Pune,Rice,Kharif,2023,Black Soil,142,51,55,7.41
3191,Maharashtra,Pune,Maize,Kharif,2023,Black Soil,104,49,26,7.13
3192,Maharashtra,Pune,Cotton,Kharif,2023,Black Soil,34,26,30,7.05
3193,Tamil Nadu,Thanjavur,Wheat,Rabi,2023,Red Loam,96,73,44,6.94
3194,Tamil Nadu,Thanjavur,Rice,Kharif,2023,Red Loam,17,14,14,5.21
3195,Tamil Nadu,Thanjavur,Maize,Kharif,2023,Red Loam,76,47,28,6.61
3196,Tamil Nadu,Thanjavur,Cotton,Kharif,2023,Red Loam,10,1,12,5.3
3197,Andhra Pradesh,Kurnool,Wheat,Rabi,2023,Red Soil,103,55,42,7.23
3198,Andhra Pradesh,Kurnool,Rice,Kharif,2023,Red Soil,105,44,54,7.34
3199,Andhra Pradesh,Kurnool,Maize,Kharif,2023,Red Soil,8,4,5,5.15
3200,Andhra Pradesh,Kurnool,Cotton,Kharif,2023,Red Soil,6,5,2,4.62
3201,Punjab,Ludhiana,Wheat,Rabi,2019,Alluvial,123,68,44,6.81
3202,Punjab,Ludhiana,Rice,Kharif,2019,Alluvial,96,54,35,7.16
3203,Punjab,Ludhiana,Maize,Kharif,2019,Alluvial,15,10,5,4.95
3204,Punjab,Ludhiana,Cotton,Kharif,2019,Alluvial,26,2,10,4.59
3205,Punjab,Patiala,Wheat,Rabi,2019,Alluvial,155,65,53,7.98
3206,Punjab,Patiala,Rice,Kharif,2019,Alluvial,103,61,46,8.13
3207,Punjab,Patiala,Maize,Kharif,2019,Alluvial,13,14,6,4.69
3208,Punjab,Patiala,Cotton,Kharif,2019,Alluvial,112,28,44,7.76
3209,Uttar Pradesh,Kanpur,Wheat,Rabi,2019,Alluvial,121,52,53,7.48
3210,Uttar Pradesh,Kanpur,Rice,Kharif,2019,Alluvial,94,43,58,7.28
3211,Uttar Pradesh,Kanpur,Maize,Kharif,2019,Alluvial,63,42,26,7.53
3212,Uttar Pradesh,Kanpur,Cotton,Kharif,2019,Alluvial,84,50,35,6.79
3213,Uttar Pradesh,Varanasi,Wheat,Rabi,2019,Alluvial,154,53,40,7.36
3214,Uttar Pradesh,Varanasi,Rice,Kharif,2019,Alluvial,112,58,58,7.08
3215,Uttar Pradesh,Varanasi,Maize,Kharif,2019,Alluvial,101,44,41,6.65
3216,Uttar Pradesh,Varanasi,Cotton,Kharif,2019,Alluvial,72,36,41,6.79
3217,West Bengal,Hooghly,Wheat,Rabi,2019,Alluvial,109,46,33,6.14
3218,West Bengal,Hooghly,Rice,Kharif,2019,Alluvial,96,53,59,6.78
3219,West Bengal,Hooghly,Maize,Kharif,2019,Alluvial,7,11,4,4.75
3220,West Bengal,Hooghly,Cotton,Kharif,2019,Alluvial,6,4,14,4.65
3221,West Bengal,Bardhaman,Wheat,Rabi,2019,Clay Loam,119,46,51,6.05
3222,West Bengal,Bardhaman,Rice,Kharif,2019,Clay Loam,80,67,55,6.2
3223,West Bengal,Bardhaman,Maize,Kharif,2019,Clay Loam,74,39,26,6.36
3224,West Bengal,Bardhaman,Cotton,Kharif,2019,Clay Loam,7,3,8,5.31
3225,Maharashtra,Nashik,Wheat,Rabi,2019,Black Soil,5,14,8,4.81
3226,Maharashtra,Nashik,Rice,Kharif,2019,Black Soil,103,58,49,7.48
3227,Maharashtra,Nashik,Maize,Kharif,2019,Black Soil,134,37,25,7.72
3228,Maharashtra,Nashik,Cotton,Kharif,2019,Black Soil,123,36,40,7.74
3229,Maharashtra,Pune,Wheat,Rabi,2019,Black Soil,98,57,32,7.62
3230,Maharashtra,Pune,Rice,Kharif,2019,Black Soil,132,41,50,8.01
3231,Maharashtra,Pune,Maize,Kharif,2019,Black Soil,17,18,11,5.18
3232,Maharashtra,Pune,Cotton,Kharif,2019,Black Soil,44,21,58,7.34
3233,Tamil Nadu,Thanjavur,Wheat,Rabi,2019,Red Loam,0,12,0,5.49
3234,Tamil Nadu,Thanjavur,Rice,Kharif,2019,Red Loam,101,48,41,6.85
3235,Tamil Nadu,Thanjavur,Maize,Kharif,2019,Red Loam,89,43,37,6.58
3236,Tamil Nadu,Thanjavur,Cotton,Kharif,2019,Red Loam,49,22,27,6.79
3237,Andhra Pradesh,Kurnool,Wheat,Rabi,2019,Red Soil,134,48,33,7.41
3238,Andhra Pradesh,Kurnool,Rice,Kharif,2019,Red Soil,134,56,78,6.96
3239,Andhra Pradesh,Kurnool,Maize,Kharif,2019,Red Soil,70,40,30,7.09
3240,Andhra Pradesh,Kurnool,Cotton,Kharif,2019,Red Soil,72,31,41,6.94
3241,Punjab,Ludhiana,Wheat,Rabi,2020,Alluvial,144,49,34,7.61
3242,Punjab,Ludhiana,Rice,Kharif,2020,Alluvial,84,64,46,7.55
3243,Punjab,Ludhiana,Maize,Kharif,2020,Alluvial,81,47,28,7.16
3244,Punjab,Ludhiana,Cotton,Kharif,2020,Alluvial,40,31,47,7.8
3245,Punjab,Patiala,Wheat,Rabi,2020,Alluvial,134,50,53,7.64
3246,Punjab,Patiala,Rice,Kharif,2020,Alluvial,59,59,48,7.47
3247,Punjab,Patiala,Maize,Kharif,2020,Alluvial,99,25,29,7.88
3248,Punjab,Patiala,Cotton,Kharif,2020,Alluvial,83,38,37,7.48
3249,Uttar Pradesh,Kanpur,Wheat,Rabi,2020,Alluvial,157,42,51,7.15
3250,Uttar Pradesh,Kanpur,Rice,Kharif,2020,Alluvial,68,50,33,6.81
3251,Uttar Pradesh,Kanpur,Maize,Kharif,2020,Alluvial,121,30,19,6.93
3252,Uttar Pradesh,Kanpur,Cotton,Kharif,2020,Alluvial,68,25,42,7.86
3253,Uttar Pradesh,Varanasi,Wheat,Rabi,2020,Alluvial,127,39,29,7.38
3254,Uttar Pradesh,Varanasi,Rice,Kharif,2020,Alluvial,6,6,8,4.44
3255,Uttar Pradesh,Varanasi,Maize,Kharif,2020,Alluvial,89,34,46,6.75
3256,Uttar Pradesh,Varanasi,Cotton,Kharif,2020,Alluvial,51,44,44,6.8
3257,West Bengal,Hooghly,Wheat,Rabi,2020,Alluvial,140,81,32,6.15
3258,West Bengal,Hooghly,Rice,Kharif,2020,Alluvial,109,34,52,6.39
3259,West Bengal,Hooghly,Maize,Kharif,2020,Alluvial,89,35,33,5.95
3260,West Bengal,Hooghly,Cotton,Kharif,2020,Alluvial,58,34,46,6.87
3261,West Bengal,Bardhaman,Wheat,Rabi,2020,Clay Loam,126,44,40,6.65
3262,West Bengal,Bardhaman,Rice,Kharif,2020,Clay Loam,107,60,49,5.86
3263,West Bengal,Bardhaman,Maize,Kharif,2020,Clay Loam,89,28,24,6.33
3264,West Bengal,Bardhaman,Cotton,Kharif,2020,Clay Loam,97,44,36,6.3
3265,Maharashtra,Nashik,Wheat,Rabi,2020,Black Soil,90,89,33,7.6
3266,Maharashtra,Nashik,Rice,Kharif,2020,Black Soil,109,46,57,7.2
3267,Maharashtra,Nashik,Maize,Kharif,2020,Black Soil,85,52,24,8.02
3268,Maharashtra,Nashik,Cotton,Kharif,2020,Black Soil,72,30,29,7.65
3269,Maharashtra,Pune,Wheat,Rabi,2020,Black Soil,125,60,49,7.44
3270,Maharashtra,Pune,Rice,Kharif,2020,Black Soil,82,42,42,7.74
3271,Maharashtra,Pune,Maize,Kharif,2020,Black Soil,78,24,43,7.16
3272,Maharashtra,Pune,Cotton,Kharif,2020,Black Soil,46,46,35,7.22
3273,Tamil Nadu,Thanjavur,Wheat,Rabi,2020,Red Loam,116,57,27,7.28
3274,Tamil Nadu,Thanjavur,Rice,Kharif,2020,Red Loam,61,35,59,6.34
3275,Tamil Nadu,Thanjavur,Maize,Kharif,2020,Red Loam,9,4,5,4.77
3276,Tamil Nadu,Thanjavur,Cotton,Kharif,2020,Red Loam,54,29,49,6.98
3277,Andhra Pradesh,Kurnool,Wheat,Rabi,2020,Red Soil,24,15,10,5.14
3278,Andhra Pradesh,Kurnool,Rice,Kharif,2020,Red Soil,98,33,57,7.38
3279,Andhra Pradesh,Kurnool,Maize,Kharif,2020,Red Soil,108,49,24,6.95
3280,Andhra Pradesh,Kurnool,Cotton,Kharif,2020,Red Soil,79,48,53,7.25
3281,Punjab,Ludhiana,Wheat,Rabi,2021,Alluvial,116,70,36,7.32
3282,Punjab,Ludhiana,Rice,Kharif,2021,Alluvial,82,64,64,7.11
3283,Punjab,Ludhiana,Maize,Kharif,2021,Alluvial,18,7,12,4.65
3284,Punjab,Ludhiana,Cotton,Kharif,2021,Alluvial,112,51,42,7.41
3285,Punjab,Patiala,Wheat,Rabi,2021,Alluvial,121,48,66,7.8
3286,Punjab,Patiala,Rice,Kharif,2021,Alluvial,114,40,58,7.53
3287,Punjab,Patiala,Maize,Kharif,2021,Alluvial,24,1,4,4.07
3288,Punjab,Patiala,Cotton,Kharif,2021,Alluvial,110,48,33,7.59
3289,Uttar Pradesh,Kanpur,Wheat,Rabi,2021,Alluvial,151,65,42,7.27
3290,Uttar Pradesh,Kanpur,Rice,Kharif,2021,Alluvial,178,55,39,7.86
3291,Uttar Pradesh,Kanpur,Maize,Kharif,2021,Alluvial,84,29,36,7.21
3292,Uttar Pradesh,Kanpur,Cotton,Kharif,2021,Alluvial,68,40,40,7.58
3293,Uttar Pradesh,Varanasi,Wheat,Rabi,2021,Alluvial,104,46,29,6.88
3294,Uttar Pradesh,Varanasi,Rice,Kharif,2021,Alluvial,77,64,60,6.8
3295,Uttar Pradesh,Varanasi,Maize,Kharif,2021,Alluvial,66,34,27,7.4
3296,Uttar Pradesh,Varanasi,Cotton,Kharif,2021,Alluvial,87,32,48,6.86
3297,West Bengal,Hooghly,Wheat,Rabi,2021,Alluvial,154,57,28,6.54
3298,West Bengal,Hooghly,Rice,Kharif,2021,Alluvial,99,27,55,6.13
3299,West Bengal,Hooghly,Maize,Kharif,2021,Alluvial,80,32,30,6.28
3300,West Bengal,Hooghly,Cotton,Kharif,2021,Alluvial,96,35,42,6.3
3301,West Bengal,Bardhaman,Wheat,Rabi,2021,Clay Loam,14,1,9,4.12
3302,West Bengal,Bardhaman,Rice,Kharif,2021,Clay Loam,98,45,52,6.08
3303,West Bengal,Bardhaman,Maize,Kharif,2021,Clay Loam,120,37,30,6.68
3304,West Bengal,Bardhaman,Cotton,Kharif,2021,Clay Loam,82,34,53,5.99
3305,Maharashtra,Nashik,Wheat,Rabi,2021,Black Soil,115,43,33,7.6
3306,Maharashtra,Nashik,Rice,Kharif,2021,Black Soil,126,66,54,7.49
3307,Maharashtra,Nashik,Maize,Kharif,2021,Black Soil,78,43,35,7.31
3308,Maharashtra,Nashik,Cotton,Kharif,2021,Black Soil,49,37,36,7.46
3309,Maharashtra,Pune,Wheat,Rabi,2021,Black Soil,136,41,40,7.39
3310,Maharashtra,Pune,Rice,Kharif,2021,Black Soil,111,51,60,7.59
3311,Maharashtra,Pune,Maize,Kharif,2021,Black Soil,85,32,38,7.65
3312,Maharashtra,Pune,Cotton,Kharif,2021,Black Soil,28,8,9,4.8
3313,Tamil Nadu,Thanjavur,Wheat,Rabi,2021,Red Loam,154,61,30,6.82
3314,Tamil Nadu,Thanjavur,Rice,Kharif,2021,Red Loam,116,69,63,6.87
3315,Tamil Nadu,Thanjavur,Maize,Kharif,2021,Red Loam,96,27,29,7.17
3316,Tamil Nadu,Thanjavur,Cotton,Kharif,2021,Red Loam,54,35,27,6.89
3317,Andhra Pradesh,Kurnool,Wheat,Rabi,2021,Red Soil,102,65,16,7.58
3318,Andhra Pradesh,Kurnool,Rice,Kharif,2021,Red Soil,101,64,62,7.15
3319,Andhra Pradesh,Kurnool,Maize,Kharif,2021,Red Soil,94,40,31,6.98
3320,Andhra Pradesh,Kurnool,Cotton,Kharif,2021,Red Soil,78,37,56,6.95
3321,Punjab,Ludhiana,Wheat,Rabi,2022,Alluvial,12,8,5,4.84
3322,Punjab,Ludhiana,Rice,Kharif,2022,Alluvial,102,73,60,7.12
3323,Punjab,Ludhiana,Maize,Kharif,2022,Alluvial,108,43,30,7.39
3324,Punjab,Ludhiana,Cotton,Kharif,2022,Alluvial,77,60,22,7.24
3325,Punjab,Patiala,Wheat,Rabi,2022,Alluvial,19,10,6,4.23
3326,Punjab,Patiala,Rice,Kharif,2022,Alluvial,102,42,39,7.78
3327,Punjab,Patiala,Maize,Kharif,2022,Alluvial,104,54,43,7.4
3328,Punjab,Patiala,Cotton,Kharif,2022,Alluvial,119,45,30,7.23
3329,Uttar Pradesh,Kanpur,Wheat,Rabi,2022,Alluvial,111,50,48,7.47
3330,Uttar Pradesh,Kanpur,Rice,Kharif,2022,Alluvial,110,61,52,7.06
3331,Uttar Pradesh,Kanpur,Maize,Kharif,2022,Alluvial,123,45,26,7.83
3332,Uttar Pradesh,Kanpur,Cotton,Kharif,2022,Alluvial,83,49,52,7.11
3333,Uttar Pradesh,Varanasi,Wheat,Rabi,2022,Alluvial,116,67,34,6.55
3334,Uttar Pradesh,Varanasi,Rice,Kharif,2022,Alluvial,127,50,32,7.2
3335,Uttar Pradesh,Varanasi,Maize,Kharif,2022,Alluvial,106,25,35,7.09
3336,Uttar Pradesh,Varanasi,Cotton,Kharif,2022,Alluvial,122,22,42,6.98
3337,West Bengal,Hooghly,Wheat,Rabi,2022,Alluvial,3,2,2,5.21
3338,West Bengal,Hooghly,Rice,Kharif,2022,Alluvial,89,61,46,6.16
3339,West Bengal,Hooghly,Maize,Kharif,2022,Alluvial,20,14,9,4.51
3340,West Bengal,Hooghly,Cotton,Kharif,2022,Alluvial,83,29,54,7.01
3341,West Bengal,Bardhaman,Wheat,Rabi,2022,Clay Loam,116,52,26,6.34
3342,West Bengal,Bardhaman,Rice,Kharif,2022,Clay Loam,86,50,52,5.89
3343,West Bengal,Bardhaman,Maize,Kharif,2022,Clay Loam,95,54,17,5.88
3344,West Bengal,Bardhaman,Cotton,Kharif,2022,Clay Loam,79,51,34,5.89
3345,Maharashtra,Nashik,Wheat,Rabi,2022,Black Soil,130,80,35,8.4
3346,Maharashtra,Nashik,Rice,Kharif,2022,Black Soil,20,5,11,4.6
3347,Maharashtra,Nashik,Maize,Kharif,2022,Black Soil,23,12,4,4.74
3348,Maharashtra,Nashik,Cotton,Kharif,2022,Black Soil,105,36,47,8.03
3349,Maharashtra,Pune,Wheat,Rabi,2022,Black Soil,89,68,42,7.77
3350,Maharashtra,Pune,Rice,Kharif,2022,Black Soil,100,47,53,7.19
3351,Maharashtra,Pune,Maize,Kharif,2022,Black Soil,113,41,31,7.69
3352,Maharashtra,Pune,Cotton,Kharif,2022,Black Soil,79,72,25,6.91
3353,Tamil Nadu,Thanjavur,Wheat,Rabi,2022,Red Loam,128,82,45,7.13
3354,Tamil Nadu,Thanjavur,Rice,Kharif,2022,Red Loam,24,6,13,4.23
3355,Tamil Nadu,Thanjavur,Maize,Kharif,2022,Red Loam,89,38,28,7.0
3356,Tamil Nadu,Thanjavur,Cotton,Kharif,2022,Red Loam,93,24,50,6.68
3357,Andhra Pradesh,Kurnool,Wheat,Rabi,2022,Red Soil,111,55,51,7.71
3358,Andhra Pradesh,Kurnool,Rice,Kharif,2022,Red Soil,112,50,29,6.58
3359,Andhra Pradesh,Kurnool,Maize,Kharif,2022,Red Soil,13,10,9,4.41
3360,Andhra Pradesh,Kurnool,Cotton,Kharif,2022,Red Soil,97,32,33,6.95
3361,Punjab,Ludhiana,Wheat,Rabi,2023,Alluvial,134,54,36,7.15
3362,Punjab,Ludhiana,Rice,Kharif,2023,Alluvial,105,57,62,7.88
3363,Punjab,Ludhiana,Maize,Kharif,2023,Alluvial,16,5,5,4.03
3364,Punjab,Ludhiana,Cotton,Kharif,2023,Alluvial,14,5,7,4.61
3365,Punjab,Patiala,Wheat,Rabi,2023,Alluvial,14,2,12,4.17
3366,Punjab,Patiala,Rice,Kharif,2023,Alluvial,80,41,53,7.44
3367,Punjab,Patiala,Maize,Kharif,2023,Alluvial,91,44,20,7.15
3368,Punjab,Patiala,Cotton,Kharif,2023,Alluvial,66,28,33,7.12
3369,Uttar Pradesh,Kanpur,Wheat,Rabi,2023,Alluvial,120,57,50,7.47
3370,Uttar Pradesh,Kanpur,Rice,Kharif,2023,Alluvial,78,55,45,6.7
3371,Uttar Pradesh,Kanpur,Maize,Kharif,2023,Alluvial,103,31,48,7.12
3372,Uttar Pradesh,Kanpur,Cotton,Kharif,2023,Alluvial,94,40,52,7.37
3373,Uttar Pradesh,Varanasi,Wheat,Rabi,2023,Alluvial,17,7,5,5.33
3374,Uttar Pradesh,Varanasi,Rice,Kharif,2023,Alluvial,86,51,40,7.31
3375,Uttar Pradesh,Varanasi,Maize,Kharif,2023,Alluvial,90,43,34,6.77
3376,Uttar Pradesh,Varanasi,Cotton,Kharif,2023,Alluvial,83,45,36,7.28
3377,West Bengal,Hooghly,Wheat,Rabi,2023,Alluvial,115,87,49,6.15
3378,West Bengal,Hooghly,Rice,Kharif,2023,Alluvial,15,11,11,4.35
3379,West Bengal,Hooghly,Maize,Kharif,2023,Alluvial,83,38,31,6.49
3380,West Bengal,Hooghly,Cotton,Kharif,2023,Alluvial,72,31,36,6.57
3381,West Bengal,Bardhaman,Wheat,Rabi,2023,Clay Loam,17,2,6,4.85
3382,West Bengal,Bardhaman,Rice,Kharif,2023,Clay Loam,3,17,11,5.49
3383,West Bengal,Bardhaman,Maize,Kharif,2023,Clay Loam,94,35,54,6.16
3384,West Bengal,Bardhaman,Cotton,Kharif,2023,Clay Loam,80,35,40,5.61
3385,Maharashtra,Nashik,Wheat,Rabi,2023,Black Soil,91,52,45,8.04
3386,Maharashtra,Nashik,Rice,Kharif,2023,Black Soil,109,50,53,7.76
3387,Maharashtra,Nashik,Maize,Kharif,2023,Black Soil,91,43,25,7.87
3388,Maharashtra,Nashik,Cotton,Kharif,2023,Black Soil,65,31,25,7.52
3389,Maharashtra,Pune,Wheat,Rabi,2023,Black Soil,139,47,18,7.51
3390,Maharashtra,Pune,Rice,Kharif,2023,Black Soil,70,51,48,7.4
3391,Maharashtra,Pune,Maize,Kharif,2023,Black Soil,1,12,14,4.75
3392,Maharashtra,Pune,Cotton,Kharif,2023,Black Soil,77,60,41,7.78
3393,Tamil Nadu,Thanjavur,Wheat,Rabi,2023,Red Loam,97,53,23,7.06
3394,Tamil Nadu,Thanjavur,Rice,Kharif,2023,Red Loam,107,35,52,7.36
3395,Tamil Nadu,Thanjavur,Maize,Kharif,2023,Red Loam,2,3,0,4.6
3396,Tamil Nadu,Thanjavur,Cotton,Kharif,2023,Red Loam,44,37,38,6.92
3397,Andhra Pradesh,Kurnool,Wheat,Rabi,2023,Red Soil,128,43,32,6.65
3398,Andhra Pradesh,Kurnool,Rice,Kharif,2023,Red Soil,90,61,62,6.68
3399,Andhra Pradesh,Kurnool,Maize,Kharif,2023,Red Soil,137,37,53,7.53
3400,Andhra Pradesh,Kurnool,Cotton,Kharif,2023,Red Soil,98,39,50,7.2
3401,Punjab,Ludhiana,Wheat,Rabi,2019,Alluvial,17,18,0,4.95
3402,Punjab,Ludhiana,Rice,Kharif,2019,Alluvial,101,50,60,6.92
3403,Punjab,Ludhiana,Maize,Kharif,2019,Alluvial,102,46,29,7.66
3404,Punjab,Ludhiana,Cotton,Kharif,2019,Alluvial,5,4,14,4.23
3405,Punjab,Patiala,Wheat,Rabi,2019,Alluvial,121,66,41,7.69
3406,Punjab,Patiala,Rice,Kharif,2019,Alluvial,81,47,58,7.77
3407,Punjab,Patiala,Maize,Kharif,2019,Alluvial,124,26,28,8.01
3408,Punjab,Patiala,Cotton,Kharif,2019,Alluvial,90,16,51,7.87
3409,Uttar Pradesh,Kanpur,Wheat,Rabi,2019,Alluvial,131,49,36,7.18
3410,Uttar Pradesh,Kanpur,Rice,Kharif,2019,Alluvial,71,54,47,7.2
3411,Uttar Pradesh,Kanpur,Maize,Kharif,2019,Alluvial,77,41,32,6.96
3412,Uttar Pradesh,Kanpur,Cotton,Kharif,2019,Alluvial,99,34,43,7.22
3413,Uttar Pradesh,Varanasi,Wheat,Rabi,2019,Alluvial,108,56,46,6.97
3414,Uttar Pradesh,Varanasi,Rice,Kharif,2019,Alluvial,93,38,47,6.9
3415,Uttar Pradesh,Varanasi,Maize,Kharif,2019,Alluvial,88,41,18,7.26
3416,Uttar Pradesh,Varanasi,Cotton,Kharif,2019,Alluvial,42,42,45,6.53
3417,West Bengal,Hooghly,Wheat,Rabi,2019,Alluvial,79,51,35,7.14
3418,West Bengal,Hooghly,Rice,Kharif,2019,Alluvial,61,55,32,6.43
3419,West Bengal,Hooghly,Maize,Kharif,2019,Alluvial,7,15,9,4.31
3420,West Bengal,Hooghly,Cotton,Kharif,2019,Alluvial,55,49,39,6.71
3421,West Bengal,Bardhaman,Wheat,Rabi,2019,Clay Loam,141,57,42,6.34
3422,West Bengal,Bardhaman,Rice,Kharif,2019,Clay Loam,15,1,3,4.66
3423,West Bengal,Bardhaman,Maize,Kharif,2019,Clay Loam,2,1,6,4.06
3424,West Bengal,Bardhaman,Cotton,Kharif,2019,Clay Loam,65,47,55,6.16
3425,Maharashtra,Nashik,Wheat,Rabi,2019,Black Soil,134,49,46,7.58
3426,Maharashtra,Nashik,Rice,Kharif,2019,Black Soil,110,30,56,7.75
3427,Maharashtra,Nashik,Maize,Kharif,2019,Black Soil,106,49,33,8.21
3428,Maharashtra,Nashik,Cotton,Kharif,2019,Black Soil,85,37,50,7.93
3429,Maharashtra,Pune,Wheat,Rabi,2019,Black Soil,116,54,29,7.66
3430,Maharashtra,Pune,Rice,Kharif,2019,Black Soil,136,50,59,7.35
3431,Maharashtra,Pune,Maize,Kharif,2019,Black Soil,77,58,21,7.48
3432,Maharashtra,Pune,Cotton,Kharif,2019,Black Soil,89,41,47,7.45
3433,Tamil Nadu,Thanjavur,Wheat,Rabi,2019,Red Loam,110,51,49,6.59
3434,Tamil Nadu,Thanjavur,Rice,Kharif,2019,Red Loam,92,52,49,7.0
3435,Tamil Nadu,Thanjavur,Maize,Kharif,2019,Red Loam,123,44,24,6.58
3436,Tamil Nadu,Thanjavur,Cotton,Kharif,2019,Red Loam,16,15,11,4.22
3437,Andhra Pradesh,Kurnool,Wheat,Rabi,2019,Red Soil,111,68,29,7.3
3438,Andhra Pradesh,Kurnool,Rice,Kharif,2019,Red Soil,78,48,48,7.4
3439,Andhra Pradesh,Kurnool,Maize,Kharif,2019,Red Soil,113,53,35,7.07
3440,Andhra Pradesh,Kurnool,Cotton,Kharif,2019,Red Soil,1,16,6,4.51
3441,Punjab,Ludhiana,Wheat,Rabi,2020,Alluvial,148,43,41,7.26
3442,Punjab,Ludhiana,Rice,Kharif,2020,Alluvial,18,4,9,4.57
3443,Punjab,Ludhiana,Maize,Kharif,2020,Alluvial,90,62,52,7.5
3444,Punjab,Ludhiana,Cotton,Kharif,2020,Alluvial,86,38,43,7.87
3445,Punjab,Patiala,Wheat,Rabi,2020,Alluvial,23,8,4,5.11
3446,Punjab,Patiala,Rice,Kharif,2020,Alluvial,76,31,50,6.98
3447,Punjab,Patiala,Maize,Kharif,2020,Alluvial,102,38,28,7.7
3448,Punjab,Patiala,Cotton,Kharif,2020,Alluvial,12,18,11,5.08
3449,Uttar Pradesh,Kanpur,Wheat,Rabi,2020,Alluvial,25,5,0,4.19
3450,Uttar Pradesh,Kanpur,Rice,Kharif,2020,Alluvial,114,64,54,6.95
3451,Uttar Pradesh,Kanpur,Maize,Kharif,2020,Alluvial,13,14,12,4.82
3452,Uttar Pradesh,Kanpur,Cotton,Kharif,2020,Alluvial,23,9,11,5.06
3453,Uttar Pradesh,Varanasi,Wheat,Rabi,2020,Alluvial,73,57,36,7.6
3454,Uttar Pradesh,Varanasi,Rice,Kharif,2020,Alluvial,123,48,50,7.1
3455,Uttar Pradesh,Varanasi,Maize,Kharif,2020,Alluvial,90,33,26,6.83
3456,Uttar Pradesh,Varanasi,Cotton,Kharif,2020,Alluvial,54,71,33,7.44
3457,West Bengal,Hooghly,Wheat,Rabi,2020,Alluvial,116,43,36,6.35
3458,West Bengal,Hooghly,Rice,Kharif,2020,Alluvial,11,17,7,5.45
3459,West Bengal,Hooghly,Maize,Kharif,2020,Alluvial,136,48,38,6.78
3460,West Bengal,Hooghly,Cotton,Kharif,2020,Alluvial,12,6,5,4.14
3461,West Bengal,Bardhaman,Wheat,Rabi,2020,Clay Loam,124,70,33,5.87
3462,West Bengal,Bardhaman,Rice,Kharif,2020,Clay Loam,93,35,61,5.71
3463,West Bengal,Bardhaman,Maize,Kharif,2020,Clay Loam,69,37,23,6.53
3464,West Bengal,Bardhaman,Cotton,Kharif,2020,Clay Loam,98,44,34,5.87
3465,Maharashtra,Nashik,Wheat,Rabi,2020,Black Soil,144,55,50,7.32
3466,Maharashtra,Nashik,Rice,Kharif,2020,Black Soil,75,67,40,8.24
3467,Maharashtra,Nashik,Maize,Kharif,2020,Black Soil,97,35,35,7.8
3468,Maharashtra,Nashik,Cotton,Kharif,2020,Black Soil,53,30,33,7.96
3469,Maharashtra,Pune,Wheat,Rabi,2020,Black Soil,158,69,42,7.72
3470,Maharashtra,Pune,Rice,Kharif,2020,Black Soil,121,54,43,6.99
3471,Maharashtra,Pune,Maize,Kharif,2020,Black Soil,94,29,20,8.1
3472,Maharashtra,Pune,Cotton,Kharif,2020,Black Soil,76,57,35,7.77
3473,Tamil Nadu,Thanjavur,Wheat,Rabi,2020,Red Loam,103,56,40,6.77
3474,Tamil Nadu,Thanjavur,Rice,Kharif,2020,Red Loam,58,57,48,6.76
3475,Tamil Nadu,Thanjavur,Maize,Kharif,2020,Red Loam,79,44,24,6.96
3476,Tamil Nadu,Thanjavur,Cotton,Kharif,2020,Red Loam,92,44,18,7.26
3477,Andhra Pradesh,Kurnool,Wheat,Rabi,2020,Red Soil,104,49,28,7.03
3478,Andhra Pradesh,Kurnool,Rice,Kharif,2020,Red Soil,27,7,13,4.06
3479,Andhra Pradesh,Kurnool,Maize,Kharif,2020,Red Soil,93,37,29,7.56
3480,Andhra Pradesh,Kurnool,Cotton,Kharif,2020,Red Soil,99,63,48,7.05
3481,Punjab,Ludhiana,Wheat,Rabi,2021,Alluvial,147,37,30,7.3
3482,Punjab,Ludhiana,Rice,Kharif,2021,Alluvial,74,51,36,6.8
3483,Punjab,Ludhiana,Maize,Kharif,2021,Alluvial,13,14,8,4.26
3484,Punjab,Ludhiana,Cotton,Kharif,2021,Alluvial,37,47,45,7.34
3485,Punjab,Patiala,Wheat,Rabi,2021,Alluvial,148,72,36,7.31
3486,Punjab,Patiala,Rice,Kharif,2021,Alluvial,100,47,63,7.23
3487,Punjab,Patiala,Maize,Kharif,2021,Alluvial,110,35,39,7.96
3488,Punjab,Patiala,Cotton,Kharif,2021,Alluvial,84,39,25,7.24
3489,Uttar Pradesh,Kanpur,Wheat,Rabi,2021,Alluvial,106,61,28,6.87
3490,Uttar Pradesh,Kanpur,Rice,Kharif,2021,Alluvial,100,46,50,7.08
3491,Uttar Pradesh,Kanpur,Maize,Kharif,2021,Alluvial,107,31,30,7.59
3492,Uttar Pradesh,Kanpur,Cotton,Kharif,2021,Alluvial,48,36,34,6.91
3493,Uttar Pradesh,Varanasi,Wheat,Rabi,2021,Alluvial,126,59,36,6.62
3494,Uttar Pradesh,Varanasi,Rice,Kharif,2021,Alluvial,88,44,28,7.39
3495,Uttar Pradesh,Varanasi,Maize,Kharif,2021,Alluvial,63,42,30,6.96
3496,Uttar Pradesh,Varanasi,Cotton,Kharif,2021,Alluvial,83,43,45,7.16
3497,West Bengal,Hooghly,Wheat,Rabi,2021,Alluvial,150,80,37,6.71
3498,West Bengal,Hooghly,Rice,Kharif,2021,Alluvial,91,56,29,6.72
3499,West Bengal,Hooghly,Maize,Kharif,2021,Alluvial,104,38,19,6.29
3500,West Bengal,Hooghly,Cotton,Kharif,2021,Alluvial,107,41,34,6.32
3501,West Bengal,Bardhaman,Wheat,Rabi,2021,Clay Loam,114,71,56,6.13
3502,West Bengal,Bardhaman,Rice,Kharif,2021,Clay Loam,107,47,46,6.11
3503,West Bengal,Bardhaman,Maize,Kharif,2021,Clay Loam,80,35,25,6.2
3504,West Bengal,Bardhaman,Cotton,Kharif,2021,Clay Loam,118,42,38,6.04
3505,Maharashtra,Nashik,Wheat,Rabi,2021,Black Soil,109,73,35,7.53
3506,Maharashtra,Nashik,Rice,Kharif,2021,Black Soil,133,50,49,7.96
3507,Maharashtra,Nashik,Maize,Kharif,2021,Black Soil,83,42,35,7.82
3508,Maharashtra,Nashik,Cotton,Kharif,2021,Black Soil,84,56,40,8.42
3509,Maharashtra,Pune,Wheat,Rabi,2021,Black Soil,128,57,54,7.32
3510,Maharashtra,Pune,Rice,Kharif,2021,Black Soil,99,66,39,7.21
3511,Maharashtra,Pune,Maize,Kharif,2021,Black Soil,24,11,12,5.46
3512,Maharashtra,Pune,Cotton,Kharif,2021,Black Soil,95,24,37,7.22
3513,Tamil Nadu,Thanjavur,Wheat,Rabi,2021,Red Loam,20,19,9,4.34
3514,Tamil Nadu,Thanjavur,Rice,Kharif,2021,Red Loam,125,46,58,6.98
3515,Tamil Nadu,Thanjavur,Maize,Kharif,2021,Red Loam,92,31,26,6.07
3516,Tamil Nadu,Thanjavur,Cotton,Kharif,2021,Red Loam,91,34,16,6.31
3517,Andhra Pradesh,Kurnool,Wheat,Rabi,2021,Red Soil,129,52,49,7.45
3518,Andhra Pradesh,Kurnool,Rice,Kharif,2021,Red Soil,102,24,37,6.94
3519,Andhra Pradesh,Kurnool,Maize,Kharif,2021,Red Soil,96,23,37,7.37
3520,Andhra Pradesh,Kurnool,Cotton,Kharif,2021,Red Soil,60,21,31,6.7
3521,Punjab,Ludhiana,Wheat,Rabi,2022,Alluvial,15,16,12,4.35
3522,Punjab,Ludhiana,Rice,Kharif,2022,Alluvial,98,51,42,7.23
3523,Punjab,Ludhiana,Maize,Kharif,2022,Alluvial,88,36,22,6.84
3524,Punjab,Ludhiana,Cotton,Kharif,2022,Alluvial,71,45,49,7.24
3525,Punjab,Patiala,Wheat,Rabi,2022,Alluvial,150,55,42,8.08
3526,Punjab,Patiala,Rice,Kharif,2022,Alluvial,131,44,39,7.8
3527,Punjab,Patiala,Maize,Kharif,2022,Alluvial,88,10,44,6.91
3528,Punjab,Patiala,Cotton,Kharif,2022,Alluvial,71,40,31,7.53
3529,Uttar Pradesh,Kanpur,Wheat,Rabi,2022,Alluvial,102,51,51,7.33
3530,Uttar Pradesh,Kanpur,Rice,Kharif,2022,Alluvial,82,48,52,7.48
3531,Uttar Pradesh,Kanpur,Maize,Kharif,2022,Alluvial,84,33,27,7.14
3532,Uttar Pradesh,Kanpur,Cotton,Kharif,2022,Alluvial,21,12,1,4.51
3533,Uttar Pradesh,Varanasi,Wheat,Rabi,2022,Alluvial,104,52,23,7.1
3534,Uttar Pradesh,Varanasi,Rice,Kharif,2022,Alluvial,114,49,58,6.81
3535,Uttar Pradesh,Varanasi,Maize,Kharif,2022,Alluvial,44,16,34,7.05
3536,Uttar Pradesh,Varanasi,Cotton,Kharif,2022,Alluvial,73,38,45,6.82
3537,West Bengal,Hooghly,Wheat,Rabi,2022,Alluvial,103,72,26,6.52
3538,West Bengal,Hooghly,Rice,Kharif,2022,Alluvial,86,60,66,6.74
3539,West Bengal,Hooghly,Maize,Kharif,2022,Alluvial,87,47,36,6.22
3540,West Bengal,Hooghly,Cotton,Kharif,2022,Alluvial,58,44,42,6.59
3541,West Bengal,Bardhaman,Wheat,Rabi,2022,Clay Loam,23,8,0,4.09
3542,West Bengal,Bardhaman,Rice,Kharif,2022,Clay Loam,93,36,59,6.29
3543,West Bengal,Bardhaman,Maize,Kharif,2022,Clay Loam,95,43,41,5.97
3544,West Bengal,Bardhaman,Cotton,Kharif,2022,Clay Loam,25,5,10,5.23
3545,Maharashtra,Nashik,Wheat,Rabi,2022,Black Soil,103,33,37,7.73
3546,Maharashtra,Nashik,Rice,Kharif,2022,Black Soil,105,64,57,7.81
3547,Maharashtra,Nashik,Maize,Kharif,2022,Black Soil,22,11,12,4.33
3548,Maharashtra,Nashik,Cotton,Kharif,2022,Black Soil,87,46,32,7.67
3549,Maharashtra,Pune,Wheat,Rabi,2022,Black Soil,115,98,44,7.53
3550,Maharashtra,Pune,Rice,Kharif,2022,Black Soil,93,70,52,7.45
3551,Maharashtra,Pune,Maize,Kharif,2022,Black Soil,96,29,20,8.04
3552,Maharashtra,Pune,Cotton,Kharif,2022,Black Soil,0,2,14,5.15
3553,Tamil Nadu,Thanjavur,Wheat,Rabi,2022,Red Loam,115,69,27,7.19
3554,Tamil Nadu,Thanjavur,Rice,Kharif,2022,Red Loam,96,33,46,6.91
3555,Tamil Nadu,Thanjavur,Maize,Kharif,2022,Red Loam,75,59,23,6.98
3556,Tamil Nadu,Thanjavur,Cotton,Kharif,2022,Red Loam,14,8,9,5.38
3557,Andhra Pradesh,Kurnool,Wheat,Rabi,2022,Red Soil,63,70,47,7.57
3558,Andhra Pradesh,Kurnool,Rice,Kharif,2022,Red Soil,131,62,50,7.2
3559,Andhra Pradesh,Kurnool,Maize,Kharif,2022,Red Soil,89,56,27,7.54
3560,Andhra Pradesh,Kurnool,Cotton,Kharif,2022,Red Soil,58,55,52,7.28
3561,Punjab,Ludhiana,Wheat,Rabi,2023,Alluvial,113,68,49,6.8
3562,Punjab,Ludhiana,Rice,Kharif,2023,Alluvial,105,38,60,7.44
3563,Punjab,Ludhiana,Maize,Kharif,2023,Alluvial,91,34,26,7.18
3564,Punjab,Ludhiana,Cotton,Kharif,2023,Alluvial,83,31,35,7.21
3565,Punjab,Patiala,Wheat,Rabi,2023,Alluvial,140,58,32,7.59
3566,Punjab,Patiala,Rice,Kharif,2023,Alluvial,24,0,9,4.12
3567,Punjab,Patiala,Maize,Kharif,2023,Alluvial,24,1,1,4.18
3568,Punjab,Patiala,Cotton,Kharif,2023,Alluvial,110,26,34,8.0
3569,Uttar Pradesh,Kanpur,Wheat,Rabi,2023,Alluvial,114,65,39,6.96
3570,Uttar Pradesh,Kanpur,Rice,Kharif,2023,Alluvial,112,62,61,6.83
3571,Uttar Pradesh,Kanpur,Maize,Kharif,2023,Alluvial,101,49,31,6.97
3572,Uttar Pradesh,Kanpur,Cotton,Kharif,2023,Alluvial,82,34,51,7.7
3573,Uttar Pradesh,Varanasi,Wheat,Rabi,2023,Alluvial,96,67,48,7.71
3574,Uttar Pradesh,Varanasi,Rice,Kharif,2023,Alluvial,75,43,42,7.16
3575,Uttar Pradesh,Varanasi,Maize,Kharif,2023,Alluvial,110,37,32,7.32
3576,Uttar Pradesh,Varanasi,Cotton,Kharif,2023,Alluvial,24,15,12,4.29
3577,West Bengal,Hooghly,Wheat,Rabi,2023,Alluvial,100,69,29,6.35
3578,West Bengal,Hooghly,Rice,Kharif,2023,Alluvial,111,48,52,6.33
3579,West Bengal,Hooghly,Maize,Kharif,2023,Alluvial,1,2,0,5.05
3580,West Bengal,Hooghly,Cotton,Kharif,2023,Alluvial,118,40,24,6.42
3581,West Bengal,Bardhaman,Wheat,Rabi,2023,Clay Loam,115,62,52,5.99
3582,West Bengal,Bardhaman,Rice,Kharif,2023,Clay Loam,116,46,51,6.07
3583,West Bengal,Bardhaman,Maize,Kharif,2023,Clay Loam,75,54,27,5.59
3584,West Bengal,Bardhaman,Cotton,Kharif,2023,Clay Loam,27,6,7,4.2
3585,Maharashtra,Nashik,Wheat,Rabi,2023,Black Soil,131,84,36,7.74
3586,Maharashtra,Nashik,Rice,Kharif,2023,Black Soil,89,60,53,7.75
3587,Maharashtra,Nashik,Maize,Kharif,2023,Black Soil,78,30,23,8.4
3588,Maharashtra,Nashik,Cotton,Kharif,2023,Black Soil,71,42,48,7.76
3589,Maharashtra,Pune,Wheat,Rabi,2023,Black Soil,72,78,36,7.73
3590,Maharashtra,Pune,Rice,Kharif,2023,Black Soil,148,63,52,7.36
3591,Maharashtra,Pune,Maize,Kharif,2023,Black Soil,13,11,14,5.32
3592,Maharashtra,Pune,Cotton,Kharif,2023,Black Soil,71,43,45,7.68
3593,Tamil Nadu,Thanjavur,Wheat,Rabi,2023,Red Loam,137,54,32,6.78
3594,Tamil Nadu,Thanjavur,Rice,Kharif,2023,Red Loam,143,50,53,7.27
3595,Tamil Nadu,Thanjavur,Maize,Kharif,2023,Red Loam,83,51,25,6.52
3596,Tamil Nadu,Thanjavur,Cotton,Kharif,2023,Red Loam,83,45,43,7.22
3597,Andhra Pradesh,Kurnool,Wheat,Rabi,2023,Red Soil,112,80,49,6.47
3598,Andhra Pradesh,Kurnool,Rice,Kharif,2023,Red Soil,102,53,51,7.4
3599,Andhra Pradesh,Kurnool,Maize,Kharif,2023,Red Soil,94,54,26,6.78
3600,Andhra Pradesh,Kurnool,Cotton,Kharif,2023,Red Soil,82,55,55,6.41
3601,Punjab,Ludhiana,Wheat,Rabi,2019,Alluvial,126,61,35,7.33
3602,Punjab,Ludhiana,Rice,Kharif,2019,Alluvial,108,47,59,7.37
3603,Punjab,Ludhiana,Maize,Kharif,2019,Alluvial,116,34,28,7.08
3604,Punjab,Ludhiana,Cotton,Kharif,2019,Alluvial,111,46,54,7.35
3605,Punjab,Patiala,Wheat,Rabi,2019,Alluvial,167,59,35,7.58
3606,Punjab,Patiala,Rice,Kharif,2019,Alluvial,67,49,52,7.3
3607,Punjab,Patiala,Maize,Kharif,2019,Alluvial,7,3,13,4.27
3608,Punjab,Patiala,Cotton,Kharif,2019,Alluvial,75,23,52,7.7
3609,Uttar Pradesh,Kanpur,Wheat,Rabi,2019,Alluvial,111,54,53,7.22
3610,Uttar Pradesh,Kanpur,Rice,Kharif,2019,Alluvial,84,51,41,6.91
3611,Uttar Pradesh,Kanpur,Maize,Kharif,2019,Alluvial,3,12,14,4.7
3612,Uttar Pradesh,Kanpur,Cotton,Kharif,2019,Alluvial,84,46,50,7.01
3613,Uttar Pradesh,Varanasi,Wheat,Rabi,2019,Alluvial,120,41,36,7.11
3614,Uttar Pradesh,Varanasi,Rice,Kharif,2019,Alluvial,21,0,7,5.19
3615,Uttar Pradesh,Varanasi,Maize,Kharif,2019,Alluvial,104,29,24,7.07
3616,Uttar Pradesh,Varanasi,Cotton,Kharif,2019,Alluvial,98,48,51,6.63
3617,West Bengal,Hooghly,Wheat,Rabi,2019,Alluvial,155,74,47,6.7
3618,West Bengal,Hooghly,Rice,Kharif,2019,Alluvial,86,61,45,6.54
3619,West Bengal,Hooghly,Maize,Kharif,2019,Alluvial,83,24,26,6.81
3620,West Bengal,Hooghly,Cotton,Kharif,2019,Alluvial,28,6,6,5.36
3621,West Bengal,Bardhaman,Wheat,Rabi,2019,Clay Loam,122,68,48,5.64
3622,West Bengal,Bardhaman,Rice,Kharif,2019,Clay Loam,23,10,5,5.45
3623,West Bengal,Bardhaman,Maize,Kharif,2019,Clay Loam,19,12,11,4.14
3624,West Bengal,Bardhaman,Cotton,Kharif,2019,Clay Loam,76,35,44,6.37
3625,Maharashtra,Nashik,Wheat,Rabi,2019,Black Soil,136,76,48,7.74
3626,Maharashtra,Nashik,Rice,Kharif,2019,Black Soil,109,44,86,8.16
3627,Maharashtra,Nashik,Maize,Kharif,2019,Black Soil,108,52,29,7.78
3628,Maharashtra,Nashik,Cotton,Kharif,2019,Black Soil,87,26,27,7.69
3629,Maharashtra,Pune,Wheat,Rabi,2019,Black Soil,144,65,62,7.89
3630,Maharashtra,Pune,Rice,Kharif,2019,Black Soil,84,41,51,7.44
3631,Maharashtra,Pune,Maize,Kharif,2019,Black Soil,94,15,30,7.21
3632,Maharashtra,Pune,Cotton,Kharif,2019,Black Soil,78,33,45,7.41
3633,Tamil Nadu,Thanjavur,Wheat,Rabi,2019,Red Loam,101,63,41,6.96
3634,Tamil Nadu,Thanjavur,Rice,Kharif,2019,Red Loam,97,54,48,6.96
3635,Tamil Nadu,Thanjavur,Maize,Kharif,2019,Red Loam,80,40,19,6.41
3636,Tamil Nadu,Thanjavur,Cotton,Kharif,2019,Red Loam,68,43,42,7.32
3637,Andhra Pradesh,Kurnool,Wheat,Rabi,2019,Red Soil,112,70,41,6.59
3638,Andhra Pradesh,Kurnool,Rice,Kharif,2019,Red Soil,6,9,10,4.33
3639,Andhra Pradesh,Kurnool,Maize,Kharif,2019,Red Soil,101,51,19,7.27
3640,Andhra Pradesh,Kurnool,Cotton,Kharif,2019,Red Soil,51,32,40,6.68
3641,Punjab,Ludhiana,Wheat,Rabi,2020,Alluvial,16,13,4,4.85
3642,Punjab,Ludhiana,Rice,Kharif,2020,Alluvial,80,43,44,7.06
3643,Punjab,Ludhiana,Maize,Kharif,2020,Alluvial,74,22,23,7.27
3644,Punjab,Ludhiana,Cotton,Kharif,2020,Alluvial,83,41,25,6.97
3645,Punjab,Patiala,Wheat,Rabi,2020,Alluvial,119,53,40,8.11
3646,Punjab,Patiala,Rice,Kharif,2020,Alluvial,11,3,14,4.87
3647,Punjab,Patiala,Maize,Kharif,2020,Alluvial,79,33,24,7.88
3648,Punjab,Patiala,Cotton,Kharif,2020,Alluvial,56,26,36,7.61
3649,Uttar Pradesh,Kanpur,Wheat,Rabi,2020,Alluvial,103,68,45,6.68
3650,Uttar Pradesh,Kanpur,Rice,Kharif,2020,Alluvial,19,8,14,5.23
3651,Uttar Pradesh,Kanpur,Maize,Kharif,2020,Alluvial,98,58,30,7.13
3652,Uttar Pradesh,Kanpur,Cotton,Kharif,2020,Alluvial,25,0,1,4.17
3653,Uttar Pradesh,Varanasi,Wheat,Rabi,2020,Alluvial,8,0,0,4.53
3654,Uttar Pradesh,Varanasi,Rice,Kharif,2020,Alluvial,113,60,55,6.41
3655,Uttar Pradesh,Varanasi,Maize,Kharif,2020,Alluvial,81,36,32,7.06
3656,Uttar Pradesh,Varanasi,Cotton,Kharif,2020,Alluvial,78,39,39,7.39
3657,West Bengal,Hooghly,Wheat,Rabi,2020,Alluvial,100,73,41,6.32
3658,West Bengal,Hooghly,Rice,Kharif,2020,Alluvial,107,46,41,6.55
3659,West Bengal,Hooghly,Maize,Kharif,2020,Alluvial,121,43,55,6.47
3660,West Bengal,Hooghly,Cotton,Kharif,2020,Alluvial,90,48,41,6.42
3661,West Bengal,Bardhaman,Wheat,Rabi,2020,Clay Loam,109,51,39,6.08
3662,West Bengal,Bardhaman,Rice,Kharif,2020,Clay Loam,95,48,61,6.6
3663,West Bengal,Bardhaman,Maize,Kharif,2020,Clay Loam,101,46,25,6.14
3664,West Bengal,Bardhaman,Cotton,Kharif,2020,Clay Loam,64,43,53,5.91
3665,Maharashtra,Nashik,Wheat,Rabi,2020,Black Soil,138,73,60,7.72
3666,Maharashtra,Nashik,Rice,Kharif,2020,Black Soil,4,16,12,4.92
3667,Maharashtra,Nashik,Maize,Kharif,2020,Black Soil,36,40,20,7.74
3668,Maharashtra,Nashik,Cotton,Kharif,2020,Black Soil,55,45,41,7.59
3669,Maharashtra,Pune,Wheat,Rabi,2020,Black Soil,114,70,48,7.45
3670,Maharashtra,Pune,Rice,Kharif,2020,Black Soil,80,48,60,7.31
3671,Maharashtra,Pune,Maize,Kharif,2020,Black Soil,89,42,30,7.35
3672,Maharashtra,Pune,Cotton,Kharif,2020,Black Soil,95,51,48,7.41
3673,Tamil Nadu,Thanjavur,Wheat,Rabi,2020,Red Loam,118,41,27,6.75
3674,Tamil Nadu,Thanjavur,Rice,Kharif,2020,Red Loam,101,50,48,6.58
3675,Tamil Nadu,Thanjavur,Maize,Kharif,2020,Red Loam,87,30,39,6.66
3676,Tamil Nadu,Thanjavur,Cotton,Kharif,2020,Red Loam,81,46,23,6.64
3677,Andhra Pradesh,Kurnool,Wheat,Rabi,2020,Red Soil,14,3,8,4.61
3678,Andhra Pradesh,Kurnool,Rice,Kharif,2020,Red Soil,104,51,55,6.95
3679,Andhra Pradesh,Kurnool,Maize,Kharif,2020,Red Soil,115,34,20,6.94
3680,Andhra Pradesh,Kurnool,Cotton,Kharif,2020,Red Soil,94,22,34,6.72
3681,Punjab,Ludhiana,Wheat,Rabi,2021,Alluvial,3,14,3,4.98
3682,Punjab,Ludhiana,Rice,Kharif,2021,Alluvial,97,45,38,7.77
3683,Punjab,Ludhiana,Maize,Kharif,2021,Alluvial,54,37,36,7.68
3684,Punjab,Ludhiana,Cotton,Kharif,2021,Alluvial,57,39,55,7.88
3685,Punjab,Patiala,Wheat,Rabi,2021,Alluvial,152,51,33,7.76
3686,Punjab,Patiala,Rice,Kharif,2021,Alluvial,69,60,33,7.3
3687,Punjab,Patiala,Maize,Kharif,2021,Alluvial,2,10,8,5.09
3688,Punjab,Patiala,Cotton,Kharif,2021,Alluvial,83,56,37,7.45
3689,Uttar Pradesh,Kanpur,Wheat,Rabi,2021,Alluvial,113,62,35,7.26
3690,Uttar Pradesh,Kanpur,Rice,Kharif,2021,Alluvial,82,42,31,7.54
3691,Uttar Pradesh,Kanpur,Maize,Kharif,2021,Alluvial,18,8,6,4.35
3692,Uttar Pradesh,Kanpur,Cotton,Kharif,2021,Alluvial,82,24,33,7.26
3693,Uttar Pradesh,Varanasi,Wheat,Rabi,2021,Alluvial,135,46,59,7.01
3694,Uttar Pradesh,Varanasi,Rice,Kharif,2021,Alluvial,99,54,38,6.89
3695,Uttar Pradesh,Varanasi,Maize,Kharif,2021,Alluvial,55,35,33,7.05
3696,Uttar Pradesh,Varanasi,Cotton,Kharif,2021,Alluvial,42,38,57,6.72
3697,West Bengal,Hooghly,Wheat,Rabi,2021,Alluvial,137,57,42,6.65
3698,West Bengal,Hooghly,Rice,Kharif,2021,Alluvial,91,59,54,6.3
3699,West Bengal,Hooghly,Maize,Kharif,2021,Alluvial,82,45,43,7.27
3700,West Bengal,Hooghly,Cotton,Kharif,2021,Alluvial,83,57,57,6.4
3701,West Bengal,Bardhaman,Wheat,Rabi,2021,Clay Loam,136,52,36,6.09
3702,West Bengal,Bardhaman,Rice,Kharif,2021,Clay Loam,12,11,0,4.6
3703,West Bengal,Bardhaman,Maize,Kharif,2021,Clay Loam,69,44,20,6.0
3704,West Bengal,Bardhaman,Cotton,Kharif,2021,Clay Loam,29,2,11,4.55
3705,Maharashtra,Nashik,Wheat,Rabi,2021,Black Soil,164,49,38,7.59
3706,Maharashtra,Nashik,Rice,Kharif,2021,Black Soil,96,56,42,7.69
3707,Maharashtra,Nashik,Maize,Kharif,2021,Black Soil,105,29,35,7.58
3708,Maharashtra,Nashik,Cotton,Kharif,2021,Black Soil,63,33,28,7.53
3709,Maharashtra,Pune,Wheat,Rabi,2021,Black Soil,86,69,49,7.03
3710,Maharashtra,Pune,Rice,Kharif,2021,Black Soil,81,45,59,7.69
3711,Maharashtra,Pune,Maize,Kharif,2021,Black Soil,124,35,45,7.56
3712,Maharashtra,Pune,Cotton,Kharif,2021,Black Soil,76,45,41,7.41
3713,Tamil Nadu,Thanjavur,Wheat,Rabi,2021,Red Loam,140,62,29,7.38
3714,Tamil Nadu,Thanjavur,Rice,Kharif,2021,Red Loam,94,52,56,6.35
3715,Tamil Nadu,Thanjavur,Maize,Kharif,2021,Red Loam,86,25,31,6.66
3716,Tamil Nadu,Thanjavur,Cotton,Kharif,2021,Red Loam,104,42,65,6.58
3717,Andhra Pradesh,Kurnool,Wheat,Rabi,2021,Red Soil,105,46,29,7.2
3718,Andhra Pradesh,Kurnool,Rice,Kharif,2021,Red Soil,98,56,39,6.92
3719,Andhra Pradesh,Kurnool,Maize,Kharif,2021,Red Soil,16,19,2,4.15
3720,Andhra Pradesh,Kurnool,Cotton,Kharif,2021,Red Soil,44,32,46,6.92
3721,Punjab,Ludhiana,Wheat,Rabi,2022,Alluvial,144,63,25,7.02
3722,Punjab,Ludhiana,Rice,Kharif,2022,Alluvial,130,42,44,7.19
3723,Punjab,Ludhiana,Maize,Kharif,2022,Alluvial,13,8,9,5.22
3724,Punjab,Ludhiana,Cotton,Kharif,2022,Alluvial,90,39,48,7.17
3725,Punjab,Patiala,Wheat,Rabi,2022,Alluvial,92,43,50,7.07
3726,Punjab,Patiala,Rice,Kharif,2022,Alluvial,105,50,40,7.88
3727,Punjab,Patiala,Maize,Kharif,2022,Alluvial,63,33,31,7.46
3728,Punjab,Patiala,Cotton,Kharif,2022,Alluvial,53,48,39,7.88
3729,Uttar Pradesh,Kanpur,Wheat,Rabi,2022,Alluvial,134,80,42,7.08
3730,Uttar Pradesh,Kanpur,Rice,Kharif,2022,Alluvial,98,39,45,6.92
3731,Uttar Pradesh,Kanpur,Maize,Kharif,2022,Alluvial,93,30,36,7.23
3732,Uttar Pradesh,Kanpur,Cotton,Kharif,2022,Alluvial,86,68,44,7.19
3733,Uttar Pradesh,Varanasi,Wheat,Rabi,2022,Alluvial,116,62,50,7.19
3734,Uttar Pradesh,Varanasi,Rice,Kharif,2022,Alluvial,94,58,29,7.76
3735,Uttar Pradesh,Varanasi,Maize,Kharif,2022,Alluvial,102,43,30,6.91
3736,Uttar Pradesh,Varanasi,Cotton,Kharif,2022,Alluvial,65,26,39,6.81
3737,West Bengal,Hooghly,Wheat,Rabi,2022,Alluvial,117,48,64,6.35
3738,West Bengal,Hooghly,Rice,Kharif,2022,Alluvial,116,49,62,6.73
3739,West Bengal,Hooghly,Maize,Kharif,2022,Alluvial,81,47,22,6.36
3740,West Bengal,Hooghly,Cotton,Kharif,2022,Alluvial,74,37,51,6.55
3741,West Bengal,Bardhaman,Wheat,Rabi,2022,Clay Loam,19,14,13,4.34
3742,West Bengal,Bardhaman,Rice,Kharif,2022,Clay Loam,4,16,11,4.57
3743,West Bengal,Bardhaman,Maize,Kharif,2022,Clay Loam,75,41,42,6.17
3744,West Bengal,Bardhaman,Cotton,Kharif,2022,Clay Loam,97,33,46,6.18
3745,Maharashtra,Nashik,Wheat,Rabi,2022,Black Soil,148,64,39,7.91
3746,Maharashtra,Nashik,Rice,Kharif,2022,Black Soil,120,86,51,7.85
3747,Maharashtra,Nashik,Maize,Kharif,2022,Black Soil,114,54,29,7.43
3748,Maharashtra,Nashik,Cotton,Kharif,2022,Black Soil,61,41,33,7.64
3749,Maharashtra,Pune,Wheat,Rabi,2022,Black Soil,123,67,47,7.34
3750,Maharashtra,Pune,Rice,Kharif,2022,Black Soil,107,32,44,7.46
3751,Maharashtra,Pune,Maize,Kharif,2022,Black Soil,63,36,25,7.1
3752,Maharashtra,Pune,Cotton,Kharif,2022,Black Soil,53,63,41,7.49
3753,Tamil Nadu,Thanjavur,Wheat,Rabi,2022,Red Loam,16,6,14,4.61
3754,Tamil Nadu,Thanjavur,Rice,Kharif,2022,Red Loam,43,39,43,6.99
3755,Tamil Nadu,Thanjavur,Maize,Kharif,2022,Red Loam,103,20,27,6.64
3756,Tamil Nadu,Thanjavur,Cotton,Kharif,2022,Red Loam,85,43,46,6.94
3757,Andhra Pradesh,Kurnool,Wheat,Rabi,2022,Red Soil,124,69,37,7.3
3758,Andhra Pradesh,Kurnool,Rice,Kharif,2022,Red Soil,99,43,31,6.8
3759,Andhra Pradesh,Kurnool,Maize,Kharif,2022,Red Soil,97,43,21,7.39
3760,Andhra Pradesh,Kurnool,Cotton,Kharif,2022,Red Soil,88,25,54,6.74
3761,Punjab,Ludhiana,Wheat,Rabi,2023,Alluvial,98,55,61,7.41
3762,Punjab,Ludhiana,Rice,Kharif,2023,Alluvial,110,45,46,8.0
3763,Punjab,Ludhiana,Maize,Kharif,2023,Alluvial,65,27,14,7.17
3764,Punjab,Ludhiana,Cotton,Kharif,2023,Alluvial,70,37,31,7.05
3765,Punjab,Patiala,Wheat,Rabi,2023,Alluvial,148,76,43,7.4
3766,Punjab,Patiala,Rice,Kharif,2023,Alluvial,131,42,47,7.73
3767,Punjab,Patiala,Maize,Kharif,2023,Alluvial,124,31,12,7.71
3768,Punjab,Patiala,Cotton,Kharif,2023,Alluvial,47,31,62,7.67
3769,Uttar Pradesh,Kanpur,Wheat,Rabi,2023,Alluvial,112,70,22,7.11
3770,Uttar Pradesh,Kanpur,Rice,Kharif,2023,Alluvial,128,52,58,7.42
3771,Uttar Pradesh,Kanpur,Maize,Kharif,2023,Alluvial,126,26,22,8.04
3772,Uttar Pradesh,Kanpur,Cotton,Kharif,2023,Alluvial,93,56,66,6.98
3773,Uttar Pradesh,Varanasi,Wheat,Rabi,2023,Alluvial,113,78,44,7.45
3774,Uttar Pradesh,Varanasi,Rice,Kharif,2023,Alluvial,110,52,57,6.41
3775,Uttar Pradesh,Varanasi,Maize,Kharif,2023,Alluvial,22,12,12,4.04
3776,Uttar Pradesh,Varanasi,Cotton,Kharif,2023,Alluvial,84,37,39,7.14
3777,West Bengal,Hooghly,Wheat,Rabi,2023,Alluvial,106,67,34,6.18
3778,West Bengal,Hooghly,Rice,Kharif,2023,Alluvial,97,70,42,6.6
3779,West Bengal,Hooghly,Maize,Kharif,2023,Alluvial,78,48,21,6.23
3780,West Bengal,Hooghly,Cotton,Kharif,2023,Alluvial,42,38,25,6.66
3781,West Bengal,Bardhaman,Wheat,Rabi,2023,Clay Loam,93,66,51,6.32
3782,West Bengal,Bardhaman,Rice,Kharif,2023,Clay Loam,86,60,38,6.28
3783,West Bengal,Bardhaman,Maize,Kharif,2023,Clay Loam,13,3,5,4.73
3784,West Bengal,Bardhaman,Cotton,Kharif,2023,Clay Loam,94,51,38,6.2
3785,Maharashtra,Nashik,Wheat,Rabi,2023,Black Soil,117,64,51,7.84
3786,Maharashtra,Nashik,Rice,Kharif,2023,Black Soil,91,29,57,7.76
3787,Maharashtra,Nashik,Maize,Kharif,2023,Black Soil,120,39,32,7.86
3788,Maharashtra,Nashik,Cotton,Kharif,2023,Black Soil,65,38,52,7.35
3789,Maharashtra,Pune,Wheat,Rabi,2023,Black Soil,108,56,48,7.65
3790,Maharashtra,Pune,Rice,Kharif,2023,Black Soil,108,59,45,7.66
3791,Maharashtra,Pune,Maize,Kharif,2023,Black Soil,126,37,30,7.74
3792,Maharashtra,Pune,Cotton,Kharif,2023,Black Soil,79,36,43,7.44
3793,Tamil Nadu,Thanjavur,Wheat,Rabi,2023,Red Loam,87,66,32,6.73
3794,Tamil Nadu,Thanjavur,Rice,Kharif,2023,Red Loam,127,52,45,6.4
3795,Tamil Nadu,Thanjavur,Maize,Kharif,2023,Red Loam,88,29,41,7.22
3796,Tamil Nadu,Thanjavur,Cotton,Kharif,2023,Red Loam,62,35,37,6.92
3797,Andhra Pradesh,Kurnool,Wheat,Rabi,2023,Red Soil,102,56,21,7.21
3798,Andhra Pradesh,Kurnool,Rice,Kharif,2023,Red Soil,88,48,60,6.74
3799,Andhra Pradesh,Kurnool,Maize,Kharif,2023,Red Soil,86,31,35,6.47
3800,Andhra Pradesh,Kurnool,Cotton,Kharif,2023,Red Soil,90,41,28,7.18
3801,Punjab,Ludhiana,Wheat,Rabi,2019,Alluvial,129,53,32,7.45
3802,Punjab,Ludhiana,Rice,Kharif,2019,Alluvial,115,47,57,7.1
3803,Punjab,Ludhiana,Maize,Kharif,2019,Alluvial,85,39,19,7.46
3804,Punjab,Ludhiana,Cotton,Kharif,2019,Alluvial,61,30,44,7.04
3805,Punjab,Patiala,Wheat,Rabi,2019,Alluvial,18,16,14,4.04
3806,Punjab,Patiala,Rice,Kharif,2019,Alluvial,105,42,36,6.93
3807,Punjab,Patiala,Maize,Kharif,2019,Alluvial,97,61,31,7.01
3808,Punjab,Patiala,Cotton,Kharif,2019,Alluvial,15,13,11,4.17
3809,Uttar Pradesh,Kanpur,Wheat,Rabi,2019,Alluvial,139,61,61,7.28
3810,Uttar Pradesh,Kanpur,Rice,Kharif,2019,Alluvial,90,38,54,7.4
3811,Uttar Pradesh,Kanpur,Maize,Kharif,2019,Alluvial,3,1,9,4.9
3812,Uttar Pradesh,Kanpur,Cotton,Kharif,2019,Alluvial,55,41,35,6.93
3813,Uttar Pradesh,Varanasi,Wheat,Rabi,2019,Alluvial,116,57,44,6.87
3814,Uttar Pradesh,Varanasi,Rice,Kharif,2019,Alluvial,25,13,10,5.4
3815,Uttar Pradesh,Varanasi,Maize,Kharif,2019,Alluvial,96,57,18,6.66
3816,Uttar Pradesh,Varanasi,Cotton,Kharif,2019,Alluvial,80,32,54,7.88
3817,West Bengal,Hooghly,Wheat,Rabi,2019,Alluvial,22,11,8,4.43
3818,West Bengal,Hooghly,Rice,Kharif,2019,Alluvial,105,70,71,6.12
3819,West Bengal,Hooghly,Maize,Kharif,2019,Alluvial,17,6,5,4.66
3820,West Bengal,Hooghly,Cotton,Kharif,2019,Alluvial,117,24,30,6.24
3821,West Bengal,Bardhaman,Wheat,Rabi,2019,Clay Loam,148,49,39,5.9
3822,West Bengal,Bardhaman,Rice,Kharif,2019,Clay Loam,0,15,0,4.52
3823,West Bengal,Bardhaman,Maize,Kharif,2019,Clay Loam,106,32,23,6.78
3824,West Bengal,Bardhaman,Cotton,Kharif,2019,Clay Loam,87,51,37,6.37
3825,Maharashtra,Nashik,Wheat,Rabi,2019,Black Soil,107,47,40,7.68
3826,Maharashtra,Nashik,Rice,Kharif,2019,Black Soil,95,62,55,7.83
3827,Maharashtra,Nashik,Maize,Kharif,2019,Black Soil,80,58,39,7.93
3828,Maharashtra,Nashik,Cotton,Kharif,2019,Black Soil,87,45,50,7.4
3829,Maharashtra,Pune,Wheat,Rabi,2019,Black Soil,134,59,58,7.24
3830,Maharashtra,Pune,Rice,Kharif,2019,Black Soil,73,38,51,7.34
3831,Maharashtra,Pune,Maize,Kharif,2019,Black Soil,97,47,39,7.15
3832,Maharashtra,Pune,Cotton,Kharif,2019,Black Soil,2,7,14,4.85
3833,Tamil Nadu,Thanjavur,Wheat,Rabi,2019,Red Loam,106,61,42,6.8
3834,Tamil Nadu,Thanjavur,Rice,Kharif,2019,Red Loam,78,39,53,6.77
3835,Tamil Nadu,Thanjavur,Maize,Kharif,2019,Red Loam,4,15,2,4.39
3836,Tamil Nadu,Thanjavur,Cotton,Kharif,2019,Red Loam,52,41,56,7.49
3837,Andhra Pradesh,Kurnool,Wheat,Rabi,2019,Red Soil,102,66,18,7.45
3838,Andhra Pradesh,Kurnool,Rice,Kharif,2019,Red Soil,124,43,58,7.46
3839,Andhra Pradesh,Kurnool,Maize,Kharif,2019,Red Soil,74,51,27,6.85
3840,Andhra Pradesh,Kurnool,Cotton,Kharif,2019,Red Soil,79,30,59,7.1
3841,Punjab,Ludhiana,Wheat,Rabi,2020,Alluvial,147,63,33,7.53
3842,Punjab,Ludhiana,Rice,Kharif,2020,Alluvial,100,62,43,7.35
3843,Punjab,Ludhiana,Maize,Kharif,2020,Alluvial,78,40,42,7.29
3844,Punjab,Ludhiana,Cotton,Kharif,2020,Alluvial,82,40,48,7.54
3845,Punjab,Patiala,Wheat,Rabi,2020,Alluvial,137,55,48,7.68
3846,Punjab,Patiala,Rice,Kharif,2020,Alluvial,93,50,59,7.73
3847,Punjab,Patiala,Maize,Kharif,2020,Alluvial,92,44,54,7.57
3848,Punjab,Patiala,Cotton,Kharif,2020,Alluvial,85,41,40,7.22
3849,Uttar Pradesh,Kanpur,Wheat,Rabi,2020,Alluvial,125,59,60,7.5
3850,Uttar Pradesh,Kanpur,Rice,Kharif,2020,Alluvial,92,64,54,6.98
3851,Uttar Pradesh,Kanpur,Maize,Kharif,2020,Alluvial,80,43,38,7.72
3852,Uttar Pradesh,Kanpur,Cotton,Kharif,2020,Alluvial,33,38,42,7.26
3853,Uttar Pradesh,Varanasi,Wheat,Rabi,2020,Alluvial,120,70,43,6.92
3854,Uttar Pradesh,Varanasi,Rice,Kharif,2020,Alluvial,132,50,50,7.2
3855,Uttar Pradesh,Varanasi,Maize,Kharif,2020,Alluvial,90,48,25,6.59
3856,Uttar Pradesh,Varanasi,Cotton,Kharif,2020,Alluvial,58,25,25,7.14
3857,West Bengal,Hooghly,Wheat,Rabi,2020,Alluvial,77,52,56,6.62
3858,West Bengal,Hooghly,Rice,Kharif,2020,Alluvial,87,57,45,6.72
3859,West Bengal,Hooghly,Maize,Kharif,2020,Alluvial,86,33,29,6.43
3860,West Bengal,Hooghly,Cotton,Kharif,2020,Alluvial,71,38,35,6.56
3861,West Bengal,Bardhaman,Wheat,Rabi,2020,Clay Loam,111,60,38,6.06
3862,West Bengal,Bardhaman,Rice,Kharif,2020,Clay Loam,82,43,62,5.94
3863,West Bengal,Bardhaman,Maize,Kharif,2020,Clay Loam,84,54,28,6.26
3864,West Bengal,Bardhaman,Cotton,Kharif,2020,Clay Loam,84,52,46,6.42
3865,Maharashtra,Nashik,Wheat,Rabi,2020,Black Soil,105,51,34,8.06
3866,Maharashtra,Nashik,Rice,Kharif,2020,Black Soil,106,52,32,8.12
3867,Maharashtra,Nashik,Maize,Kharif,2020,Black Soil,74,46,29,7.96
3868,Maharashtra,Nashik,Cotton,Kharif,2020,Black Soil,55,51,42,7.58
3869,Maharashtra,Pune,Wheat,Rabi,2020,Black Soil,135,65,27,7.51
3870,Maharashtra,Pune,Rice,Kharif,2020,Black Soil,6,8,12,4.38
3871,Maharashtra,Pune,Maize,Kharif,2020,Black Soil,20,4,9,4.33
3872,Maharashtra,Pune,Cotton,Kharif,2020,Black Soil,58,39,31,7.43
3873,Tamil Nadu,Thanjavur,Wheat,Rabi,2020,Red Loam,107,45,33,6.61
3874,Tamil Nadu,Thanjavur,Rice,Kharif,2020,Red Loam,114,66,41,6.62
3875,Tamil Nadu,Thanjavur,Maize,Kharif,2020,Red Loam,118,27,39,6.77
3876,Tamil Nadu,Thanjavur,Cotton,Kharif,2020,Red Loam,111,32,50,6.93
3877,Andhra Pradesh,Kurnool,Wheat,Rabi,2020,Red Soil,1,0,6,4.12
3878,Andhra Pradesh,Kurnool,Rice,Kharif,2020,Red Soil,109,43,58,7.15
3879,Andhra Pradesh,Kurnool,Maize,Kharif,2020,Red Soil,92,33,32,7.51
3880,Andhra Pradesh,Kurnool,Cotton,Kharif,2020,Red Soil,4,5,9,5.46
3881,Punjab,Ludhiana,Wheat,Rabi,2021,Alluvial,144,43,44,6.9
3882,Punjab,Ludhiana,Rice,Kharif,2021,Alluvial,130,53,44,7.65
3883,Punjab,Ludhiana,Maize,Kharif,2021,Alluvial,107,43,38,7.11
3884,Punjab,Ludhiana,Cotton,Kharif,2021,Alluvial,11,9,2,4.07
3885,Punjab,Patiala,Wheat,Rabi,2021,Alluvial,113,56,31,7.53
3886,Punjab,Patiala,Rice,Kharif,2021,Alluvial,25,16,11,4.46
3887,Punjab,Patiala,Maize,Kharif,2021,Alluvial,85,39,38,7.35
3888,Punjab,Patiala,Cotton,Kharif,2021,Alluvial,81,36,33,7.81
3889,Uttar Pradesh,Kanpur,Wheat,Rabi,2021,Alluvial,149,58,24,7.2
3890,Uttar Pradesh,Kanpur,Rice,Kharif,2021,Alluvial,101,53,53,7.4
3891,Uttar Pradesh,Kanpur,Maize,Kharif,2021,Alluvial,54,45,17,6.77
3892,Uttar Pradesh,Kanpur,Cotton,Kharif,2021,Alluvial,10,15,9,4.54
3893,Uttar Pradesh,Varanasi,Wheat,Rabi,2021,Alluvial,121,73,45,7.09
3894,Uttar Pradesh,Varanasi,Rice,Kharif,2021,Alluvial,118,54,55,6.7
3895,Uttar Pradesh,Varanasi,Maize,Kharif,2021,Alluvial,84,35,38,6.74
3896,Uttar Pradesh,Varanasi,Cotton,Kharif,2021,Alluvial,89,47,43,7.53
3897,West Bengal,Hooghly,Wheat,Rabi,2021,Alluvial,137,56,32,6.36
3898,West Bengal,Hooghly,Rice,Kharif,2021,Alluvial,106,60,33,7.1
3899,West Bengal,Hooghly,Maize,Kharif,2021,Alluvial,56,34,20,6.27
3900,West Bengal,Hooghly,Cotton,Kharif,2021,Alluvial,85,39,50,6.36
3901,West Bengal,Bardhaman,Wheat,Rabi,2021,Clay Loam,145,57,31,5.88
3902,West Bengal,Bardhaman,Rice,Kharif,2021,Clay Loam,124,46,37,5.52
3903,West Bengal,Bardhaman,Maize,Kharif,2021,Clay Loam,60,26,36,5.79
3904,West Bengal,Bardhaman,Cotton,Kharif,2021,Clay Loam,95,39,43,6.25
3905,Maharashtra,Nashik,Wheat,Rabi,2021,Black Soil,101,46,28,7.56
3906,Maharashtra,Nashik,Rice,Kharif,2021,Black Soil,145,33,59,7.77
3907,Maharashtra,Nashik,Maize,Kharif,2021,Black Soil,141,59,19,8.01
3908,Maharashtra,Nashik,Cotton,Kharif,2021,Black Soil,62,37,34,7.97
3909,Maharashtra,Pune,Wheat,Rabi,2021,Black Soil,117,58,47,7.72
3910,Maharashtra,Pune,Rice,Kharif,2021,Black Soil,135,47,56,7.31
3911,Maharashtra,Pune,Maize,Kharif,2021,Black Soil,70,32,25,7.67
3912,Maharashtra,Pune,Cotton,Kharif,2021,Black Soil,102,44,43,7.85
3913,Tamil Nadu,Thanjavur,Wheat,Rabi,2021,Red Loam,3,17,1,4.32
3914,Tamil Nadu,Thanjavur,Rice,Kharif,2021,Red Loam,86,53,40,6.97
3915,Tamil Nadu,Thanjavur,Maize,Kharif,2021,Red Loam,85,43,42,6.7
3916,Tamil Nadu,Thanjavur,Cotton,Kharif,2021,Red Loam,8,12,11,4.02
3917,Andhra Pradesh,Kurnool,Wheat,Rabi,2021,Red Soil,105,58,56,7.45
3918,Andhra Pradesh,Kurnool,Rice,Kharif,2021,Red Soil,105,28,50,7.15
3919,Andhra Pradesh,Kurnool,Maize,Kharif,2021,Red Soil,73,47,27,6.85
3920,Andhra Pradesh,Kurnool,Cotton,Kharif,2021,Red Soil,14,15,14,4.75
3921,Punjab,Ludhiana,Wheat,Rabi,2022,Alluvial,145,69,51,7.55
3922,Punjab,Ludhiana,Rice,Kharif,2022,Alluvial,123,29,40,7.46
3923,Punjab,Ludhiana,Maize,Kharif,2022,Alluvial,60,35,12,6.75
3924,Punjab,Ludhiana,Cotton,Kharif,2022,Alluvial,63,38,66,6.99
3925,Punjab,Patiala,Wheat,Rabi,2022,Alluvial,107,60,22,7.53
3926,Punjab,Patiala,Rice,Kharif,2022,Alluvial,111,59,44,7.18
3927,Punjab,Patiala,Maize,Kharif,2022,Alluvial,103,55,32,7.6
3928,Punjab,Patiala,Cotton,Kharif,2022,Alluvial,56,38,30,7.42
3929,Uttar Pradesh,Kanpur,Wheat,Rabi,2022,Alluvial,111,67,49,7.15
3930,Uttar Pradesh,Kanpur,Rice,Kharif,2022,Alluvial,117,66,48,7.51
3931,Uttar Pradesh,Kanpur,Maize,Kharif,2022,Alluvial,72,39,43,7.57
3932,Uttar Pradesh,Kanpur,Cotton,Kharif,2022,Alluvial,79,34,38,7.52
3933,Uttar Pradesh,Varanasi,Wheat,Rabi,2022,Alluvial,105,45,50,6.66
3934,Uttar Pradesh,Varanasi,Rice,Kharif,2022,Alluvial,160,58,46,7.54
3935,Uttar Pradesh,Varanasi,Maize,Kharif,2022,Alluvial,132,37,25,7.3
3936,Uttar Pradesh,Varanasi,Cotton,Kharif,2022,Alluvial,2,1,8,4.6
3937,West Bengal,Hooghly,Wheat,Rabi,2022,Alluvial,132,50,45,6.78
3938,West Bengal,Hooghly,Rice,Kharif,2022,Alluvial,98,46,55,6.07
3939,West Bengal,Hooghly,Maize,Kharif,2022,Alluvial,55,32,22,6.86
3940,West Bengal,Hooghly,Cotton,Kharif,2022,Alluvial,83,34,33,6.69
3941,West Bengal,Bardhaman,Wheat,Rabi,2022,Clay Loam,123,54,41,5.77
3942,West Bengal,Bardhaman,Rice,Kharif,2022,Clay Loam,71,53,64,6.08
3943,West Bengal,Bardhaman,Maize,Kharif,2022,Clay Loam,16,4,1,5.09
3944,West Bengal,Bardhaman,Cotton,Kharif,2022,Clay Loam,101,27,44,6.23
3945,Maharashtra,Nashik,Wheat,Rabi,2022,Black Soil,77,68,40,7.54
3946,Maharashtra,Nashik,Rice,Kharif,2022,Black Soil,88,37,49,7.47
3947,Maharashtra,Nashik,Maize,Kharif,2022,Black Soil,92,36,36,7.97
3948,Maharashtra,Nashik,Cotton,Kharif,2022,Black Soil,92,40,53,7.86
3949,Maharashtra,Pune,Wheat,Rabi,2022,Black Soil,154,58,26,7.44
3950,Maharashtra,Pune,Rice,Kharif,2022,Black Soil,131,54,42,7.78
3951,Maharashtra,Pune,Maize,Kharif,2022,Black Soil,100,15,28,7.58
3952,Maharashtra,Pune,Cotton,Kharif,2022,Black Soil,88,50,34,7.37
3953,Tamil Nadu,Thanjavur,Wheat,Rabi,2022,Red Loam,27,5,8,4.18
3954,Tamil Nadu,Thanjavur,Rice,Kharif,2022,Red Loam,26,0,11,4.71
3955,Tamil Nadu,Thanjavur,Maize,Kharif,2022,Red Loam,92,28,41,6.54
3956,Tamil Nadu,Thanjavur,Cotton,Kharif,2022,Red Loam,96,40,22,6.92
3957,Andhra Pradesh,Kurnool,Wheat,Rabi,2022,Red Soil,130,60,30,6.63
3958,Andhra Pradesh,Kurnool,Rice,Kharif,2022,Red Soil,49,52,53,7.17
3959,Andhra Pradesh,Kurnool,Maize,Kharif,2022,Red Soil,102,44,20,7.5
3960,Andhra Pradesh,Kurnool,Cotton,Kharif,2022,Red Soil,110,40,40,7.17
3961,Punjab,Ludhiana,Wheat,Rabi,2023,Alluvial,112,52,18,7.35
3962,Punjab,Ludhiana,Rice,Kharif,2023,Alluvial,82,59,37,7.55
3963,Punjab,Ludhiana,Maize,Kharif,2023,Alluvial,15,7,8,4.45
3964,Punjab,Ludhiana,Cotton,Kharif,2023,Alluvial,99,45,43,7.61
3965,Punjab,Patiala,Wheat,Rabi,2023,Alluvial,100,56,45,7.4
3966,Punjab,Patiala,Rice,Kharif,2023,Alluvial,124,44,57,7.28
3967,Punjab,Patiala,Maize,Kharif,2023,Alluvial,71,22,37,7.8
3968,Punjab,Patiala,Cotton,Kharif,2023,Alluvial,22,11,12,4.11
3969,Uttar Pradesh,Kanpur,Wheat,Rabi,2023,Alluvial,96,58,29,7.33
3970,Uttar Pradesh,Kanpur,Rice,Kharif,2023,Alluvial,104,54,55,7.11
3971,Uttar Pradesh,Kanpur,Maize,Kharif,2023,Alluvial,127,19,36,7.37
3972,Uttar Pradesh,Kanpur,Cotton,Kharif,2023,Alluvial,83,32,45,7.21
3973,Uttar Pradesh,Varanasi,Wheat,Rabi,2023,Alluvial,116,70,28,7.09
3974,Uttar Pradesh,Varanasi,Rice,Kharif,2023,Alluvial,69,46,61,6.49
3975,Uttar Pradesh,Varanasi,Maize,Kharif,2023,Alluvial,134,44,30,6.95
3976,Uttar Pradesh,Varanasi,Cotton,Kharif,2023,Alluvial,58,30,20,6.5
3977,West Bengal,Hooghly,Wheat,Rabi,2023,Alluvial,10,16,7,5.36
3978,West Bengal,Hooghly,Rice,Kharif,2023,Alluvial,124,52,54,6.39
3979,West Bengal,Hooghly,Maize,Kharif,2023,Alluvial,90,54,44,6.12
3980,West Bengal,Hooghly,Cotton,Kharif,2023,Alluvial,90,39,50,6.72
3981,West Bengal,Bardhaman,Wheat,Rabi,2023,Clay Loam,18,17,2,5.11
3982,West Bengal,Bardhaman,Rice,Kharif,2023,Clay Loam,94,49,45,6.14
3983,West Bengal,Bardhaman,Maize,Kharif,2023,Clay Loam,87,46,17,6.1
3984,West Bengal,Bardhaman,Cotton,Kharif,2023,Clay Loam,72,30,50,5.97
3985,Maharashtra,Nashik,Wheat,Rabi,2023,Black Soil,119,64,26,7.78
3986,Maharashtra,Nashik,Rice,Kharif,2023,Black Soil,106,54,61,7.99
3987,Maharashtra,Nashik,Maize,Kharif,2023,Black Soil,107,51,32,7.64
3988,Maharashtra,Nashik,Cotton,Kharif,2023,Black Soil,79,26,22,7.46
3989,Maharashtra,Pune,Wheat,Rabi,2023,Black Soil,116,51,44,7.09
3990,Maharashtra,Pune,Rice,Kharif,2023,Black Soil,28,6,0,4.45
3991,Maharashtra,Pune,Maize,Kharif,2023,Black Soil,115,49,25,7.31
3992,Maharashtra,Pune,Cotton,Kharif,2023,Black Soil,25,3,5,4.11
3993,Tamil Nadu,Thanjavur,Wheat,Rabi,2023,Red Loam,158,30,44,6.68
3994,Tamil Nadu,Thanjavur,Rice,Kharif,2023,Red Loam,102,42,57,7.24
3995,Tamil Nadu,Thanjavur,Maize,Kharif,2023,Red Loam,112,51,31,6.33
3996,Tamil Nadu,Thanjavur,Cotton,Kharif,2023,Red Loam,89,22,31,7.41
3997,Andhra Pradesh,Kurnool,Wheat,Rabi,2023,Red Soil,138,73,47,7.06
3998,Andhra Pradesh,Kurnool,Rice,Kharif,2023,Red Soil,122,51,42,7.2
3999,Andhra Pradesh,Kurnool,Maize,Kharif,2023,Red Soil,80,38,14,7.03
4000,Andhra Pradesh,Kurnool,Cotton,Kharif,2023,Red Soil,69,31,35,6.73
4001,Punjab,Ludhiana,Wheat,Rabi,2019,Alluvial,141,49,29,7.15
4002,Punjab,Ludhiana,Rice,Kharif,2019,Alluvial,85,42,53,7.43
4003,Punjab,Ludhiana,Maize,Kharif,2019,Alluvial,6,13,12,5.21
4004,Punjab,Ludhiana,Cotton,Kharif,2019,Alluvial,80,40,41,7.42
4005,Punjab,Patiala,Wheat,Rabi,2019,Alluvial,113,73,39,7.71
4006,Punjab,Patiala,Rice,Kharif,2019,Alluvial,90,56,33,7.2
4007,Punjab,Patiala,Maize,Kharif,2019,Alluvial,2,0,10,4.79
4008,Punjab,Patiala,Cotton,Kharif,2019,Alluvial,98,33,34,7.4
4009,Uttar Pradesh,Kanpur,Wheat,Rabi,2019,Alluvial,82,62,29,7.5
4010,Uttar Pradesh,Kanpur,Rice,Kharif,2019,Alluvial,99,38,39,7.74
4011,Uttar Pradesh,Kanpur,Maize,Kharif,2019,Alluvial,86,42,43,6.6
4012,Uttar Pradesh,Kanpur,Cotton,Kharif,2019,Alluvial,79,52,28,7.09
4013,Uttar Pradesh,Varanasi,Wheat,Rabi,2019,Alluvial,15,5,14,4.4
4014,Uttar Pradesh,Varanasi,Rice,Kharif,2019,Alluvial,3,16,7,4.22
4015,Uttar Pradesh,Varanasi,Maize,Kharif,2019,Alluvial,29,15,3,4.61
4016,Uttar Pradesh,Varanasi,Cotton,Kharif,2019,Alluvial,113,28,35,6.99
4017,West Bengal,Hooghly,Wheat,Rabi,2019,Alluvial,150,54,43,6.24
4018,West Bengal,Hooghly,Rice,Kharif,2019,Alluvial,128,53,51,6.01
4019,West Bengal,Hooghly,Maize,Kharif,2019,Alluvial,51,45,18,6.97
4020,West Bengal,Hooghly,Cotton,Kharif,2019,Alluvial,95,27,39,6.55
4021,West Bengal,Bardhaman,Wheat,Rabi,2019,Clay Loam,131,59,57,5.47
4022,West Bengal,Bardhaman,Rice,Kharif,2019,Clay Loam,120,52,61,6.37
4023,West Bengal,Bardhaman,Maize,Kharif,2019,Clay Loam,96,24,19,6.53
4024,West Bengal,Bardhaman,Cotton,Kharif,2019,Clay Loam,50,25,22,5.81
4025,Maharashtra,Nashik,Wheat,Rabi,2019,Black Soil,119,55,37,7.37
4026,Maharashtra,Nashik,Rice,Kharif,2019,Black Soil,95,56,44,7.56
4027,Maharashtra,Nashik,Maize,Kharif,2019,Black Soil,27,18,14,5.21
4028,Maharashtra,Nashik,Cotton,Kharif,2019,Black Soil,93,36,26,8.1
4029,Maharashtra,Pune,Wheat,Rabi,2019,Black Soil,99,52,60,7.4
4030,Maharashtra,Pune,Rice,Kharif,2019,Black Soil,87,52,25,7.51
4031,Maharashtra,Pune,Maize,Kharif,2019,Black Soil,29,19,5,5.43
4032,Maharashtra,Pune,Cotton,Kharif,2019,Black Soil,68,52,47,7.18
4033,Tamil Nadu,Thanjavur,Wheat,Rabi,2019,Red Loam,104,62,19,6.72
4034,Tamil Nadu,Thanjavur,Rice,Kharif,2019,Red Loam,15,19,0,4.69
4035,Tamil Nadu,Thanjavur,Maize,Kharif,2019,Red Loam,106,22,22,7.07
4036,Tamil Nadu,Thanjavur,Cotton,Kharif,2019,Red Loam,72,42,27,6.21
4037,Andhra Pradesh,Kurnool,Wheat,Rabi,2019,Red Soil,118,48,35,7.34
4038,Andhra Pradesh,Kurnool,Rice,Kharif,2019,Red Soil,95,41,34,7.32
4039,Andhra Pradesh,Kurnool,Maize,Kharif,2019,Red Soil,97,36,30,7.41
4040,Andhra Pradesh,Kurnool,Cotton,Kharif,2019,Red Soil,89,33,42,7.26
4041,Punjab,Ludhiana,Wheat,Rabi,2020,Alluvial,94,65,40,7.25
4042,Punjab,Ludhiana,Rice,Kharif,2020,Alluvial,135,45,45,7.11
4043,Punjab,Ludhiana,Maize,Kharif,2020,Alluvial,62,64,35,7.69
4044,Punjab,Ludhiana,Cotton,Kharif,2020,Alluvial,5,16,2,4.94
4045,Punjab,Patiala,Wheat,Rabi,2020,Alluvial,110,70,49,7.82
4046,Punjab,Patiala,Rice,Kharif,2020,Alluvial,89,42,63,7.98
4047,Punjab,Patiala,Maize,Kharif,2020,Alluvial,71,23,37,7.69
4048,Punjab,Patiala,Cotton,Kharif,2020,Alluvial,84,34,47,7.36
4049,Uttar Pradesh,Kanpur,Wheat,Rabi,2020,Alluvial,117,50,28,6.91
4050,Uttar Pradesh,Kanpur,Rice,Kharif,2020,Alluvial,126,49,44,7.48
4051,Uttar Pradesh,Kanpur,Maize,Kharif,2020,Alluvial,15,1,14,5.34
4052,Uttar Pradesh,Kanpur,Cotton,Kharif,2020,Alluvial,34,23,59,7.79
4053,Uttar Pradesh,Varanasi,Wheat,Rabi,2020,Alluvial,131,67,41,6.68
4054,Uttar Pradesh,Varanasi,Rice,Kharif,2020,Alluvial,88,46,61,6.98
4055,Uttar Pradesh,Varanasi,Maize,Kharif,2020,Alluvial,85,38,24,7.15
4056,Uttar Pradesh,Varanasi,Cotton,Kharif,2020,Alluvial,21,4,6,5.46
4057,West Bengal,Hooghly,Wheat,Rabi,2020,Alluvial,104,73,23,6.7
4058,West Bengal,Hooghly,Rice,Kharif,2020,Alluvial,79,51,63,6.42
4059,West Bengal,Hooghly,Maize,Kharif,2020,Alluvial,100,46,46,6.44
4060,West Bengal,Hooghly,Cotton,Kharif,2020,Alluvial,82,30,30,6.63
4061,West Bengal,Bardhaman,Wheat,Rabi,2020,Clay Loam,140,65,40,6.6
4062,West Bengal,Bardhaman,Rice,Kharif,2020,Clay Loam,132,29,54,6.39
4063,West Bengal,Bardhaman,Maize,Kharif,2020,Clay Loam,113,19,31,6.22
4064,West Bengal,Bardhaman,Cotton,Kharif,2020,Clay Loam,73,33,44,6.18
4065,Maharashtra,Nashik,Wheat,Rabi,2020,Black Soil,97,76,46,8.12
4066,Maharashtra,Nashik,Rice,Kharif,2020,Black Soil,100,62,41,8.32
4067,Maharashtra,Nashik,Maize,Kharif,2020,Black Soil,17,17,0,4.29
4068,Maharashtra,Nashik,Cotton,Kharif,2020,Black Soil,66,39,37,7.55
4069,Maharashtra,Pune,Wheat,Rabi,2020,Black Soil,113,61,32,7.23
4070,Maharashtra,Pune,Rice,Kharif,2020,Black Soil,112,66,43,7.78
4071,Maharashtra,Pune,Maize,Kharif,2020,Black Soil,68,58,39,7.34
4072,Maharashtra,Pune,Cotton,Kharif,2020,Black Soil,19,13,2,5.38
4073,Tamil Nadu,Thanjavur,Wheat,Rabi,2020,Red Loam,141,54,37,6.52
4074,Tamil Nadu,Thanjavur,Rice,Kharif,2020,Red Loam,18,3,1,4.64
4075,Tamil Nadu,Thanjavur,Maize,Kharif,2020,Red Loam,28,6,10,5.22
4076,Tamil Nadu,Thanjavur,Cotton,Kharif,2020,Red Loam,93,33,46,6.52
4077,Andhra Pradesh,Kurnool,Wheat,Rabi,2020,Red Soil,108,80,20,7.57
4078,Andhra Pradesh,Kurnool,Rice,Kharif,2020,Red Soil,120,44,48,6.97
4079,Andhra Pradesh,Kurnool,Maize,Kharif,2020,Red Soil,106,54,35,7.45
4080,Andhra Pradesh,Kurnool,Cotton,Kharif,2020,Red Soil,105,24,32,7.02
4081,Punjab,Ludhiana,Wheat,Rabi,2021,Alluvial,138,57,33,7.2
4082,Punjab,Ludhiana,Rice,Kharif,2021,Alluvial,118,52,52,7.23
4083,Punjab,Ludhiana,Maize,Kharif,2021,Alluvial,157,42,37,7.06
4084,Punjab,Ludhiana,Cotton,Kharif,2021,Alluvial,6,4,1,4.31
4085,Punjab,Patiala,Wheat,Rabi,2021,Alluvial,119,64,30,7.68
4086,Punjab,Patiala,Rice,Kharif,2021,Alluvial,92,55,57,7.48
4087,Punjab,Patiala,Maize,Kharif,2021,Alluvial,98,43,41,7.46
4088,Punjab,Patiala,Cotton,Kharif,2021,Alluvial,10,3,4,5.43
4089,Uttar Pradesh,Kanpur,Wheat,Rabi,2021,Alluvial,21,9,14,5.1
4090,Uttar Pradesh,Kanpur,Rice,Kharif,2021,Alluvial,67,36,48,6.98
4091,Uttar Pradesh,Kanpur,Maize,Kharif,2021,Alluvial,112,55,21,7.49
4092,Uttar Pradesh,Kanpur,Cotton,Kharif,2021,Alluvial,58,48,30,7.41
4093,Uttar Pradesh,Varanasi,Wheat,Rabi,2021,Alluvial,25,11,13,5.3
4094,Uttar Pradesh,Varanasi,Rice,Kharif,2021,Alluvial,106,53,35,6.95
4095,Uttar Pradesh,Varanasi,Maize,Kharif,2021,Alluvial,73,39,34,6.81
4096,Uttar Pradesh,Varanasi,Cotton,Kharif,2021,Alluvial,83,31,33,7.14
4097,West Bengal,Hooghly,Wheat,Rabi,2021,Alluvial,7,4,3,4.74
4098,West Bengal,Hooghly,Rice,Kharif,2021,Alluvial,133,56,51,6.21
4099,West Bengal,Hooghly,Maize,Kharif,2021,Alluvial,20,9,10,4.72
4100,West Bengal,Hooghly,Cotton,Kharif,2021,Alluvial,20,9,12,5.18
4101,West Bengal,Bardhaman,Wheat,Rabi,2021,Clay Loam,89,56,37,6.69
4102,West Bengal,Bardhaman,Rice,Kharif,2021,Clay Loam,108,52,39,6.25
4103,West Bengal,Bardhaman,Maize,Kharif,2021,Clay Loam,64,49,33,6.36
4104,West Bengal,Bardhaman,Cotton,Kharif,2021,Clay Loam,115,34,32,6.42
4105,Maharashtra,Nashik,Wheat,Rabi,2021,Black Soil,11,16,13,4.35
4106,Maharashtra,Nashik,Rice,Kharif,2021,Black Soil,123,56,34,7.96
4107,Maharashtra,Nashik,Maize,Kharif,2021,Black Soil,68,13,35,8.09
4108,Maharashtra,Nashik,Cotton,Kharif,2021,Black Soil,61,48,38,8.18
4109,Maharashtra,Pune,Wheat,Rabi,2021,Black Soil,27,1,14,4.04
4110,Maharashtra,Pune,Rice,Kharif,2021,Black Soil,104,44,48,7.15
4111,Maharashtra,Pune,Maize,Kharif,2021,Black Soil,20,1,12,4.47
4112,Maharashtra,Pune,Cotton,Kharif,2021,Black Soil,73,39,28,7.93
4113,Tamil Nadu,Thanjavur,Wheat,Rabi,2021,Red Loam,83,46,42,6.68
4114,Tamil Nadu,Thanjavur,Rice,Kharif,2021,Red Loam,99,48,42,6.87
4115,Tamil Nadu,Thanjavur,Maize,Kharif,2021,Red Loam,94,44,28,6.76
4116,Tamil Nadu,Thanjavur,Cotton,Kharif,2021,Red Loam,89,35,26,6.43
4117,Andhra Pradesh,Kurnool,Wheat,Rabi,2021,Red Soil,113,54,38,7.07
4118,Andhra Pradesh,Kurnool,Rice,Kharif,2021,Red Soil,6,9,6,4.88
4119,Andhra Pradesh,Kurnool,Maize,Kharif,2021,Red Soil,111,30,30,7.16
4120,Andhra Pradesh,Kurnool,Cotton,Kharif,2021,Red Soil,58,29,42,7.16
4121,Punjab,Ludhiana,Wheat,Rabi,2022,Alluvial,75,72,28,7.56
4122,Punjab,Ludhiana,Rice,Kharif,2022,Alluvial,96,44,58,7.26
4123,Punjab,Ludhiana,Maize,Kharif,2022,Alluvial,53,40,26,7.99
4124,Punjab,Ludhiana,Cotton,Kharif,2022,Alluvial,79,42,60,7.07
4125,Punjab,Patiala,Wheat,Rabi,2022,Alluvial,87,84,34,7.43
4126,Punjab,Patiala,Rice,Kharif,2022,Alluvial,122,63,32,7.95
4127,Punjab,Patiala,Maize,Kharif,2022,Alluvial,95,26,34,7.95
4128,Punjab,Patiala,Cotton,Kharif,2022,Alluvial,95,35,45,7.81
4129,Uttar Pradesh,Kanpur,Wheat,Rabi,2022,Alluvial,87,67,38,6.89
4130,Uttar Pradesh,Kanpur,Rice,Kharif,2022,Alluvial,74,66,47,6.88
4131,Uttar Pradesh,Kanpur,Maize,Kharif,2022,Alluvial,101,31,21,6.63
4132,Uttar Pradesh,Kanpur,Cotton,Kharif,2022,Alluvial,63,32,39,6.91
4133,Uttar Pradesh,Varanasi,Wheat,Rabi,2022,Alluvial,7,13,8,5.14
4134,Uttar Pradesh,Varanasi,Rice,Kharif,2022,Alluvial,89,56,36,6.95
4135,Uttar Pradesh,Varanasi,Maize,Kharif,2022,Alluvial,86,45,17,7.39
4136,Uttar Pradesh,Varanasi,Cotton,Kharif,2022,Alluvial,87,47,44,6.62
4137,West Bengal,Hooghly,Wheat,Rabi,2022,Alluvial,133,70,32,6.59
4138,West Bengal,Hooghly,Rice,Kharif,2022,Alluvial,143,44,64,6.09
4139,West Bengal,Hooghly,Maize,Kharif,2022,Alluvial,94,45,31,6.67
4140,West Bengal,Hooghly,Cotton,Kharif,2022,Alluvial,61,25,50,6.32
4141,West Bengal,Bardhaman,Wheat,Rabi,2022,Clay Loam,124,62,32,6.07
4142,West Bengal,Bardhaman,Rice,Kharif,2022,Clay Loam,106,63,42,6.88
4143,West Bengal,Bardhaman,Maize,Kharif,2022,Clay Loam,85,42,9,6.38
4144,West Bengal,Bardhaman,Cotton,Kharif,2022,Clay Loam,80,49,58,6.28
4145,Maharashtra,Nashik,Wheat,Rabi,2022,Black Soil,90,56,50,7.85
4146,Maharashtra,Nashik,Rice,Kharif,2022,Black Soil,116,46,68,7.93
4147,Maharashtra,Nashik,Maize,Kharif,2022,Black Soil,9,3,1,5.02
4148,Maharashtra,Nashik,Cotton,Kharif,2022,Black Soil,86,23,28,7.95
4149,Maharashtra,Pune,Wheat,Rabi,2022,Black Soil,114,71,23,7.06
4150,Maharashtra,Pune,Rice,Kharif,2022,Black Soil,131,51,70,7.39
4151,Maharashtra,Pune,Maize,Kharif,2022,Black Soil,24,13,6,4.37
4152,Maharashtra,Pune,Cotton,Kharif,2022,Black Soil,90,40,31,8.1
4153,Tamil Nadu,Thanjavur,Wheat,Rabi,2022,Red Loam,169,60,53,6.95
4154,Tamil Nadu,Thanjavur,Rice,Kharif,2022,Red Loam,13,16,14,4.34
4155,Tamil Nadu,Thanjavur,Maize,Kharif,2022,Red Loam,90,47,39,6.68
4156,Tamil Nadu,Thanjavur,Cotton,Kharif,2022,Red Loam,82,42,53,6.19
4157,Andhra Pradesh,Kurnool,Wheat,Rabi,2022,Red Soil,129,72,66,6.9
4158,Andhra Pradesh,Kurnool,Rice,Kharif,2022,Red Soil,132,36,51,7.16
4159,Andhra Pradesh,Kurnool,Maize,Kharif,2022,Red Soil,20,4,7,4.46
4160,Andhra Pradesh,Kurnool,Cotton,Kharif,2022,Red Soil,101,26,32,7.0
4161,Punjab,Ludhiana,Wheat,Rabi,2023,Alluvial,156,46,32,6.98
4162,Punjab,Ludhiana,Rice,Kharif,2023,Alluvial,115,37,47,7.87
4163,Punjab,Ludhiana,Maize,Kharif,2023,Alluvial,98,41,20,7.72
4164,Punjab,Ludhiana,Cotton,Kharif,2023,Alluvial,20,14,12,4.83
4165,Punjab,Patiala,Wheat,Rabi,2023,Alluvial,114,59,20,7.82
4166,Punjab,Patiala,Rice,Kharif,2023,Alluvial,61,68,41,7.79
4167,Punjab,Patiala,Maize,Kharif,2023,Alluvial,105,29,25,6.89
4168,Punjab,Patiala,Cotton,Kharif,2023,Alluvial,19,14,14,4.13
4169,Uttar Pradesh,Kanpur,Wheat,Rabi,2023,Alluvial,146,55,38,7.32
4170,Uttar Pradesh,Kanpur,Rice,Kharif,2023,Alluvial,106,50,63,7.94
4171,Uttar Pradesh,Kanpur,Maize,Kharif,2023,Alluvial,78,36,21,7.26
4172,Uttar Pradesh,Kanpur,Cotton,Kharif,2023,Alluvial,83,31,41,7.6
4173,Uttar Pradesh,Varanasi,Wheat,Rabi,2023,Alluvial,11,4,14,4.61
4174,Uttar Pradesh,Varanasi,Rice,Kharif,2023,Alluvial,120,72,61,6.95
4175,Uttar Pradesh,Varanasi,Maize,Kharif,2023,Alluvial,81,37,35,7.2
4176,Uttar Pradesh,Varanasi,Cotton,Kharif,2023,Alluvial,32,43,54,6.85
4177,West Bengal,Hooghly,Wheat,Rabi,2023,Alluvial,23,3,10,4.02
4178,West Bengal,Hooghly,Rice,Kharif,2023,Alluvial,98,37,66,7.08
4179,West Bengal,Hooghly,Maize,Kharif,2023,Alluvial,76,53,31,6.63
4180,West Bengal,Hooghly,Cotton,Kharif,2023,Alluvial,81,31,51,6.81
4181,West Bengal,Bardhaman,Wheat,Rabi,2023,Clay Loam,108,66,40,6.11
4182,West Bengal,Bardhaman,Rice,Kharif,2023,Clay Loam,105,44,57,6.14
4183,West Bengal,Bardhaman,Maize,Kharif,2023,Clay Loam,116,43,23,5.92
4184,West Bengal,Bardhaman,Cotton,Kharif,2023,Clay Loam,66,50,35,6.01
4185,Maharashtra,Nashik,Wheat,Rabi,2023,Black Soil,145,50,29,7.97
4186,Maharashtra,Nashik,Rice,Kharif,2023,Black Soil,88,48,60,8.03
4187,Maharashtra,Nashik,Maize,Kharif,2023,Black Soil,89,26,33,8.02
4188,Maharashtra,Nashik,Cotton,Kharif,2023,Black Soil,78,47,35,7.68
4189,Maharashtra,Pune,Wheat,Rabi,2023,Black Soil,144,60,42,7.39
4190,Maharashtra,Pune,Rice,Kharif,2023,Black Soil,17,19,8,4.82
4191,Maharashtra,Pune,Maize,Kharif,2023,Black Soil,49,51,41,7.75
4192,Maharashtra,Pune,Cotton,Kharif,2023,Black Soil,12,6,12,4.17
4193,Tamil Nadu,Thanjavur,Wheat,Rabi,2023,Red Loam,151,70,55,7.3
4194,Tamil Nadu,Thanjavur,Rice,Kharif,2023,Red Loam,2,14,8,4.19
4195,Tamil Nadu,Thanjavur,Maize,Kharif,2023,Red Loam,72,36,37,6.69
4196,Tamil Nadu,Thanjavur,Cotton,Kharif,2023,Red Loam,90,53,48,7.1
4197,Andhra Pradesh,Kurnool,Wheat,Rabi,2023,Red Soil,139,50,22,7.43
4198,Andhra Pradesh,Kurnool,Rice,Kharif,2023,Red Soil,116,50,29,7.09
4199,Andhra Pradesh,Kurnool,Maize,Kharif,2023,Red Soil,94,36,53,7.56
4200,Andhra Pradesh,Kurnool,Cotton,Kharif,2023,Red Soil,90,36,49,7.64
4201,Punjab,Ludhiana,Wheat,Rabi,2019,Alluvial,147,61,27,7.6
4202,Punjab,Ludhiana,Rice,Kharif,2019,Alluvial,69,62,27,7.24
4203,Punjab,Ludhiana,Maize,Kharif,2019,Alluvial,103,34,18,7.63
4204,Punjab,Ludhiana,Cotton,Kharif,2019,Alluvial,39,30,25,7.19
4205,Punjab,Patiala,Wheat,Rabi,2019,Alluvial,23,12,10,4.71
4206,Punjab,Patiala,Rice,Kharif,2019,Alluvial,72,50,43,7.52
4207,Punjab,Patiala,Maize,Kharif,2019,Alluvial,67,33,33,7.8
4208,Punjab,Patiala,Cotton,Kharif,2019,Alluvial,107,43,51,7.3
4209,Uttar Pradesh,Kanpur,Wheat,Rabi,2019,Alluvial,6,9,6,4.94
4210,Uttar Pradesh,Kanpur,Rice,Kharif,2019,Alluvial,120,34,53,7.13
4211,Uttar Pradesh,Kanpur,Maize,Kharif,2019,Alluvial,53,18,30,7.46
4212,Uttar Pradesh,Kanpur,Cotton,Kharif,2019,Alluvial,136,51,42,7.31
4213,Uttar Pradesh,Varanasi,Wheat,Rabi,2019,Alluvial,128,64,23,6.9
4214,Uttar Pradesh,Varanasi,Rice,Kharif,2019,Alluvial,98,28,57,7.6
4215,Uttar Pradesh,Varanasi,Maize,Kharif,2019,Alluvial,93,38,18,7.31
4216,Uttar Pradesh,Varanasi,Cotton,Kharif,2019,Alluvial,120,65,20,7.02
4217,West Bengal,Hooghly,Wheat,Rabi,2019,Alluvial,144,64,45,6.88
4218,West Bengal,Hooghly,Rice,Kharif,2019,Alluvial,77,60,61,7.05
4219,West Bengal,Hooghly,Maize,Kharif,2019,Alluvial,59,57,23,6.83
4220,West Bengal,Hooghly,Cotton,Kharif,2019,Alluvial,76,54,45,6.46
4221,West Bengal,Bardhaman,Wheat,Rabi,2019,Clay Loam,93,61,29,6.54
4222,West Bengal,Bardhaman,Rice,Kharif,2019,Clay Loam,23,15,12,4.16
4223,West Bengal,Bardhaman,Maize,Kharif,2019,Clay Loam,50,42,49,6.49
4224,West Bengal,Bardhaman,Cotton,Kharif,2019,Clay Loam,14,17,1,4.78
4225,Maharashtra,Nashik,Wheat,Rabi,2019,Black Soil,131,86,39,7.59
4226,Maharashtra,Nashik,Rice,Kharif,2019,Black Soil,82,49,50,8.16
4227,Maharashtra,Nashik,Maize,Kharif,2019,Black Soil,74,61,41,7.95
4228,Maharashtra,Nashik,Cotton,Kharif,2019,Black Soil,105,45,35,7.54
4229,Maharashtra,Pune,Wheat,Rabi,2019,Black Soil,119,70,35,7.18
4230,Maharashtra,Pune,Rice,Kharif,2019,Black Soil,91,57,37,7.74
4231,Maharashtra,Pune,Maize,Kharif,2019,Black Soil,18,13,2,4.92
4232,Maharashtra,Pune,Cotton,Kharif,2019,Black Soil,71,51,39,7.15
4233,Tamil Nadu,Thanjavur,Wheat,Rabi,2019,Red Loam,92,58,28,6.66
4234,Tamil Nadu,Thanjavur,Rice,Kharif,2019,Red Loam,53,62,41,7.33
4235,Tamil Nadu,Thanjavur,Maize,Kharif,2019,Red Loam,74,40,10,7.07
4236,Tamil Nadu,Thanjavur,Cotton,Kharif,2019,Red Loam,78,38,27,7.32
4237,Andhra Pradesh,Kurnool,Wheat,Rabi,2019,Red Soil,107,44,41,6.84
4238,Andhra Pradesh,Kurnool,Rice,Kharif,2019,Red Soil,93,39,52,7.13
4239,Andhra Pradesh,Kurnool,Maize,Kharif,2019,Red Soil,60,29,18,7.47
4240,Andhra Pradesh,Kurnool,Cotton,Kharif,2019,Red Soil,56,44,32,6.85
4241,Punjab,Ludhiana,Wheat,Rabi,2020,Alluvial,118,54,55,7.92
4242,Punjab,Ludhiana,Rice,Kharif,2020,Alluvial,120,44,52,6.99
4243,Punjab,Ludhiana,Maize,Kharif,2020,Alluvial,107,50,33,7.44
4244,Punjab,Ludhiana,Cotton,Kharif,2020,Alluvial,99,51,38,7.55
4245,Punjab,Patiala,Wheat,Rabi,2020,Alluvial,141,53,42,7.43
4246,Punjab,Patiala,Rice,Kharif,2020,Alluvial,98,55,32,7.66
4247,Punjab,Patiala,Maize,Kharif,2020,Alluvial,87,47,30,7.95
4248,Punjab,Patiala,Cotton,Kharif,2020,Alluvial,69,29,25,8.06
4249,Uttar Pradesh,Kanpur,Wheat,Rabi,2020,Alluvial,107,54,51,7.07
4250,Uttar Pradesh,Kanpur,Rice,Kharif,2020,Alluvial,11,10,7,4.2
4251,Uttar Pradesh,Kanpur,Maize,Kharif,2020,Alluvial,68,60,30,7.39
4252,Uttar Pradesh,Kanpur,Cotton,Kharif,2020,Alluvial,49,41,43,7.42
4253,Uttar Pradesh,Varanasi,Wheat,Rabi,2020,Alluvial,149,66,45,7.32
4254,Uttar Pradesh,Varanasi,Rice,Kharif,2020,Alluvial,17,18,0,5.24
4255,Uttar Pradesh,Varanasi,Maize,Kharif,2020,Alluvial,101,44,24,6.73
4256,Uttar Pradesh,Varanasi,Cotton,Kharif,2020,Alluvial,93,43,37,6.69
4257,West Bengal,Hooghly,Wheat,Rabi,2020,Alluvial,121,58,47,6.66
4258,West Bengal,Hooghly,Rice,Kharif,2020,Alluvial,113,51,41,6.37
4259,West Bengal,Hooghly,Maize,Kharif,2020,Alluvial,90,30,30,6.73
4260,West Bengal,Hooghly,Cotton,Kharif,2020,Alluvial,57,36,71,6.42
4261,West Bengal,Bardhaman,Wheat,Rabi,2020,Clay Loam,142,67,30,6.06
4262,West Bengal,Bardhaman,Rice,Kharif,2020,Clay Loam,93,53,45,6.57
4263,West Bengal,Bardhaman,Maize,Kharif,2020,Clay Loam,27,18,8,4.28
4264,West Bengal,Bardhaman,Cotton,Kharif,2020,Clay Loam,128,30,33,5.86
4265,Maharashtra,Nashik,Wheat,Rabi,2020,Black Soil,11,8,9,4.61
4266,Maharashtra,Nashik,Rice,Kharif,2020,Black Soil,70,47,45,7.66
4267,Maharashtra,Nashik,Maize,Kharif,2020,Black Soil,117,28,34,7.67
4268,Maharashtra,Nashik,Cotton,Kharif,2020,Black Soil,76,31,55,8.37
4269,Maharashtra,Pune,Wheat,Rabi,2020,Black Soil,98,58,27,7.43
4270,Maharashtra,Pune,Rice,Kharif,2020,Black Soil,102,42,51,7.32
4271,Maharashtra,Pune,Maize,Kharif,2020,Black Soil,109,53,23,7.38
4272,Maharashtra,Pune,Cotton,Kharif,2020,Black Soil,8,11,12,4.58
4273,Tamil Nadu,Thanjavur,Wheat,Rabi,2020,Red Loam,10,0,13,5.43
4274,Tamil Nadu,Thanjavur,Rice,Kharif,2020,Red Loam,24,11,10,5.17
4275,Tamil Nadu,Thanjavur,Maize,Kharif,2020,Red Loam,86,34,25,6.94
4276,Tamil Nadu,Thanjavur,Cotton,Kharif,2020,Red Loam,85,31,24,6.41
4277,Andhra Pradesh,Kurnool,Wheat,Rabi,2020,Red Soil,107,71,36,6.92
4278,Andhra Pradesh,Kurnool,Rice,Kharif,2020,Red Soil,73,40,58,7.1
4279,Andhra Pradesh,Kurnool,Maize,Kharif,2020,Red Soil,67,39,30,7.09
4280,Andhra Pradesh,Kurnool,Cotton,Kharif,2020,Red Soil,78,24,45,7.44
4281,Punjab,Ludhiana,Wheat,Rabi,2021,Alluvial,106,54,49,7.58
4282,Punjab,Ludhiana,Rice,Kharif,2021,Alluvial,102,61,48,7.41
4283,Punjab,Ludhiana,Maize,Kharif,2021,Alluvial,94,41,22,7.42
4284,Punjab,Ludhiana,Cotton,Kharif,2021,Alluvial,41,35,57,7.69
4285,Punjab,Patiala,Wheat,Rabi,2021,Alluvial,12,9,6,4.94
4286,Punjab,Patiala,Rice,Kharif,2021,Alluvial,103,23,41,7.82
4287,Punjab,Patiala,Maize,Kharif,2021,Alluvial,127,35,44,7.79
4288,Punjab,Patiala,Cotton,Kharif,2021,Alluvial,72,52,34,7.5
4289,Uttar Pradesh,Kanpur,Wheat,Rabi,2021,Alluvial,17,2,0,4.16
4290,Uttar Pradesh,Kanpur,Rice,Kharif,2021,Alluvial,112,42,41,7.14
4291,Uttar Pradesh,Kanpur,Maize,Kharif,2021,Alluvial,84,39,29,7.14
4292,Uttar Pradesh,Kanpur,Cotton,Kharif,2021,Alluvial,4,12,8,4.23
4293,Uttar Pradesh,Varanasi,Wheat,Rabi,2021,Alluvial,132,41,25,6.8
4294,Uttar Pradesh,Varanasi,Rice,Kharif,2021,Alluvial,115,41,50,7.3
4295,Uttar Pradesh,Varanasi,Maize,Kharif,2021,Alluvial,115,61,34,7.27
4296,Uttar Pradesh,Varanasi,Cotton,Kharif,2021,Alluvial,16,2,0,5.02
4297,West Bengal,Hooghly,Wheat,Rabi,2021,Alluvial,142,64,42,6.8
4298,West Bengal,Hooghly,Rice,Kharif,2021,Alluvial,119,69,52,6.69
4299,West Bengal,Hooghly,Maize,Kharif,2021,Alluvial,98,43,37,6.06
4300,West Bengal,Hooghly,Cotton,Kharif,2021,Alluvial,55,30,39,6.48
4301,West Bengal,Bardhaman,Wheat,Rabi,2021,Clay Loam,106,75,58,6.02
4302,West Bengal,Bardhaman,Rice,Kharif,2021,Clay Loam,131,50,55,6.56
4303,West Bengal,Bardhaman,Maize,Kharif,2021,Clay Loam,104,36,37,6.62
4304,West Bengal,Bardhaman,Cotton,Kharif,2021,Clay Loam,26,2,9,4.51
4305,Maharashtra,Nashik,Wheat,Rabi,2021,Black Soil,122,53,27,7.5
4306,Maharashtra,Nashik,Rice,Kharif,2021,Black Soil,115,62,57,8.06
4307,Maharashtra,Nashik,Maize,Kharif,2021,Black Soil,106,41,33,8.1
4308,Maharashtra,Nashik,Cotton,Kharif,2021,Black Soil,107,45,26,7.55
4309,Maharashtra,Pune,Wheat,Rabi,2021,Black Soil,125,78,38,7.64
4310,Maharashtra,Pune,Rice,Kharif,2021,Black Soil,91,42,70,7.5
4311,Maharashtra,Pune,Maize,Kharif,2021,Black Soil,112,38,23,6.8
4312,Maharashtra,Pune,Cotton,Kharif,2021,Black Soil,92,43,30,7.5
4313,Tamil Nadu,Thanjavur,Wheat,Rabi,2021,Red Loam,20,19,13,5.02
4314,Tamil Nadu,Thanjavur,Rice,Kharif,2021,Red Loam,93,51,61,6.99
4315,Tamil Nadu,Thanjavur,Maize,Kharif,2021,Red Loam,101,52,32,7.02
4316,Tamil Nadu,Thanjavur,Cotton,Kharif,2021,Red Loam,82,33,35,6.32
4317,Andhra Pradesh,Kurnool,Wheat,Rabi,2021,Red Soil,23,10,7,4.54
4318,Andhra Pradesh,Kurnool,Rice,Kharif,2021,Red Soil,15,3,11,4.41
4319,Andhra Pradesh,Kurnool,Maize,Kharif,2021,Red Soil,67,36,34,7.2
4320,Andhra Pradesh,Kurnool,Cotton,Kharif,2021,Red Soil,20,5,1,4.73
4321,Punjab,Ludhiana,Wheat,Rabi,2022,Alluvial,115,43,30,7.86
4322,Punjab,Ludhiana,Rice,Kharif,2022,Alluvial,111,59,49,7.1
4323,Punjab,Ludhiana,Maize,Kharif,2022,Alluvial,92,46,29,7.4
4324,Punjab,Ludhiana,Cotton,Kharif,2022,Alluvial,88,19,50,8.17
4325,Punjab,Patiala,Wheat,Rabi,2022,Alluvial,109,61,40,8.05
4326,Punjab,Patiala,Rice,Kharif,2022,Alluvial,116,37,47,7.41
4327,Punjab,Patiala,Maize,Kharif,2022,Alluvial,6,8,5,4.2
4328,Punjab,Patiala,Cotton,Kharif,2022,Alluvial,74,37,47,7.6
4329,Uttar Pradesh,Kanpur,Wheat,Rabi,2022,Alluvial,14,10,10,4.06
4330,Uttar Pradesh,Kanpur,Rice,Kharif,2022,Alluvial,109,40,64,6.76
4331,Uttar Pradesh,Kanpur,Maize,Kharif,2022,Alluvial,60,31,41,7.08
4332,Uttar Pradesh,Kanpur,Cotton,Kharif,2022,Alluvial,43,43,42,7.43
4333,Uttar Pradesh,Varanasi,Wheat,Rabi,2022,Alluvial,11,8,14,4.99
4334,Uttar Pradesh,Varanasi,Rice,Kharif,2022,Alluvial,112,54,62,6.84
4335,Uttar Pradesh,Varanasi,Maize,Kharif,2022,Alluvial,120,36,20,7.2
4336,Uttar Pradesh,Varanasi,Cotton,Kharif,2022,Alluvial,53,37,34,6.78
4337,West Bengal,Hooghly,Wheat,Rabi,2022,Alluvial,8,4,13,5.48
4338,West Bengal,Hooghly,Rice,Kharif,2022,Alluvial,102,55,47,6.42
4339,West Bengal,Hooghly,Maize,Kharif,2022,Alluvial,89,37,47,6.33
4340,West Bengal,Hooghly,Cotton,Kharif,2022,Alluvial,71,43,30,6.47
4341,West Bengal,Bardhaman,Wheat,Rabi,2022,Clay Loam,136,54,34,7.08
4342,West Bengal,Bardhaman,Rice,Kharif,2022,Clay Loam,99,33,64,6.53
4343,West Bengal,Bardhaman,Maize,Kharif,2022,Clay Loam,81,47,41,6.49
4344,West Bengal,Bardhaman,Cotton,Kharif,2022,Clay Loam,51,20,47,6.63
4345,Maharashtra,Nashik,Wheat,Rabi,2022,Black Soil,99,59,29,7.54
4346,Maharashtra,Nashik,Rice,Kharif,2022,Black Soil,119,58,55,7.92
4347,Maharashtra,Nashik,Maize,Kharif,2022,Black Soil,99,43,8,7.6
4348,Maharashtra,Nashik,Cotton,Kharif,2022,Black Soil,85,27,33,7.14
4349,Maharashtra,Pune,Wheat,Rabi,2022,Black Soil,93,35,45,7.51
4350,Maharashtra,Pune,Rice,Kharif,2022,Black Soil,21,7,12,5.41
4351,Maharashtra,Pune,Maize,Kharif,2022,Black Soil,85,35,26,8.07
4352,Maharashtra,Pune,Cotton,Kharif,2022,Black Soil,59,43,38,7.53
4353,Tamil Nadu,Thanjavur,Wheat,Rabi,2022,Red Loam,119,65,48,7.11
4354,Tamil Nadu,Thanjavur,Rice,Kharif,2022,Red Loam,11,18,13,4.7
4355,Tamil Nadu,Thanjavur,Maize,Kharif,2022,Red Loam,94,34,13,7.0
4356,Tamil Nadu,Thanjavur,Cotton,Kharif,2022,Red Loam,56,47,25,7.31
4357,Andhra Pradesh,Kurnool,Wheat,Rabi,2022,Red Soil,107,42,48,6.71
4358,Andhra Pradesh,Kurnool,Rice,Kharif,2022,Red Soil,104,57,44,7.14
4359,Andhra Pradesh,Kurnool,Maize,Kharif,2022,Red Soil,76,35,30,7.09
4360,Andhra Pradesh,Kurnool,Cotton,Kharif,2022,Red Soil,68,36,57,7.01
4361,Punjab,Ludhiana,Wheat,Rabi,2023,Alluvial,122,56,60,7.58
4362,Punjab,Ludhiana,Rice,Kharif,2023,Alluvial,84,52,54,7.56
4363,Punjab,Ludhiana,Maize,Kharif,2023,Alluvial,65,55,31,7.37
4364,Punjab,Ludhiana,Cotton,Kharif,2023,Alluvial,97,53,45,7.28
4365,Punjab,Patiala,Wheat,Rabi,2023,Alluvial,132,64,63,7.64
4366,Punjab,Patiala,Rice,Kharif,2023,Alluvial,85,38,56,7.12
4367,Punjab,Patiala,Maize,Kharif,2023,Alluvial,77,27,36,7.85
4368,Punjab,Patiala,Cotton,Kharif,2023,Alluvial,54,48,35,7.51
4369,Uttar Pradesh,Kanpur,Wheat,Rabi,2023,Alluvial,142,65,38,7.26
4370,Uttar Pradesh,Kanpur,Rice,Kharif,2023,Alluvial,91,65,50,6.4
4371,Uttar Pradesh,Kanpur,Maize,Kharif,2023,Alluvial,81,52,36,7.15
4372,Uttar Pradesh,Kanpur,Cotton,Kharif,2023,Alluvial,92,21,39,7.1
4373,Uttar Pradesh,Varanasi,Wheat,Rabi,2023,Alluvial,129,55,27,7.37
4374,Uttar Pradesh,Varanasi,Rice,Kharif,2023,Alluvial,101,48,37,7.17
4375,Uttar Pradesh,Varanasi,Maize,Kharif,2023,Alluvial,76,21,36,7.41
4376,Uttar Pradesh,Varanasi,Cotton,Kharif,2023,Alluvial,96,41,41,6.72
4377,West Bengal,Hooghly,Wheat,Rabi,2023,Alluvial,18,0,11,5.07
4378,West Bengal,Hooghly,Rice,Kharif,2023,Alluvial,23,10,13,4.31
4379,West Bengal,Hooghly,Maize,Kharif,2023,Alluvial,17,3,0,4.5
4380,West Bengal,Hooghly,Cotton,Kharif,2023,Alluvial,54,43,46,6.39
4381,West Bengal,Bardhaman,Wheat,Rabi,2023,Clay Loam,128,88,50,6.36
4382,West Bengal,Bardhaman,Rice,Kharif,2023,Clay Loam,89,46,49,6.26
4383,West Bengal,Bardhaman,Maize,Kharif,2023,Clay Loam,13,18,11,4.18
4384,West Bengal,Bardhaman,Cotton,Kharif,2023,Clay Loam,60,39,41,6.18
4385,Maharashtra,Nashik,Wheat,Rabi,2023,Black Soil,120,68,41,7.8
4386,Maharashtra,Nashik,Rice,Kharif,2023,Black Soil,29,8,0,4.75
4387,Maharashtra,Nashik,Maize,Kharif,2023,Black Soil,78,47,28,7.73
4388,Maharashtra,Nashik,Cotton,Kharif,2023,Black Soil,79,31,34,7.4
4389,Maharashtra,Pune,Wheat,Rabi,2023,Black Soil,124,47,45,7.62
4390,Maharashtra,Pune,Rice,Kharif,2023,Black Soil,111,58,47,7.42
4391,Maharashtra,Pune,Maize,Kharif,2023,Black Soil,93,41,31,7.15
4392,Maharashtra,Pune,Cotton,Kharif,2023,Black Soil,83,29,46,7.69
4393,Tamil Nadu,Thanjavur,Wheat,Rabi,2023,Red Loam,98,47,29,6.76
4394,Tamil Nadu,Thanjavur,Rice,Kharif,2023,Red Loam,123,56,41,7.27
4395,Tamil Nadu,Thanjavur,Maize,Kharif,2023,Red Loam,80,42,28,6.56
4396,Tamil Nadu,Thanjavur,Cotton,Kharif,2023,Red Loam,90,35,42,7.59
4397,Andhra Pradesh,Kurnool,Wheat,Rabi,2023,Red Soil,117,64,32,7.14
4398,Andhra Pradesh,Kurnool,Rice,Kharif,2023,Red Soil,100,49,58,6.97
4399,Andhra Pradesh,Kurnool,Maize,Kharif,2023,Red Soil,71,45,44,6.6
4400,Andhra Pradesh,Kurnool,Cotton,Kharif,2023,Red Soil,55,37,39,6.94
4401,Punjab,Ludhiana,Wheat,Rabi,2019,Alluvial,148,59,44,7.34
4402,Punjab,Ludhiana,Rice,Kharif,2019,Alluvial,124,49,64,7.21
4403,Punjab,Ludhiana,Maize,Kharif,2019,Alluvial,100,47,33,7.41
4404,Punjab,Ludhiana,Cotton,Kharif,2019,Alluvial,81,55,26,7.21
4405,Punjab,Patiala,Wheat,Rabi,2019,Alluvial,134,52,54,7.53
4406,Punjab,Patiala,Rice,Kharif,2019,Alluvial,67,51,68,7.93
4407,Punjab,Patiala,Maize,Kharif,2019,Alluvial,79,52,30,7.37
4408,Punjab,Patiala,Cotton,Kharif,2019,Alluvial,63,40,48,7.99
4409,Uttar Pradesh,Kanpur,Wheat,Rabi,2019,Alluvial,91,67,33,7.16
4410,Uttar Pradesh,Kanpur,Rice,Kharif,2019,Alluvial,129,42,35,7.01
4411,Uttar Pradesh,Kanpur,Maize,Kharif,2019,Alluvial,150,49,29,7.35
4412,Uttar Pradesh,Kanpur,Cotton,Kharif,2019,Alluvial,96,31,40,6.63
4413,Uttar Pradesh,Varanasi,Wheat,Rabi,2019,Alluvial,159,67,48,6.83
4414,Uttar Pradesh,Varanasi,Rice,Kharif,2019,Alluvial,127,64,56,6.85
4415,Uttar Pradesh,Varanasi,Maize,Kharif,2019,Alluvial,51,50,49,6.91
4416,Uttar Pradesh,Varanasi,Cotton,Kharif,2019,Alluvial,70,24,32,6.85
4417,West Bengal,Hooghly,Wheat,Rabi,2019,Alluvial,127,51,49,6.51
4418,West Bengal,Hooghly,Rice,Kharif,2019,Alluvial,80,43,55,6.39
4419,West Bengal,Hooghly,Maize,Kharif,2019,Alluvial,59,34,40,6.45
4420,West Bengal,Hooghly,Cotton,Kharif,2019,Alluvial,100,38,40,6.38
4421,West Bengal,Bardhaman,Wheat,Rabi,2019,Clay Loam,97,71,44,6.44
4422,West Bengal,Bardhaman,Rice,Kharif,2019,Clay Loam,115,30,41,5.99
4423,West Bengal,Bardhaman,Maize,Kharif,2019,Clay Loam,108,36,28,6.14
4424,West Bengal,Bardhaman,Cotton,Kharif,2019,Clay Loam,87,46,40,6.47
4425,Maharashtra,Nashik,Wheat,Rabi,2019,Black Soil,102,61,34,7.54
4426,Maharashtra,Nashik,Rice,Kharif,2019,Black Soil,82,35,53,7.41
4427,Maharashtra,Nashik,Maize,Kharif,2019,Black Soil,106,45,26,8.11
4428,Maharashtra,Nashik,Cotton,Kharif,2019,Black Soil,27,5,5,4.35
4429,Maharashtra,Pune,Wheat,Rabi,2019,Black Soil,132,57,42,7.36
4430,Maharashtra,Pune,Rice,Kharif,2019,Black Soil,15,12,10,5.49
4431,Maharashtra,Pune,Maize,Kharif,2019,Black Soil,92,46,23,7.12
4432,Maharashtra,Pune,Cotton,Kharif,2019,Black Soil,90,30,22,8.17
4433,Tamil Nadu,Thanjavur,Wheat,Rabi,2019,Red Loam,124,39,40,7.29
4434,Tamil Nadu,Thanjavur,Rice,Kharif,2019,Red Loam,115,50,44,6.39
4435,Tamil Nadu,Thanjavur,Maize,Kharif,2019,Red Loam,25,0,0,4.92
4436,Tamil Nadu,Thanjavur,Cotton,Kharif,2019,Red Loam,102,44,30,6.21
4437,Andhra Pradesh,Kurnool,Wheat,Rabi,2019,Red Soil,119,53,50,7.22
4438,Andhra Pradesh,Kurnool,Rice,Kharif,2019,Red Soil,112,45,40,7.39
4439,Andhra Pradesh,Kurnool,Maize,Kharif,2019,Red Soil,98,24,35,6.86
4440,Andhra Pradesh,Kurnool,Cotton,Kharif,2019,Red Soil,59,36,36,6.8
4441,Punjab,Ludhiana,Wheat,Rabi,2020,Alluvial,1,18,12,4.79
4442,Punjab,Ludhiana,Rice,Kharif,2020,Alluvial,132,49,55,7.66
4443,Punjab,Ludhiana,Maize,Kharif,2020,Alluvial,103,45,16,7.44
4444,Punjab,Ludhiana,Cotton,Kharif,2020,Alluvial,63,27,54,7.47
4445,Punjab,Patiala,Wheat,Rabi,2020,Alluvial,7,6,4,4.26
4446,Punjab,Patiala,Rice,Kharif,2020,Alluvial,102,38,50,7.64
4447,Punjab,Patiala,Maize,Kharif,2020,Alluvial,55,40,10,7.67
4448,Punjab,Patiala,Cotton,Kharif,2020,Alluvial,63,53,57,7.59
4449,Uttar Pradesh,Kanpur,Wheat,Rabi,2020,Alluvial,144,66,40,6.89
4450,Uttar Pradesh,Kanpur,Rice,Kharif,2020,Alluvial,76,51,68,7.63
4451,Uttar Pradesh,Kanpur,Maize,Kharif,2020,Alluvial,105,32,19,7.48
4452,Uttar Pradesh,Kanpur,Cotton,Kharif,2020,Alluvial,96,44,36,6.64
4453,Uttar Pradesh,Varanasi,Wheat,Rabi,2020,Alluvial,157,39,54,7.0
4454,Uttar Pradesh,Varanasi,Rice,Kharif,2020,Alluvial,117,69,51,6.92
4455,Uttar Pradesh,Varanasi,Maize,Kharif,2020,Alluvial,79,55,32,6.82
4456,Uttar Pradesh,Varanasi,Cotton,Kharif,2020,Alluvial,58,35,40,6.56
4457,West Bengal,Hooghly,Wheat,Rabi,2020,Alluvial,136,53,36,6.11
4458,West Bengal,Hooghly,Rice,Kharif,2020,Alluvial,70,49,53,6.71
4459,West Bengal,Hooghly,Maize,Kharif,2020,Alluvial,63,35,31,6.49
4460,West Bengal,Hooghly,Cotton,Kharif,2020,Alluvial,82,49,36,7.01
4461,West Bengal,Bardhaman,Wheat,Rabi,2020,Clay Loam,130,66,35,6.43
4462,West Bengal,Bardhaman,Rice,Kharif,2020,Clay Loam,6,17,0,4.34
4463,West Bengal,Bardhaman,Maize,Kharif,2020,Clay Loam,103,32,29,5.73
4464,West Bengal,Bardhaman,Cotton,Kharif,2020,Clay Loam,79,40,25,6.56
4465,Maharashtra,Nashik,Wheat,Rabi,2020,Black Soil,109,66,43,7.71
4466,Maharashtra,Nashik,Rice,Kharif,2020,Black Soil,104,50,38,7.43
4467,Maharashtra,Nashik,Maize,Kharif,2020,Black Soil,101,21,35,7.35
4468,Maharashtra,Nashik,Cotton,Kharif,2020,Black Soil,83,47,55,7.53
4469,Maharashtra,Pune,Wheat,Rabi,2020,Black Soil,130,65,31,8.12
4470,Maharashtra,Pune,Rice,Kharif,2020,Black Soil,69,46,56,7.43
4471,Maharashtra,Pune,Maize,Kharif,2020,Black Soil,20,11,8,4.17
4472,Maharashtra,Pune,Cotton,Kharif,2020,Black Soil,93,39,51,7.12
4473,Tamil Nadu,Thanjavur,Wheat,Rabi,2020,Red Loam,114,50,32,6.59
4474,Tamil Nadu,Thanjavur,Rice,Kharif,2020,Red Loam,91,41,38,6.59
4475,Tamil Nadu,Thanjavur,Maize,Kharif,2020,Red Loam,24,16,5,4.17
4476,Tamil Nadu,Thanjavur,Cotton,Kharif,2020,Red Loam,72,40,35,6.38
4477,Andhra Pradesh,Kurnool,Wheat,Rabi,2020,Red Soil,118,57,36,6.81
4478,Andhra Pradesh,Kurnool,Rice,Kharif,2020,Red Soil,82,58,58,6.25
4479,Andhra Pradesh,Kurnool,Maize,Kharif,2020,Red Soil,71,29,38,7.31
4480,Andhra Pradesh,Kurnool,Cotton,Kharif,2020,Red Soil,70,43,49,7.18
4481,Punjab,Ludhiana,Wheat,Rabi,2021,Alluvial,130,58,41,7.3
4482,Punjab,Ludhiana,Rice,Kharif,2021,Alluvial,100,66,49,7.37
4483,Punjab,Ludhiana,Maize,Kharif,2021,Alluvial,0,6,2,5.36
4484,Punjab,Ludhiana,Cotton,Kharif,2021,Alluvial,53,39,34,6.92
4485,Punjab,Patiala,Wheat,Rabi,2021,Alluvial,13,19,9,4.53
4486,Punjab,Patiala,Rice,Kharif,2021,Alluvial,21,19,9,4.62
4487,Punjab,Patiala,Maize,Kharif,2021,Alluvial,89,37,33,7.52
4488,Punjab,Patiala,Cotton,Kharif,2021,Alluvial,104,46,42,7.46
4489,Uttar Pradesh,Kanpur,Wheat,Rabi,2021,Alluvial,67,43,37,7.09
4490,Uttar Pradesh,Kanpur,Rice,Kharif,2021,Alluvial,75,39,53,7.52
4491,Uttar Pradesh,Kanpur,Maize,Kharif,2021,Alluvial,98,38,34,6.61
4492,Uttar Pradesh,Kanpur,Cotton,Kharif,2021,Alluvial,60,39,47,6.86
4493,Uttar Pradesh,Varanasi,Wheat,Rabi,2021,Alluvial,144,47,43,6.61
4494,Uttar Pradesh,Varanasi,Rice,Kharif,2021,Alluvial,88,37,38,6.78
4495,Uttar Pradesh,Varanasi,Maize,Kharif,2021,Alluvial,59,35,20,7.09
4496,Uttar Pradesh,Varanasi,Cotton,Kharif,2021,Alluvial,111,40,55,7.0
4497,West Bengal,Hooghly,Wheat,Rabi,2021,Alluvial,20,17,11,4.3
4498,West Bengal,Hooghly,Rice,Kharif,2021,Alluvial,105,39,48,6.22
4499,West Bengal,Hooghly,Maize,Kharif,2021,Alluvial,91,41,33,6.0
4500,West Bengal,Hooghly,Cotton,Kharif,2021,Alluvial,55,28,22,6.69
4501,West Bengal,Bardhaman,Wheat,Rabi,2021,Clay Loam,94,44,35,5.93
4502,West Bengal,Bardhaman,Rice,Kharif,2021,Clay Loam,106,62,41,6.55
4503,West Bengal,Bardhaman,Maize,Kharif,2021,Clay Loam,79,45,50,5.85
4504,West Bengal,Bardhaman,Cotton,Kharif,2021,Clay Loam,88,37,32,6.34
4505,Maharashtra,Nashik,Wheat,Rabi,2021,Black Soil,126,40,41,7.74
4506,Maharashtra,Nashik,Rice,Kharif,2021,Black Soil,100,52,54,7.21
4507,Maharashtra,Nashik,Maize,Kharif,2021,Black Soil,104,33,14,7.89
4508,Maharashtra,Nashik,Cotton,Kharif,2021,Black Soil,23,8,9,4.43
4509,Maharashtra,Pune,Wheat,Rabi,2021,Black Soil,124,49,30,7.8
4510,Maharashtra,Pune,Rice,Kharif,2021,Black Soil,88,46,46,7.04
4511,Maharashtra,Pune,Maize,Kharif,2021,Black Soil,79,34,43,7.3
4512,Maharashtra,Pune,Cotton,Kharif,2021,Black Soil,52,52,29,7.88
4513,Tamil Nadu,Thanjavur,Wheat,Rabi,2021,Red Loam,145,65,39,6.54
4514,Tamil Nadu,Thanjavur,Rice,Kharif,2021,Red Loam,119,47,41,7.02
4515,Tamil Nadu,Thanjavur,Maize,Kharif,2021,Red Loam,10,6,13,4.38
4516,Tamil Nadu,Thanjavur,Cotton,Kharif,2021,Red Loam,55,37,48,7.11
4517,Andhra Pradesh,Kurnool,Wheat,Rabi,2021,Red Soil,135,60,28,6.77
4518,Andhra Pradesh,Kurnool,Rice,Kharif,2021,Red Soil,96,42,55,7.02
4519,Andhra Pradesh,Kurnool,Maize,Kharif,2021,Red Soil,109,42,24,6.68
4520,Andhra Pradesh,Kurnool,Cotton,Kharif,2021,Red Soil,65,49,28,7.29
4521,Punjab,Ludhiana,Wheat,Rabi,2022,Alluvial,91,69,52,7.46
4522,Punjab,Ludhiana,Rice,Kharif,2022,Alluvial,88,44,45,7.61
4523,Punjab,Ludhiana,Maize,Kharif,2022,Alluvial,81,40,25,7.33
4524,Punjab,Ludhiana,Cotton,Kharif,2022,Alluvial,67,64,43,6.7
4525,Punjab,Patiala,Wheat,Rabi,2022,Alluvial,23,6,1,4.8
4526,Punjab,Patiala,Rice,Kharif,2022,Alluvial,68,49,69,7.05
4527,Punjab,Patiala,Maize,Kharif,2022,Alluvial,90,39,28,7.36
4528,Punjab,Patiala,Cotton,Kharif,2022,Alluvial,81,40,43,7.49
4529,Uttar Pradesh,Kanpur,Wheat,Rabi,2022,Alluvial,129,79,41,7.4
4530,Uttar Pradesh,Kanpur,Rice,Kharif,2022,Alluvial,130,51,58,6.94
4531,Uttar Pradesh,Kanpur,Maize,Kharif,2022,Alluvial,95,44,39,7.23
4532,Uttar Pradesh,Kanpur,Cotton,Kharif,2022,Alluvial,87,39,39,7.12
4533,Uttar Pradesh,Varanasi,Wheat,Rabi,2022,Alluvial,121,62,46,7.36
4534,Uttar Pradesh,Varanasi,Rice,Kharif,2022,Alluvial,110,37,54,7.08
4535,Uttar Pradesh,Varanasi,Maize,Kharif,2022,Alluvial,91,50,30,7.0
4536,Uttar Pradesh,Varanasi,Cotton,Kharif,2022,Alluvial,82,31,23,7.03
4537,West Bengal,Hooghly,Wheat,Rabi,2022,Alluvial,133,56,34,6.28
4538,West Bengal,Hooghly,Rice,Kharif,2022,Alluvial,124,64,26,6.6
4539,West Bengal,Hooghly,Maize,Kharif,2022,Alluvial,99,26,32,6.78
4540,West Bengal,Hooghly,Cotton,Kharif,2022,Alluvial,61,48,31,6.42
4541,West Bengal,Bardhaman,Wheat,Rabi,2022,Clay Loam,142,74,37,6.29
4542,West Bengal,Bardhaman,Rice,Kharif,2022,Clay Loam,1,15,13,5.15
4543,West Bengal,Bardhaman,Maize,Kharif,2022,Clay Loam,24,12,8,5.09
4544,West Bengal,Bardhaman,Cotton,Kharif,2022,Clay Loam,98,30,56,6.15
4545,Maharashtra,Nashik,Wheat,Rabi,2022,Black Soil,98,47,46,7.63
4546,Maharashtra,Nashik,Rice,Kharif,2022,Black Soil,1,3,1,4.83
4547,Maharashtra,Nashik,Maize,Kharif,2022,Black Soil,116,34,39,7.65
4548,Maharashtra,Nashik,Cotton,Kharif,2022,Black Soil,66,46,43,7.12
4549,Maharashtra,Pune,Wheat,Rabi,2022,Black Soil,125,62,21,7.18
4550,Maharashtra,Pune,Rice,Kharif,2022,Black Soil,124,44,54,7.31
4551,Maharashtra,Pune,Maize,Kharif,2022,Black Soil,99,42,40,7.12
4552,Maharashtra,Pune,Cotton,Kharif,2022,Black Soil,55,38,37,7.9
4553,Tamil Nadu,Thanjavur,Wheat,Rabi,2022,Red Loam,119,65,32,7.28
4554,Tamil Nadu,Thanjavur,Rice,Kharif,2022,Red Loam,131,43,49,6.96
4555,Tamil Nadu,Thanjavur,Maize,Kharif,2022,Red Loam,74,47,17,6.28
4556,Tamil Nadu,Thanjavur,Cotton,Kharif,2022,Red Loam,69,28,42,6.44
4557,Andhra Pradesh,Kurnool,Wheat,Rabi,2022,Red Soil,28,18,3,5.21
4558,Andhra Pradesh,Kurnool,Rice,Kharif,2022,Red Soil,102,39,47,6.62
4559,Andhra Pradesh,Kurnool,Maize,Kharif,2022,Red Soil,90,52,33,7.36
4560,Andhra Pradesh,Kurnool,Cotton,Kharif,2022,Red Soil,89,34,26,6.79
4561,Punjab,Ludhiana,Wheat,Rabi,2023,Alluvial,123,67,42,7.47
4562,Punjab,Ludhiana,Rice,Kharif,2023,Alluvial,91,30,43,7.17
4563,Punjab,Ludhiana,Maize,Kharif,2023,Alluvial,3,17,12,4.52
4564,Punjab,Ludhiana,Cotton,Kharif,2023,Alluvial,109,38,44,7.97
4565,Punjab,Patiala,Wheat,Rabi,2023,Alluvial,11,0,2,4.95
4566,Punjab,Patiala,Rice,Kharif,2023,Alluvial,19,9,9,4.49
4567,Punjab,Patiala,Maize,Kharif,2023,Alluvial,68,48,40,7.67
4568,Punjab,Patiala,Cotton,Kharif,2023,Alluvial,79,37,37,7.83
4569,Uttar Pradesh,Kanpur,Wheat,Rabi,2023,Alluvial,133,66,56,7.3
4570,Uttar Pradesh,Kanpur,Rice,Kharif,2023,Alluvial,133,41,47,7.41
4571,Uttar Pradesh,Kanpur,Maize,Kharif,2023,Alluvial,94,41,41,7.11
4572,Uttar Pradesh,Kanpur,Cotton,Kharif,2023,Alluvial,102,32,49,7.48
4573,Uttar Pradesh,Varanasi,Wheat,Rabi,2023,Alluvial,117,58,49,7.2
4574,Uttar Pradesh,Varanasi,Rice,Kharif,2023,Alluvial,9,8,9,4.96
4575,Uttar Pradesh,Varanasi,Maize,Kharif,2023,Alluvial,95,25,38,6.83
4576,Uttar Pradesh,Varanasi,Cotton,Kharif,2023,Alluvial,68,37,45,6.63
4577,West Bengal,Hooghly,Wheat,Rabi,2023,Alluvial,117,48,43,6.48
4578,West Bengal,Hooghly,Rice,Kharif,2023,Alluvial,54,51,59,6.46
4579,West Bengal,Hooghly,Maize,Kharif,2023,Alluvial,58,43,15,6.75
4580,West Bengal,Hooghly,Cotton,Kharif,2023,Alluvial,94,64,37,6.4
4581,West Bengal,Bardhaman,Wheat,Rabi,2023,Clay Loam,134,41,41,6.13
4582,West Bengal,Bardhaman,Rice,Kharif,2023,Clay Loam,74,37,28,6.43
4583,West Bengal,Bardhaman,Maize,Kharif,2023,Clay Loam,11,16,4,5.4
4584,West Bengal,Bardhaman,Cotton,Kharif,2023,Clay Loam,102,14,38,6.67
4585,Maharashtra,Nashik,Wheat,Rabi,2023,Black Soil,143,63,35,7.95
4586,Maharashtra,Nashik,Rice,Kharif,2023,Black Soil,86,43,28,7.8
4587,Maharashtra,Nashik,Maize,Kharif,2023,Black Soil,95,32,42,7.76
4588,Maharashtra,Nashik,Cotton,Kharif,2023,Black Soil,18,10,10,4.36
4589,Maharashtra,Pune,Wheat,Rabi,2023,Black Soil,109,61,32,7.52
4590,Maharashtra,Pune,Rice,Kharif,2023,Black Soil,18,13,4,4.9
4591,Maharashtra,Pune,Maize,Kharif,2023,Black Soil,121,49,37,7.46
4592,Maharashtra,Pune,Cotton,Kharif,2023,Black Soil,53,49,26,7.81
4593,Tamil Nadu,Thanjavur,Wheat,Rabi,2023,Red Loam,135,64,47,6.27
4594,Tamil Nadu,Thanjavur,Rice,Kharif,2023,Red Loam,103,61,47,6.7
4595,Tamil Nadu,Thanjavur,Maize,Kharif,2023,Red Loam,38,36,37,7.45
4596,Tamil Nadu,Thanjavur,Cotton,Kharif,2023,Red Loam,93,40,24,6.63
4597,Andhra Pradesh,Kurnool,Wheat,Rabi,2023,Red Soil,10,17,7,4.6
4598,Andhra Pradesh,Kurnool,Rice,Kharif,2023,Red Soil,70,56,67,7.26
4599,Andhra Pradesh,Kurnool,Maize,Kharif,2023,Red Soil,66,35,14,7.2
4600,Andhra Pradesh,Kurnool,Cotton,Kharif,2023,Red Soil,61,20,36,6.67
4601,Punjab,Ludhiana,Wheat,Rabi,2019,Alluvial,85,60,40,7.62
4602,Punjab,Ludhiana,Rice,Kharif,2019,Alluvial,104,49,54,7.24
4603,Punjab,Ludhiana,Maize,Kharif,2019,Alluvial,72,42,31,7.25
4604,Punjab,Ludhiana,Cotton,Kharif,2019,Alluvial,74,40,40,7.56
4605,Punjab,Patiala,Wheat,Rabi,2019,Alluvial,110,45,56,7.81
4606,Punjab,Patiala,Rice,Kharif,2019,Alluvial,88,56,50,7.47
4607,Punjab,Patiala,Maize,Kharif,2019,Alluvial,88,59,41,7.69
4608,Punjab,Patiala,Cotton,Kharif,2019,Alluvial,50,39,39,7.47
4609,Uttar Pradesh,Kanpur,Wheat,Rabi,2019,Alluvial,26,14,2,4.71
4610,Uttar Pradesh,Kanpur,Rice,Kharif,2019,Alluvial,52,38,39,7.2
4611,Uttar Pradesh,Kanpur,Maize,Kharif,2019,Alluvial,110,53,27,7.46
4612,Uttar Pradesh,Kanpur,Cotton,Kharif,2019,Alluvial,36,38,26,6.98
4613,Uttar Pradesh,Varanasi,Wheat,Rabi,2019,Alluvial,113,51,57,6.99
4614,Uttar Pradesh,Varanasi,Rice,Kharif,2019,Alluvial,83,47,56,7.45
4615,Uttar Pradesh,Varanasi,Maize,Kharif,2019,Alluvial,7,0,5,4.38
4616,Uttar Pradesh,Varanasi,Cotton,Kharif,2019,Alluvial,96,43,35,6.81
4617,West Bengal,Hooghly,Wheat,Rabi,2019,Alluvial,100,41,31,6.44
4618,West Bengal,Hooghly,Rice,Kharif,2019,Alluvial,3,8,0,4.69
4619,West Bengal,Hooghly,Maize,Kharif,2019,Alluvial,66,40,25,5.98
4620,West Bengal,Hooghly,Cotton,Kharif,2019,Alluvial,73,34,40,6.33
4621,West Bengal,Bardhaman,Wheat,Rabi,2019,Clay Loam,90,54,47,6.63
4622,West Bengal,Bardhaman,Rice,Kharif,2019,Clay Loam,87,38,35,6.27
4623,West Bengal,Bardhaman,Maize,Kharif,2019,Clay Loam,100,19,49,6.12
4624,West Bengal,Bardhaman,Cotton,Kharif,2019,Clay Loam,12,9,12,4.62
4625,Maharashtra,Nashik,Wheat,Rabi,2019,Black Soil,3,6,0,4.33
4626,Maharashtra,Nashik,Rice,Kharif,2019,Black Soil,1,12,8,4.1
4627,Maharashtra,Nashik,Maize,Kharif,2019,Black Soil,78,36,37,7.75
4628,Maharashtra,Nashik,Cotton,Kharif,2019,Black Soil,90,60,54,7.61
4629,Maharashtra,Pune,Wheat,Rabi,2019,Black Soil,115,69,54,7.46
4630,Maharashtra,Pune,Rice,Kharif,2019,Black Soil,92,54,59,6.98
4631,Maharashtra,Pune,Maize,Kharif,2019,Black Soil,89,33,24,7.53
4632,Maharashtra,Pune,Cotton,Kharif,2019,Black Soil,26,18,4,4.92
4633,Tamil Nadu,Thanjavur,Wheat,Rabi,2019,Red Loam,107,66,44,7.08
4634,Tamil Nadu,Thanjavur,Rice,Kharif,2019,Red Loam,73,48,40,6.62
4635,Tamil Nadu,Thanjavur,Maize,Kharif,2019,Red Loam,20,12,10,4.71
4636,Tamil Nadu,Thanjavur,Cotton,Kharif,2019,Red Loam,108,34,21,6.73
4637,Andhra Pradesh,Kurnool,Wheat,Rabi,2019,Red Soil,110,73,26,7.34
4638,Andhra Pradesh,Kurnool,Rice,Kharif,2019,Red Soil,72,56,55,6.94
4639,Andhra Pradesh,Kurnool,Maize,Kharif,2019,Red Soil,87,33,14,7.16
4640,Andhra Pradesh,Kurnool,Cotton,Kharif,2019,Red Soil,114,30,34,7.07
4641,Punjab,Ludhiana,Wheat,Rabi,2020,Alluvial,113,43,39,7.59
4642,Punjab,Ludhiana,Rice,Kharif,2020,Alluvial,119,38,34,7.41
4643,Punjab,Ludhiana,Maize,Kharif,2020,Alluvial,81,41,48,7.36
4644,Punjab,Ludhiana,Cotton,Kharif,2020,Alluvial,83,46,44,7.48
4645,Punjab,Patiala,Wheat,Rabi,2020,Alluvial,123,48,47,7.99
4646,Punjab,Patiala,Rice,Kharif,2020,Alluvial,88,58,47,7.4
4647,Punjab,Patiala,Maize,Kharif,2020,Alluvial,112,33,15,7.95
4648,Punjab,Patiala,Cotton,Kharif,2020,Alluvial,36,27,38,7.55
4649,Uttar Pradesh,Kanpur,Wheat,Rabi,2020,Alluvial,144,65,39,7.18
4650,Uttar Pradesh,Kanpur,Rice,Kharif,2020,Alluvial,92,52,69,7.32
4651,Uttar Pradesh,Kanpur,Maize,Kharif,2020,Alluvial,77,25,32,7.09
4652,Uttar Pradesh,Kanpur,Cotton,Kharif,2020,Alluvial,67,37,31,7.27
4653,Uttar Pradesh,Varanasi,Wheat,Rabi,2020,Alluvial,149,44,31,6.85
4654,Uttar Pradesh,Varanasi,Rice,Kharif,2020,Alluvial,22,19,2,4.65
4655,Uttar Pradesh,Varanasi,Maize,Kharif,2020,Alluvial,91,18,48,7.0
4656,Uttar Pradesh,Varanasi,Cotton,Kharif,2020,Alluvial,102,27,54,7.23
4657,West Bengal,Hooghly,Wheat,Rabi,2020,Alluvial,142,56,43,6.46
4658,West Bengal,Hooghly,Rice,Kharif,2020,Alluvial,91,53,35,5.84
4659,West Bengal,Hooghly,Maize,Kharif,2020,Alluvial,75,39,40,6.74
4660,West Bengal,Hooghly,Cotton,Kharif,2020,Alluvial,80,40,37,6.82
4661,West Bengal,Bardhaman,Wheat,Rabi,2020,Clay Loam,116,57,33,6.43
4662,West Bengal,Bardhaman,Rice,Kharif,2020,Clay Loam,120,33,53,6.06
4663,West Bengal,Bardhaman,Maize,Kharif,2020,Clay Loam,92,35,40,6.15
4664,West Bengal,Bardhaman,Cotton,Kharif,2020,Clay Loam,106,24,40,6.16
4665,Maharashtra,Nashik,Wheat,Rabi,2020,Black Soil,127,65,49,7.35
4666,Maharashtra,Nashik,Rice,Kharif,2020,Black Soil,95,53,57,7.84
4667,Maharashtra,Nashik,Maize,Kharif,2020,Black Soil,89,24,34,7.42
4668,Maharashtra,Nashik,Cotton,Kharif,2020,Black Soil,65,49,20,7.68
4669,Maharashtra,Pune,Wheat,Rabi,2020,Black Soil,95,55,23,7.44
4670,Maharashtra,Pune,Rice,Kharif,2020,Black Soil,73,66,65,7.54
4671,Maharashtra,Pune,Maize,Kharif,2020,Black Soil,109,31,23,7.42
4672,Maharashtra,Pune,Cotton,Kharif,2020,Black Soil,85,45,45,7.01
4673,Tamil Nadu,Thanjavur,Wheat,Rabi,2020,Red Loam,116,50,44,6.95
4674,Tamil Nadu,Thanjavur,Rice,Kharif,2020,Red Loam,8,18,14,5.22
4675,Tamil Nadu,Thanjavur,Maize,Kharif,2020,Red Loam,125,33,38,7.01
4676,Tamil Nadu,Thanjavur,Cotton,Kharif,2020,Red Loam,71,37,47,6.76
4677,Andhra Pradesh,Kurnool,Wheat,Rabi,2020,Red Soil,145,56,58,6.58
4678,Andhra Pradesh,Kurnool,Rice,Kharif,2020,Red Soil,111,51,52,6.99
4679,Andhra Pradesh,Kurnool,Maize,Kharif,2020,Red Soil,56,40,34,7.17
4680,Andhra Pradesh,Kurnool,Cotton,Kharif,2020,Red Soil,68,33,48,7.37
4681,Punjab,Ludhiana,Wheat,Rabi,2021,Alluvial,138,49,32,7.84
4682,Punjab,Ludhiana,Rice,Kharif,2021,Alluvial,19,9,14,4.91
4683,Punjab,Ludhiana,Maize,Kharif,2021,Alluvial,64,47,26,7.13
4684,Punjab,Ludhiana,Cotton,Kharif,2021,Alluvial,84,33,41,7.67
4685,Punjab,Patiala,Wheat,Rabi,2021,Alluvial,133,54,49,7.69
4686,Punjab,Patiala,Rice,Kharif,2021,Alluvial,25,15,10,5.37
4687,Punjab,Patiala,Maize,Kharif,2021,Alluvial,91,31,29,7.51
4688,Punjab,Patiala,Cotton,Kharif,2021,Alluvial,133,44,37,7.62
4689,Uttar Pradesh,Kanpur,Wheat,Rabi,2021,Alluvial,111,56,43,7.89
4690,Uttar Pradesh,Kanpur,Rice,Kharif,2021,Alluvial,109,48,43,6.93
4691,Uttar Pradesh,Kanpur,Maize,Kharif,2021,Alluvial,94,39,41,7.45
4692,Uttar Pradesh,Kanpur,Cotton,Kharif,2021,Alluvial,63,50,30,7.18
4693,Uttar Pradesh,Varanasi,Wheat,Rabi,2021,Alluvial,154,58,39,6.9
4694,Uttar Pradesh,Varanasi,Rice,Kharif,2021,Alluvial,114,44,45,7.11
4695,Uttar Pradesh,Varanasi,Maize,Kharif,2021,Alluvial,90,29,49,7.12
4696,Uttar Pradesh,Varanasi,Cotton,Kharif,2021,Alluvial,87,38,45,6.98
4697,West Bengal,Hooghly,Wheat,Rabi,2021,Alluvial,131,57,45,6.67
4698,West Bengal,Hooghly,Rice,Kharif,2021,Alluvial,90,53,66,6.76
4699,West Bengal,Hooghly,Maize,Kharif,2021,Alluvial,104,40,22,5.75
4700,West Bengal,Hooghly,Cotton,Kharif,2021,Alluvial,108,18,41,6.47
4701,West Bengal,Bardhaman,Wheat,Rabi,2021,Clay Loam,115,62,40,5.73
4702,West Bengal,Bardhaman,Rice,Kharif,2021,Clay Loam,82,45,48,6.41
4703,West Bengal,Bardhaman,Maize,Kharif,2021,Clay Loam,118,48,21,6.3
4704,West Bengal,Bardhaman,Cotton,Kharif,2021,Clay Loam,19,10,2,4.82
4705,Maharashtra,Nashik,Wheat,Rabi,2021,Black Soil,131,65,73,7.73
4706,Maharashtra,Nashik,Rice,Kharif,2021,Black Soil,74,50,54,8.45
4707,Maharashtra,Nashik,Maize,Kharif,2021,Black Soil,80,50,42,8.4
4708,Maharashtra,Nashik,Cotton,Kharif,2021,Black Soil,67,34,59,7.96
4709,Maharashtra,Pune,Wheat,Rabi,2021,Black Soil,121,51,22,7.49
4710,Maharashtra,Pune,Rice,Kharif,2021,Black Soil,13,18,14,4.54
4711,Maharashtra,Pune,Maize,Kharif,2021,Black Soil,121,39,19,7.75
4712,Maharashtra,Pune,Cotton,Kharif,2021,Black Soil,96,41,45,8.24
4713,Tamil Nadu,Thanjavur,Wheat,Rabi,2021,Red Loam,160,67,23,6.81
4714,Tamil Nadu,Thanjavur,Rice,Kharif,2021,Red Loam,83,64,66,7.22
4715,Tamil Nadu,Thanjavur,Maize,Kharif,2021,Red Loam,50,34,53,6.65
4716,Tamil Nadu,Thanjavur,Cotton,Kharif,2021,Red Loam,60,22,22,6.96
4717,Andhra Pradesh,Kurnool,Wheat,Rabi,2021,Red Soil,111,48,47,6.68
4718,Andhra Pradesh,Kurnool,Rice,Kharif,2021,Red Soil,3,1,1,4.39
4719,Andhra Pradesh,Kurnool,Maize,Kharif,2021,Red Soil,2,2,13,4.09
4720,Andhra Pradesh,Kurnool,Cotton,Kharif,2021,Red Soil,80,35,30,6.64
4721,Punjab,Ludhiana,Wheat,Rabi,2022,Alluvial,103,59,44,7.81
4722,Punjab,Ludhiana,Rice,Kharif,2022,Alluvial,131,61,56,8.1
4723,Punjab,Ludhiana,Maize,Kharif,2022,Alluvial,87,60,14,7.05
4724,Punjab,Ludhiana,Cotton,Kharif,2022,Alluvial,108,37,28,7.55
4725,Punjab,Patiala,Wheat,Rabi,2022,Alluvial,17,19,11,4.74
4726,Punjab,Patiala,Rice,Kharif,2022,Alluvial,28,16,2,4.09
4727,Punjab,Patiala,Maize,Kharif,2022,Alluvial,28,16,1,5.31
4728,Punjab,Patiala,Cotton,Kharif,2022,Alluvial,86,21,40,7.96
4729,Uttar Pradesh,Kanpur,Wheat,Rabi,2022,Alluvial,139,52,45,7.62
4730,Uttar Pradesh,Kanpur,Rice,Kharif,2022,Alluvial,8,7,14,4.01
4731,Uttar Pradesh,Kanpur,Maize,Kharif,2022,Alluvial,108,48,36,7.19
4732,Uttar Pradesh,Kanpur,Cotton,Kharif,2022,Alluvial,27,1,0,4.58
4733,Uttar Pradesh,Varanasi,Wheat,Rabi,2022,Alluvial,107,52,30,6.96
4734,Uttar Pradesh,Varanasi,Rice,Kharif,2022,Alluvial,119,66,61,6.71
4735,Uttar Pradesh,Varanasi,Maize,Kharif,2022,Alluvial,105,32,32,7.24
4736,Uttar Pradesh,Varanasi,Cotton,Kharif,2022,Alluvial,93,32,58,6.99
4737,West Bengal,Hooghly,Wheat,Rabi,2022,Alluvial,122,60,28,6.56
4738,West Bengal,Hooghly,Rice,Kharif,2022,Alluvial,97,65,66,6.48
4739,West Bengal,Hooghly,Maize,Kharif,2022,Alluvial,26,5,10,4.64
4740,West Bengal,Hooghly,Cotton,Kharif,2022,Alluvial,25,9,5,5.01
4741,West Bengal,Bardhaman,Wheat,Rabi,2022,Clay Loam,95,52,40,6.64
4742,West Bengal,Bardhaman,Rice,Kharif,2022,Clay Loam,97,58,56,6.25
4743,West Bengal,Bardhaman,Maize,Kharif,2022,Clay Loam,76,28,20,6.18
4744,West Bengal,Bardhaman,Cotton,Kharif,2022,Clay Loam,68,30,47,6.17
4745,Maharashtra,Nashik,Wheat,Rabi,2022,Black Soil,106,61,31,8.46
4746,Maharashtra,Nashik,Rice,Kharif,2022,Black Soil,99,35,57,7.17
4747,Maharashtra,Nashik,Maize,Kharif,2022,Black Soil,83,39,23,7.85
4748,Maharashtra,Nashik,Cotton,Kharif,2022,Black Soil,89,49,40,7.8
4749,Maharashtra,Pune,Wheat,Rabi,2022,Black Soil,105,63,51,7.62
4750,Maharashtra,Pune,Rice,Kharif,2022,Black Soil,124,52,29,7.4
4751,Maharashtra,Pune,Maize,Kharif,2022,Black Soil,102,19,19,7.51
4752,Maharashtra,Pune,Cotton,Kharif,2022,Black Soil,107,32,31,7.8
4753,Tamil Nadu,Thanjavur,Wheat,Rabi,2022,Red Loam,102,64,61,6.53
4754,Tamil Nadu,Thanjavur,Rice,Kharif,2022,Red Loam,90,56,63,6.91
4755,Tamil Nadu,Thanjavur,Maize,Kharif,2022,Red Loam,67,42,24,7.29
4756,Tamil Nadu,Thanjavur,Cotton,Kharif,2022,Red Loam,136,44,55,6.57
4757,Andhra Pradesh,Kurnool,Wheat,Rabi,2022,Red Soil,111,60,53,6.92
4758,Andhra Pradesh,Kurnool,Rice,Kharif,2022,Red Soil,102,66,47,7.23
4759,Andhra Pradesh,Kurnool,Maize,Kharif,2022,Red Soil,18,5,14,5.19
4760,Andhra Pradesh,Kurnool,Cotton,Kharif,2022,Red Soil,80,34,56,7.08
4761,Punjab,Ludhiana,Wheat,Rabi,2023,Alluvial,123,76,42,7.6
4762,Punjab,Ludhiana,Rice,Kharif,2023,Alluvial,108,40,49,7.35
4763,Punjab,Ludhiana,Maize,Kharif,2023,Alluvial,110,43,33,7.56
4764,Punjab,Ludhiana,Cotton,Kharif,2023,Alluvial,87,48,28,7.55
4765,Punjab,Patiala,Wheat,Rabi,2023,Alluvial,108,57,36,7.68
4766,Punjab,Patiala,Rice,Kharif,2023,Alluvial,123,49,69,8.08
4767,Punjab,Patiala,Maize,Kharif,2023,Alluvial,74,27,38,7.65
4768,Punjab,Patiala,Cotton,Kharif,2023,Alluvial,35,31,55,7.24
4769,Uttar Pradesh,Kanpur,Wheat,Rabi,2023,Alluvial,128,72,23,7.17
4770,Uttar Pradesh,Kanpur,Rice,Kharif,2023,Alluvial,71,58,57,6.92
4771,Uttar Pradesh,Kanpur,Maize,Kharif,2023,Alluvial,89,47,26,6.93
4772,Uttar Pradesh,Kanpur,Cotton,Kharif,2023,Alluvial,72,20,39,7.14
4773,Uttar Pradesh,Varanasi,Wheat,Rabi,2023,Alluvial,22,2,0,4.88
4774,Uttar Pradesh,Varanasi,Rice,Kharif,2023,Alluvial,110,60,56,7.42
4775,Uttar Pradesh,Varanasi,Maize,Kharif,2023,Alluvial,16,13,1,5.39
4776,Uttar Pradesh,Varanasi,Cotton,Kharif,2023,Alluvial,72,34,52,6.99
4777,West Bengal,Hooghly,Wheat,Rabi,2023,Alluvial,107,65,26,7.15
4778,West Bengal,Hooghly,Rice,Kharif,2023,Alluvial,19,19,11,4.7
4779,West Bengal,Hooghly,Maize,Kharif,2023,Alluvial,96,48,45,6.83
4780,West Bengal,Hooghly,Cotton,Kharif,2023,Alluvial,27,0,9,4.91
4781,West Bengal,Bardhaman,Wheat,Rabi,2023,Clay Loam,112,62,44,5.93
4782,West Bengal,Bardhaman,Rice,Kharif,2023,Clay Loam,111,59,52,6.34
4783,West Bengal,Bardhaman,Maize,Kharif,2023,Clay Loam,97,40,27,5.91
4784,West Bengal,Bardhaman,Cotton,Kharif,2023,Clay Loam,2,0,12,4.47
4785,Maharashtra,Nashik,Wheat,Rabi,2023,Black Soil,120,61,22,7.81
4786,Maharashtra,Nashik,Rice,Kharif,2023,Black Soil,114,37,43,7.73
4787,Maharashtra,Nashik,Maize,Kharif,2023,Black Soil,74,29,41,8.01
4788,Maharashtra,Nashik,Cotton,Kharif,2023,Black Soil,68,40,50,7.94
4789,Maharashtra,Pune,Wheat,Rabi,2023,Black Soil,88,69,41,7.07
4790,Maharashtra,Pune,Rice,Kharif,2023,Black Soil,68,81,52,7.4
4791,Maharashtra,Pune,Maize,Kharif,2023,Black Soil,106,26,35,7.14
4792,Maharashtra,Pune,Cotton,Kharif,2023,Black Soil,83,35,36,7.7
4793,Tamil Nadu,Thanjavur,Wheat,Rabi,2023,Red Loam,141,46,36,6.52
4794,Tamil Nadu,Thanjavur,Rice,Kharif,2023,Red Loam,80,56,48,6.83
4795,Tamil Nadu,Thanjavur,Maize,Kharif,2023,Red Loam,62,35,32,6.99
4796,Tamil Nadu,Thanjavur,Cotton,Kharif,2023,Red Loam,77,44,35,6.62
4797,Andhra Pradesh,Kurnool,Wheat,Rabi,2023,Red Soil,161,61,39,7.3
4798,Andhra Pradesh,Kurnool,Rice,Kharif,2023,Red Soil,124,66,55,6.78
4799,Andhra Pradesh,Kurnool,Maize,Kharif,2023,Red Soil,82,34,34,6.99
4800,Andhra Pradesh,Kurnool,Cotton,Kharif,2023,Red Soil,53,50,24,7.18
4801,Punjab,Ludhiana,Wheat,Rabi,2019,Alluvial,92,52,34,7.34
4802,Punjab,Ludhiana,Rice,Kharif,2019,Alluvial,105,55,64,7.68
4803,Punjab,Ludhiana,Maize,Kharif,2019,Alluvial,79,39,40,6.97
4804,Punjab,Ludhiana,Cotton,Kharif,2019,Alluvial,7,16,9,4.67
4805,Punjab,Patiala,Wheat,Rabi,2019,Alluvial,14,16,4,5.27
4806,Punjab,Patiala,Rice,Kharif,2019,Alluvial,11,11,0,4.23
4807,Punjab,Patiala,Maize,Kharif,2019,Alluvial,83,18,38,7.16
4808,Punjab,Patiala,Cotton,Kharif,2019,Alluvial,42,48,27,7.48
4809,Uttar Pradesh,Kanpur,Wheat,Rabi,2019,Alluvial,122,60,31,6.93
4810,Uttar Pradesh,Kanpur,Rice,Kharif,2019,Alluvial,86,64,52,7.41
4811,Uttar Pradesh,Kanpur,Maize,Kharif,2019,Alluvial,104,36,49,7.03
4812,Uttar Pradesh,Kanpur,Cotton,Kharif,2019,Alluvial,8,17,7,4.9
4813,Uttar Pradesh,Varanasi,Wheat,Rabi,2019,Alluvial,123,49,47,6.91
4814,Uttar Pradesh,Varanasi,Rice,Kharif,2019,Alluvial,90,63,45,6.74
4815,Uttar Pradesh,Varanasi,Maize,Kharif,2019,Alluvial,81,36,17,6.86
4816,Uttar Pradesh,Varanasi,Cotton,Kharif,2019,Alluvial,10,14,5,4.47
4817,West Bengal,Hooghly,Wheat,Rabi,2019,Alluvial,127,74,48,6.89
4818,West Bengal,Hooghly,Rice,Kharif,2019,Alluvial,95,36,66,6.49
4819,West Bengal,Hooghly,Maize,Kharif,2019,Alluvial,102,28,13,6.87
4820,West Bengal,Hooghly,Cotton,Kharif,2019,Alluvial,7,2,9,4.37
4821,West Bengal,Bardhaman,Wheat,Rabi,2019,Clay Loam,118,59,49,6.31
4822,West Bengal,Bardhaman,Rice,Kharif,2019,Clay Loam,90,70,56,5.95
4823,West Bengal,Bardhaman,Maize,Kharif,2019,Clay Loam,95,56,28,6.21
4824,West Bengal,Bardhaman,Cotton,Kharif,2019,Clay Loam,95,29,34,6.52
4825,Maharashtra,Nashik,Wheat,Rabi,2019,Black Soil,9,16,14,4.06
4826,Maharashtra,Nashik,Rice,Kharif,2019,Black Soil,0,15,1,4.46
4827,Maharashtra,Nashik,Maize,Kharif,2019,Black Soil,128,41,31,7.57
4828,Maharashtra,Nashik,Cotton,Kharif,2019,Black Soil,5,4,3,4.38
4829,Maharashtra,Pune,Wheat,Rabi,2019,Black Soil,148,62,22,6.94
4830,Maharashtra,Pune,Rice,Kharif,2019,Black Soil,91,61,61,7.45
4831,Maharashtra,Pune,Maize,Kharif,2019,Black Soil,88,46,31,6.57
4832,Maharashtra,Pune,Cotton,Kharif,2019,Black Soil,95,26,34,7.76
4833,Tamil Nadu,Thanjavur,Wheat,Rabi,2019,Red Loam,149,61,38,6.49
4834,Tamil Nadu,Thanjavur,Rice,Kharif,2019,Red Loam,70,61,54,6.78
4835,Tamil Nadu,Thanjavur,Maize,Kharif,2019,Red Loam,106,44,29,6.86
4836,Tamil Nadu,Thanjavur,Cotton,Kharif,2019,Red Loam,73,39,57,6.71
4837,Andhra Pradesh,Kurnool,Wheat,Rabi,2019,Red Soil,21,7,0,5.28
4838,Andhra Pradesh,Kurnool,Rice,Kharif,2019,Red Soil,117,32,61,7.21
4839,Andhra Pradesh,Kurnool,Maize,Kharif,2019,Red Soil,82,45,24,7.0
4840,Andhra Pradesh,Kurnool,Cotton,Kharif,2019,Red Soil,58,46,37,7.04
4841,Punjab,Ludhiana,Wheat,Rabi,2020,Alluvial,144,59,27,7.45
4842,Punjab,Ludhiana,Rice,Kharif,2020,Alluvial,78,57,46,6.92
4843,Punjab,Ludhiana,Maize,Kharif,2020,Alluvial,107,27,37,7.39
4844,Punjab,Ludhiana,Cotton,Kharif,2020,Alluvial,55,31,29,7.32
4845,Punjab,Patiala,Wheat,Rabi,2020,Alluvial,129,65,34,7.23
4846,Punjab,Patiala,Rice,Kharif,2020,Alluvial,82,52,46,7.8
4847,Punjab,Patiala,Maize,Kharif,2020,Alluvial,82,17,41,7.09
4848,Punjab,Patiala,Cotton,Kharif,2020,Alluvial,73,38,49,7.58
4849,Uttar Pradesh,Kanpur,Wheat,Rabi,2020,Alluvial,0,19,14,4.83
4850,Uttar Pradesh,Kanpur,Rice,Kharif,2020,Alluvial,84,50,48,7.51
4851,Uttar Pradesh,Kanpur,Maize,Kharif,2020,Alluvial,74,31,38,7.39
4852,Uttar Pradesh,Kanpur,Cotton,Kharif,2020,Alluvial,106,45,33,7.46
4853,Uttar Pradesh,Varanasi,Wheat,Rabi,2020,Alluvial,103,61,51,7.35
4854,Uttar Pradesh,Varanasi,Rice,Kharif,2020,Alluvial,3,8,8,4.05
4855,Uttar Pradesh,Varanasi,Maize,Kharif,2020,Alluvial,108,36,45,7.65
4856,Uttar Pradesh,Varanasi,Cotton,Kharif,2020,Alluvial,65,36,35,7.3
4857,West Bengal,Hooghly,Wheat,Rabi,2020,Alluvial,138,64,41,5.93
4858,West Bengal,Hooghly,Rice,Kharif,2020,Alluvial,141,33,44,6.62
4859,West Bengal,Hooghly,Maize,Kharif,2020,Alluvial,102,37,0,5.98
4860,West Bengal,Hooghly,Cotton,Kharif,2020,Alluvial,82,30,50,6.28
4861,West Bengal,Bardhaman,Wheat,Rabi,2020,Clay Loam,105,57,60,6.25
4862,West Bengal,Bardhaman,Rice,Kharif,2020,Clay Loam,93,51,66,6.28
4863,West Bengal,Bardhaman,Maize,Kharif,2020,Clay Loam,102,47,15,6.34
4864,West Bengal,Bardhaman,Cotton,Kharif,2020,Clay Loam,107,36,48,6.2
4865,Maharashtra,Nashik,Wheat,Rabi,2020,Black Soil,7,14,12,5.29
4866,Maharashtra,Nashik,Rice,Kharif,2020,Black Soil,115,60,43,8.17
4867,Maharashtra,Nashik,Maize,Kharif,2020,Black Soil,92,40,34,7.35
4868,Maharashtra,Nashik,Cotton,Kharif,2020,Black Soil,120,43,42,7.51
4869,Maharashtra,Pune,Wheat,Rabi,2020,Black Soil,4,19,11,4.7
4870,Maharashtra,Pune,Rice,Kharif,2020,Black Soil,59,30,39,7.52
4871,Maharashtra,Pune,Maize,Kharif,2020,Black Soil,77,31,37,7.9
4872,Maharashtra,Pune,Cotton,Kharif,2020,Black Soil,44,44,33,7.56
4873,Tamil Nadu,Thanjavur,Wheat,Rabi,2020,Red Loam,171,60,40,6.76
4874,Tamil Nadu,Thanjavur,Rice,Kharif,2020,Red Loam,1,11,14,5.25
4875,Tamil Nadu,Thanjavur,Maize,Kharif,2020,Red Loam,52,30,43,6.73
4876,Tamil Nadu,Thanjavur,Cotton,Kharif,2020,Red Loam,23,9,5,4.67
4877,Andhra Pradesh,Kurnool,Wheat,Rabi,2020,Red Soil,119,69,22,6.68
4878,Andhra Pradesh,Kurnool,Rice,Kharif,2020,Red Soil,10,12,2,4.07
4879,Andhra Pradesh,Kurnool,Maize,Kharif,2020,Red Soil,50,35,30,7.48
4880,Andhra Pradesh,Kurnool,Cotton,Kharif,2020,Red Soil,79,27,14,6.94
4881,Punjab,Ludhiana,Wheat,Rabi,2021,Alluvial,128,52,22,7.24
4882,Punjab,Ludhiana,Rice,Kharif,2021,Alluvial,17,8,1,4.89
4883,Punjab,Ludhiana,Maize,Kharif,2021,Alluvial,83,36,17,6.97
4884,Punjab,Ludhiana,Cotton,Kharif,2021,Alluvial,95,33,30,7.78
4885,Punjab,Patiala,Wheat,Rabi,2021,Alluvial,110,40,37,6.94
4886,Punjab,Patiala,Rice,Kharif,2021,Alluvial,133,49,44,7.48
4887,Punjab,Patiala,Maize,Kharif,2021,Alluvial,0,4,6,4.07
4888,Punjab,Patiala,Cotton,Kharif,2021,Alluvial,84,42,36,7.38
4889,Uttar Pradesh,Kanpur,Wheat,Rabi,2021,Alluvial,10,5,12,4.77
4890,Uttar Pradesh,Kanpur,Rice,Kharif,2021,Alluvial,79,75,79,7.12
4891,Uttar Pradesh,Kanpur,Maize,Kharif,2021,Alluvial,102,28,31,6.99
4892,Uttar Pradesh,Kanpur,Cotton,Kharif,2021,Alluvial,34,44,56,7.39
4893,Uttar Pradesh,Varanasi,Wheat,Rabi,2021,Alluvial,135,52,38,6.8
4894,Uttar Pradesh,Varanasi,Rice,Kharif,2021,Alluvial,106,39,45,6.92
4895,Uttar Pradesh,Varanasi,Maize,Kharif,2021,Alluvial,91,63,18,7.27
4896,Uttar Pradesh,Varanasi,Cotton,Kharif,2021,Alluvial,61,35,34,7.01
4897,West Bengal,Hooghly,Wheat,Rabi,2021,Alluvial,123,60,53,7.17
4898,West Bengal,Hooghly,Rice,Kharif,2021,Alluvial,102,41,63,6.3
4899,West Bengal,Hooghly,Maize,Kharif,2021,Alluvial,68,39,15,6.5
4900,West Bengal,Hooghly,Cotton,Kharif,2021,Alluvial,88,43,37,7.21
4901,West Bengal,Bardhaman,Wheat,Rabi,2021,Clay Loam,145,71,43,5.84
4902,West Bengal,Bardhaman,Rice,Kharif,2021,Clay Loam,104,55,55,6.16
4903,West Bengal,Bardhaman,Maize,Kharif,2021,Clay Loam,111,35,29,6.21
4904,West Bengal,Bardhaman,Cotton,Kharif,2021,Clay Loam,106,29,36,6.32
4905,Maharashtra,Nashik,Wheat,Rabi,2021,Black Soil,15,17,11,4.04
4906,Maharashtra,Nashik,Rice,Kharif,2021,Black Soil,77,41,49,7.43
4907,Maharashtra,Nashik,Maize,Kharif,2021,Black Soil,24,9,6,5.14
4908,Maharashtra,Nashik,Cotton,Kharif,2021,Black Soil,76,29,33,7.71
4909,Maharashtra,Pune,Wheat,Rabi,2021,Black Soil,24,3,4,4.26
4910,Maharashtra,Pune,Rice,Kharif,2021,Black Soil,93,43,30,7.52
4911,Maharashtra,Pune,Maize,Kharif,2021,Black Soil,60,31,22,7.26
4912,Maharashtra,Pune,Cotton,Kharif,2021,Black Soil,79,50,38,7.74
4913,Tamil Nadu,Thanjavur,Wheat,Rabi,2021,Red Loam,98,71,36,6.48
4914,Tamil Nadu,Thanjavur,Rice,Kharif,2021,Red Loam,81,40,62,7.0
4915,Tamil Nadu,Thanjavur,Maize,Kharif,2021,Red Loam,5,0,2,4.71
4916,Tamil Nadu,Thanjavur,Cotton,Kharif,2021,Red Loam,83,33,36,7.08
4917,Andhra Pradesh,Kurnool,Wheat,Rabi,2021,Red Soil,121,55,40,7.5
4918,Andhra Pradesh,Kurnool,Rice,Kharif,2021,Red Soil,74,70,50,7.25
4919,Andhra Pradesh,Kurnool,Maize,Kharif,2021,Red Soil,70,46,20,7.74
4920,Andhra Pradesh,Kurnool,Cotton,Kharif,2021,Red Soil,110,20,48,7.01
4921,Punjab,Ludhiana,Wheat,Rabi,2022,Alluvial,102,65,59,6.99
4922,Punjab,Ludhiana,Rice,Kharif,2022,Alluvial,115,43,48,7.29
4923,Punjab,Ludhiana,Maize,Kharif,2022,Alluvial,91,39,34,7.46
4924,Punjab,Ludhiana,Cotton,Kharif,2022,Alluvial,87,50,53,7.04
4925,Punjab,Patiala,Wheat,Rabi,2022,Alluvial,115,50,40,7.77
4926,Punjab,Patiala,Rice,Kharif,2022,Alluvial,42,51,45,7.4
4927,Punjab,Patiala,Maize,Kharif,2022,Alluvial,105,37,42,7.73
4928,Punjab,Patiala,Cotton,Kharif,2022,Alluvial,17,19,14,5.25
4929,Uttar Pradesh,Kanpur,Wheat,Rabi,2022,Alluvial,137,64,25,6.83
4930,Uttar Pradesh,Kanpur,Rice,Kharif,2022,Alluvial,157,54,31,7.55
4931,Uttar Pradesh,Kanpur,Maize,Kharif,2022,Alluvial,18,11,0,4.69
4932,Uttar Pradesh,Kanpur,Cotton,Kharif,2022,Alluvial,46,62,15,7.53
4933,Uttar Pradesh,Varanasi,Wheat,Rabi,2022,Alluvial,98,57,36,7.62
4934,Uttar Pradesh,Varanasi,Rice,Kharif,2022,Alluvial,73,47,61,7.63
4935,Uttar Pradesh,Varanasi,Maize,Kharif,2022,Alluvial,107,10,32,7.39
4936,Uttar Pradesh,Varanasi,Cotton,Kharif,2022,Alluvial,16,6,3,4.76
4937,West Bengal,Hooghly,Wheat,Rabi,2022,Alluvial,107,77,40,6.74
4938,West Bengal,Hooghly,Rice,Kharif,2022,Alluvial,21,5,5,5.38
4939,West Bengal,Hooghly,Maize,Kharif,2022,Alluvial,57,35,26,6.45
4940,West Bengal,Hooghly,Cotton,Kharif,2022,Alluvial,74,30,44,6.52
4941,West Bengal,Bardhaman,Wheat,Rabi,2022,Clay Loam,120,73,47,6.15
4942,West Bengal,Bardhaman,Rice,Kharif,2022,Clay Loam,61,58,39,6.91
4943,West Bengal,Bardhaman,Maize,Kharif,2022,Clay Loam,66,19,34,5.9
4944,West Bengal,Bardhaman,Cotton,Kharif,2022,Clay Loam,57,40,52,6.52
4945,Maharashtra,Nashik,Wheat,Rabi,2022,Black Soil,117,75,37,7.71
4946,Maharashtra,Nashik,Rice,Kharif,2022,Black Soil,111,40,42,7.85
4947,Maharashtra,Nashik,Maize,Kharif,2022,Black Soil,101,45,34,7.92
4948,Maharashtra,Nashik,Cotton,Kharif,2022,Black Soil,89,30,27,7.61
4949,Maharashtra,Pune,Wheat,Rabi,2022,Black Soil,113,51,25,7.57
4950,Maharashtra,Pune,Rice,Kharif,2022,Black Soil,113,62,50,7.55
4951,Maharashtra,Pune,Maize,Kharif,2022,Black Soil,88,35,31,7.82
4952,Maharashtra,Pune,Cotton,Kharif,2022,Black Soil,69,60,34,7.22
4953,Tamil Nadu,Thanjavur,Wheat,Rabi,2022,Red Loam,97,60,0,6.58
4954,Tamil Nadu,Thanjavur,Rice,Kharif,2022,Red Loam,103,63,54,6.79
4955,Tamil Nadu,Thanjavur,Maize,Kharif,2022,Red Loam,25,5,14,5.04
4956,Tamil Nadu,Thanjavur,Cotton,Kharif,2022,Red Loam,85,44,44,6.97
4957,Andhra Pradesh,Kurnool,Wheat,Rabi,2022,Red Soil,100,52,32,7.19
4958,Andhra Pradesh,Kurnool,Rice,Kharif,2022,Red Soil,63,38,60,6.88
4959,Andhra Pradesh,Kurnool,Maize,Kharif,2022,Red Soil,85,27,29,6.93
4960,Andhra Pradesh,Kurnool,Cotton,Kharif,2022,Red Soil,80,32,31,7.34
4961,Punjab,Ludhiana,Wheat,Rabi,2023,Alluvial,116,70,43,7.31
4962,Punjab,Ludhiana,Rice,Kharif,2023,Alluvial,0,1,8,4.42
4963,Punjab,Ludhiana,Maize,Kharif,2023,Alluvial,96,43,15,8.38
4964,Punjab,Ludhiana,Cotton,Kharif,2023,Alluvial,13,16,1,4.41
4965,Punjab,Patiala,Wheat,Rabi,2023,Alluvial,125,71,22,7.62
4966,Punjab,Patiala,Rice,Kharif,2023,Alluvial,73,35,54,7.81
4967,Punjab,Patiala,Maize,Kharif,2023,Alluvial,84,50,25,8.23
4968,Punjab,Patiala,Cotton,Kharif,2023,Alluvial,70,48,37,7.88
4969,Uttar Pradesh,Kanpur,Wheat,Rabi,2023,Alluvial,29,3,13,4.77
4970,Uttar Pradesh,Kanpur,Rice,Kharif,2023,Alluvial,75,56,53,6.73
4971,Uttar Pradesh,Kanpur,Maize,Kharif,2023,Alluvial,7,11,6,4.74
4972,Uttar Pradesh,Kanpur,Cotton,Kharif,2023,Alluvial,73,40,50,7.66
4973,Uttar Pradesh,Varanasi,Wheat,Rabi,2023,Alluvial,135,61,31,7.32
4974,Uttar Pradesh,Varanasi,Rice,Kharif,2023,Alluvial,110,40,40,6.73
4975,Uttar Pradesh,Varanasi,Maize,Kharif,2023,Alluvial,102,46,22,6.81
4976,Uttar Pradesh,Varanasi,Cotton,Kharif,2023,Alluvial,104,26,27,7.4
4977,West Bengal,Hooghly,Wheat,Rabi,2023,Alluvial,110,61,36,6.71
4978,West Bengal,Hooghly,Rice,Kharif,2023,Alluvial,132,61,49,6.15
4979,West Bengal,Hooghly,Maize,Kharif,2023,Alluvial,11,6,6,5.4
4980,West Bengal,Hooghly,Cotton,Kharif,2023,Alluvial,103,36,23,6.64
4981,West Bengal,Bardhaman,Wheat,Rabi,2023,Clay Loam,124,74,39,6.08
4982,West Bengal,Bardhaman,Rice,Kharif,2023,Clay Loam,94,46,41,6.38
4983,West Bengal,Bardhaman,Maize,Kharif,2023,Clay Loam,63,31,21,5.46
4984,West Bengal,Bardhaman,Cotton,Kharif,2023,Clay Loam,70,37,37,6.39
4985,Maharashtra,Nashik,Wheat,Rabi,2023,Black Soil,107,42,44,7.5
4986,Maharashtra,Nashik,Rice,Kharif,2023,Black Soil,75,59,48,7.5
4987,Maharashtra,Nashik,Maize,Kharif,2023,Black Soil,113,53,17,7.86
4988,Maharashtra,Nashik,Cotton,Kharif,2023,Black Soil,76,26,46,7.47
4989,Maharashtra,Pune,Wheat,Rabi,2023,Black Soil,111,57,48,7.57
4990,Maharashtra,Pune,Rice,Kharif,2023,Black Soil,108,43,55,7.26
4991,Maharashtra,Pune,Maize,Kharif,2023,Black Soil,98,39,15,7.7
4992,Maharashtra,Pune,Cotton,Kharif,2023,Black Soil,56,34,46,6.97
4993,Tamil Nadu,Thanjavur,Wheat,Rabi,2023,Red Loam,150,56,42,6.69
4994,Tamil Nadu,Thanjavur,Rice,Kharif,2023,Red Loam,26,18,9,5.21
4995,Tamil Nadu,Thanjavur,Maize,Kharif,2023,Red Loam,85,40,27,6.33
4996,Tamil Nadu,Thanjavur,Cotton,Kharif,2023,Red Loam,110,33,35,7.09
4997,Andhra Pradesh,Kurnool,Wheat,Rabi,2023,Red Soil,113,40,17,7.45
4998,Andhra Pradesh,Kurnool,Rice,Kharif,2023,Red Soil,144,43,48,7.06
4999,Andhra Pradesh,Kurnool,Maize,Kharif,2023,Red Soil,87,52,14,7.11
5000,Andhra Pradesh,Kurnool,Cotton,Kharif,2023,Red Soil,77,54,30,6.56
5001,Punjab,Ludhiana,Wheat,Rabi,2019,Alluvial,123,62,37,7.77
5002,Punjab,Ludhiana,Rice,Kharif,2019,Alluvial,103,52,57,7.78
5003,Punjab,Ludhiana,Maize,Kharif,2019,Alluvial,112,33,31,7.38
5004,Punjab,Ludhiana,Cotton,Kharif,2019,Alluvial,81,39,38,7.49
5005,Punjab,Patiala,Wheat,Rabi,2019,Alluvial,129,53,54,7.24
5006,Punjab,Patiala,Rice,Kharif,2019,Alluvial,98,35,51,7.37
5007,Punjab,Patiala,Maize,Kharif,2019,Alluvial,110,59,21,7.73
5008,Punjab,Patiala,Cotton,Kharif,2019,Alluvial,72,46,45,8.04
5009,Uttar Pradesh,Kanpur,Wheat,Rabi,2019,Alluvial,167,57,12,7.25
5010,Uttar Pradesh,Kanpur,Rice,Kharif,2019,Alluvial,118,40,44,7.41
5011,Uttar Pradesh,Kanpur,Maize,Kharif,2019,Alluvial,71,44,53,6.96
5012,Uttar Pradesh,Kanpur,Cotton,Kharif,2019,Alluvial,11,11,9,4.87
5013,Uttar Pradesh,Varanasi,Wheat,Rabi,2019,Alluvial,130,75,25,7.3
5014,Uttar Pradesh,Varanasi,Rice,Kharif,2019,Alluvial,121,40,48,6.83
5015,Uttar Pradesh,Varanasi,Maize,Kharif,2019,Alluvial,98,23,39,6.94
5016,Uttar Pradesh,Varanasi,Cotton,Kharif,2019,Alluvial,64,39,42,6.49
5017,West Bengal,Hooghly,Wheat,Rabi,2019,Alluvial,140,63,37,6.59
5018,West Bengal,Hooghly,Rice,Kharif,2019,Alluvial,92,74,52,6.69
5019,West Bengal,Hooghly,Maize,Kharif,2019,Alluvial,92,52,29,6.14
5020,West Bengal,Hooghly,Cotton,Kharif,2019,Alluvial,2,7,2,4.72
5021,West Bengal,Bardhaman,Wheat,Rabi,2019,Clay Loam,112,54,47,6.16
5022,West Bengal,Bardhaman,Rice,Kharif,2019,Clay Loam,82,45,59,6.23
5023,West Bengal,Bardhaman,Maize,Kharif,2019,Clay Loam,93,43,44,6.05
5024,West Bengal,Bardhaman,Cotton,Kharif,2019,Clay Loam,5,10,14,4.87
5025,Maharashtra,Nashik,Wheat,Rabi,2019,Black Soil,128,77,44,7.75
5026,Maharashtra,Nashik,Rice,Kharif,2019,Black Soil,118,53,48,7.88
5027,Maharashtra,Nashik,Maize,Kharif,2019,Black Soil,111,43,34,7.77
5028,Maharashtra,Nashik,Cotton,Kharif,2019,Black Soil,93,37,51,7.72
5029,Maharashtra,Pune,Wheat,Rabi,2019,Black Soil,125,72,30,7.3
5030,Maharashtra,Pune,Rice,Kharif,2019,Black Soil,107,51,46,7.24
5031,Maharashtra,Pune,Maize,Kharif,2019,Black Soil,115,33,26,7.18
5032,Maharashtra,Pune,Cotton,Kharif,2019,Black Soil,83,24,28,7.42
5033,Tamil Nadu,Thanjavur,Wheat,Rabi,2019,Red Loam,0,18,11,5.03
5034,Tamil Nadu,Thanjavur,Rice,Kharif,2019,Red Loam,83,63,36,7.14
5035,Tamil Nadu,Thanjavur,Maize,Kharif,2019,Red Loam,84,36,23,6.79
5036,Tamil Nadu,Thanjavur,Cotton,Kharif,2019,Red Loam,54,44,30,6.92
5037,Andhra Pradesh,Kurnool,Wheat,Rabi,2019,Red Soil,108,75,34,6.95
5038,Andhra Pradesh,Kurnool,Rice,Kharif,2019,Red Soil,59,56,46,7.15
5039,Andhra Pradesh,Kurnool,Maize,Kharif,2019,Red Soil,8,4,11,4.79
5040,Andhra Pradesh,Kurnool,Cotton,Kharif,2019,Red Soil,55,27,64,7.27
5041,Punjab,Ludhiana,Wheat,Rabi,2020,Alluvial,24,14,3,4.67
5042,Punjab,Ludhiana,Rice,Kharif,2020,Alluvial,103,59,69,7.76
5043,Punjab,Ludhiana,Maize,Kharif,2020,Alluvial,69,44,27,7.61
5044,Punjab,Ludhiana,Cotton,Kharif,2020,Alluvial,84,49,48,7.38
5045,Punjab,Patiala,Wheat,Rabi,2020,Alluvial,137,53,36,7.68
5046,Punjab,Patiala,Rice,Kharif,2020,Alluvial,130,62,59,7.84
5047,Punjab,Patiala,Maize,Kharif,2020,Alluvial,138,34,45,7.71
5048,Punjab,Patiala,Cotton,Kharif,2020,Alluvial,60,39,51,7.85
5049,Uttar Pradesh,Kanpur,Wheat,Rabi,2020,Alluvial,142,39,60,6.81
5050,Uttar Pradesh,Kanpur,Rice,Kharif,2020,Alluvial,117,55,58,7.6
5051,Uttar Pradesh,Kanpur,Maize,Kharif,2020,Alluvial,90,31,42,7.21
5052,Uttar Pradesh,Kanpur,Cotton,Kharif,2020,Alluvial,64,39,36,6.79
5053,Uttar Pradesh,Varanasi,Wheat,Rabi,2020,Alluvial,26,13,9,4.91
5054,Uttar Pradesh,Varanasi,Rice,Kharif,2020,Alluvial,114,38,64,7.51
5055,Uttar Pradesh,Varanasi,Maize,Kharif,2020,Alluvial,12,12,1,4.66
5056,Uttar Pradesh,Varanasi,Cotton,Kharif,2020,Alluvial,98,37,41,7.34
5057,West Bengal,Hooghly,Wheat,Rabi,2020,Alluvial,131,46,57,6.95
5058,West Bengal,Hooghly,Rice,Kharif,2020,Alluvial,85,34,57,6.61
5059,West Bengal,Hooghly,Maize,Kharif,2020,Alluvial,67,47,38,6.43
5060,West Bengal,Hooghly,Cotton,Kharif,2020,Alluvial,103,47,43,6.5
5061,West Bengal,Bardhaman,Wheat,Rabi,2020,Clay Loam,78,57,26,6.4
5062,West Bengal,Bardhaman,Rice,Kharif,2020,Clay Loam,116,59,67,6.4
5063,West Bengal,Bardhaman,Maize,Kharif,2020,Clay Loam,93,41,26,6.04
5064,West Bengal,Bardhaman,Cotton,Kharif,2020,Clay Loam,75,31,35,6.74
5065,Maharashtra,Nashik,Wheat,Rabi,2020,Black Soil,101,62,36,8.23
5066,Maharashtra,Nashik,Rice,Kharif,2020,Black Soil,104,39,57,7.14
5067,Maharashtra,Nashik,Maize,Kharif,2020,Black Soil,103,35,26,8.19
5068,Maharashtra,Nashik,Cotton,Kharif,2020,Black Soil,67,31,41,8.06
5069,Maharashtra,Pune,Wheat,Rabi,2020,Black Soil,115,51,23,7.85
5070,Maharashtra,Pune,Rice,Kharif,2020,Black Soil,93,33,53,7.45
5071,Maharashtra,Pune,Maize,Kharif,2020,Black Soil,74,40,19,7.24
5072,Maharashtra,Pune,Cotton,Kharif,2020,Black Soil,77,64,52,7.81
5073,Tamil Nadu,Thanjavur,Wheat,Rabi,2020,Red Loam,142,69,45,6.99
5074,Tamil Nadu,Thanjavur,Rice,Kharif,2020,Red Loam,108,55,70,6.89
5075,Tamil Nadu,Thanjavur,Maize,Kharif,2020,Red Loam,76,36,26,6.41
5076,Tamil Nadu,Thanjavur,Cotton,Kharif,2020,Red Loam,90,47,41,6.97
5077,Andhra Pradesh,Kurnool,Wheat,Rabi,2020,Red Soil,162,62,42,7.09
5078,Andhra Pradesh,Kurnool,Rice,Kharif,2020,Red Soil,82,62,45,6.46
5079,Andhra Pradesh,Kurnool,Maize,Kharif,2020,Red Soil,114,56,23,7.22
5080,Andhra Pradesh,Kurnool,Cotton,Kharif,2020,Red Soil,8,17,12,4.1
5081,Punjab,Ludhiana,Wheat,Rabi,2021,Alluvial,7,13,5,4.91
5082,Punjab,Ludhiana,Rice,Kharif,2021,Alluvial,96,36,44,7.53
5083,Punjab,Ludhiana,Maize,Kharif,2021,Alluvial,76,32,22,7.29
5084,Punjab,Ludhiana,Cotton,Kharif,2021,Alluvial,14,16,0,4.81
5085,Punjab,Patiala,Wheat,Rabi,2021,Alluvial,97,54,44,7.88
5086,Punjab,Patiala,Rice,Kharif,2021,Alluvial,104,49,61,8.04
5087,Punjab,Patiala,Maize,Kharif,2021,Alluvial,85,63,0,8.15
5088,Punjab,Patiala,Cotton,Kharif,2021,Alluvial,100,23,29,7.55
5089,Uttar Pradesh,Kanpur,Wheat,Rabi,2021,Alluvial,122,59,50,6.97
5090,Uttar Pradesh,Kanpur,Rice,Kharif,2021,Alluvial,127,60,60,7.13
5091,Uttar Pradesh,Kanpur,Maize,Kharif,2021,Alluvial,29,10,5,5.07
5092,Uttar Pradesh,Kanpur,Cotton,Kharif,2021,Alluvial,18,9,4,5.24
5093,Uttar Pradesh,Varanasi,Wheat,Rabi,2021,Alluvial,129,73,5,6.87
5094,Uttar Pradesh,Varanasi,Rice,Kharif,2021,Alluvial,44,61,50,6.64
5095,Uttar Pradesh,Varanasi,Maize,Kharif,2021,Alluvial,71,42,37,6.99
5096,Uttar Pradesh,Varanasi,Cotton,Kharif,2021,Alluvial,3,12,3,4.88
5097,West Bengal,Hooghly,Wheat,Rabi,2021,Alluvial,128,52,41,7.08
5098,West Bengal,Hooghly,Rice,Kharif,2021,Alluvial,109,64,55,6.48
5099,West Bengal,Hooghly,Maize,Kharif,2021,Alluvial,71,29,23,6.63
5100,West Bengal,Hooghly,Cotton,Kharif,2021,Alluvial,66,21,47,6.92
5101,West Bengal,Bardhaman,Wheat,Rabi,2021,Clay Loam,156,57,46,6.75
5102,West Bengal,Bardhaman,Rice,Kharif,2021,Clay Loam,26,12,6,4.5
5103,West Bengal,Bardhaman,Maize,Kharif,2021,Clay Loam,85,45,24,6.2
5104,West Bengal,Bardhaman,Cotton,Kharif,2021,Clay Loam,11,11,5,4.72
5105,Maharashtra,Nashik,Wheat,Rabi,2021,Black Soil,15,3,13,5.25
5106,Maharashtra,Nashik,Rice,Kharif,2021,Black Soil,78,47,44,8.15
5107,Maharashtra,Nashik,Maize,Kharif,2021,Black Soil,79,31,5,7.76
5108,Maharashtra,Nashik,Cotton,Kharif,2021,Black Soil,8,12,5,5.06
5109,Maharashtra,Pune,Wheat,Rabi,2021,Black Soil,103,71,32,7.93
5110,Maharashtra,Pune,Rice,Kharif,2021,Black Soil,68,39,37,7.58
5111,Maharashtra,Pune,Maize,Kharif,2021,Black Soil,22,6,3,5.17
5112,Maharashtra,Pune,Cotton,Kharif,2021,Black Soil,122,43,27,7.2
5113,Tamil Nadu,Thanjavur,Wheat,Rabi,2021,Red Loam,161,53,17,6.47
5114,Tamil Nadu,Thanjavur,Rice,Kharif,2021,Red Loam,94,48,53,7.27
5115,Tamil Nadu,Thanjavur,Maize,Kharif,2021,Red Loam,122,43,31,6.77
5116,Tamil Nadu,Thanjavur,Cotton,Kharif,2021,Red Loam,77,40,26,6.64
5117,Andhra Pradesh,Kurnool,Wheat,Rabi,2021,Red Soil,146,62,50,7.09
5118,Andhra Pradesh,Kurnool,Rice,Kharif,2021,Red Soil,117,48,55,6.73
5119,Andhra Pradesh,Kurnool,Maize,Kharif,2021,Red Soil,115,31,23,6.82
5120,Andhra Pradesh,Kurnool,Cotton,Kharif,2021,Red Soil,72,25,40,7.35
5121,Punjab,Ludhiana,Wheat,Rabi,2022,Alluvial,8,5,9,4.98
5122,Punjab,Ludhiana,Rice,Kharif,2022,Alluvial,80,47,35,7.78
5123,Punjab,Ludhiana,Maize,Kharif,2022,Alluvial,108,42,31,7.64
5124,Punjab,Ludhiana,Cotton,Kharif,2022,Alluvial,103,42,61,7.72
5125,Punjab,Patiala,Wheat,Rabi,2022,Alluvial,111,49,35,7.11
5126,Punjab,Patiala,Rice,Kharif,2022,Alluvial,90,54,61,7.98
5127,Punjab,Patiala,Maize,Kharif,2022,Alluvial,88,24,25,7.37
5128,Punjab,Patiala,Cotton,Kharif,2022,Alluvial,99,35,28,7.95
5129,Uttar Pradesh,Kanpur,Wheat,Rabi,2022,Alluvial,125,78,26,7.2
5130,Uttar Pradesh,Kanpur,Rice,Kharif,2022,Alluvial,79,47,65,7.14
5131,Uttar Pradesh,Kanpur,Maize,Kharif,2022,Alluvial,70,46,32,7.14
5132,Uttar Pradesh,Kanpur,Cotton,Kharif,2022,Alluvial,74,50,40,6.85
5133,Uttar Pradesh,Varanasi,Wheat,Rabi,2022,Alluvial,105,58,28,7.45
5134,Uttar Pradesh,Varanasi,Rice,Kharif,2022,Alluvial,78,37,55,6.87
5135,Uttar Pradesh,Varanasi,Maize,Kharif,2022,Alluvial,81,42,29,7.29
5136,Uttar Pradesh,Varanasi,Cotton,Kharif,2022,Alluvial,96,32,25,6.77
5137,West Bengal,Hooghly,Wheat,Rabi,2022,Alluvial,112,64,35,6.82
5138,West Bengal,Hooghly,Rice,Kharif,2022,Alluvial,92,25,64,6.9
5139,West Bengal,Hooghly,Maize,Kharif,2022,Alluvial,75,26,31,6.53
5140,West Bengal,Hooghly,Cotton,Kharif,2022,Alluvial,98,49,42,6.93
5141,West Bengal,Bardhaman,Wheat,Rabi,2022,Clay Loam,143,60,40,5.95
5142,West Bengal,Bardhaman,Rice,Kharif,2022,Clay Loam,122,45,52,6.59
5143,West Bengal,Bardhaman,Maize,Kharif,2022,Clay Loam,91,30,37,6.29
5144,West Bengal,Bardhaman,Cotton,Kharif,2022,Clay Loam,114,46,41,6.11
5145,Maharashtra,Nashik,Wheat,Rabi,2022,Black Soil,121,58,46,7.62
5146,Maharashtra,Nashik,Rice,Kharif,2022,Black Soil,70,67,47,8.01
5147,Maharashtra,Nashik,Maize,Kharif,2022,Black Soil,114,41,45,7.84
5148,Maharashtra,Nashik,Cotton,Kharif,2022,Black Soil,5,2,0,4.99
5149,Maharashtra,Pune,Wheat,Rabi,2022,Black Soil,96,32,38,7.39
5150,Maharashtra,Pune,Rice,Kharif,2022,Black Soil,69,33,25,7.4
5151,Maharashtra,Pune,Maize,Kharif,2022,Black Soil,125,44,35,7.17
5152,Maharashtra,Pune,Cotton,Kharif,2022,Black Soil,84,30,47,7.12
5153,Tamil Nadu,Thanjavur,Wheat,Rabi,2022,Red Loam,135,68,43,6.43
5154,Tamil Nadu,Thanjavur,Rice,Kharif,2022,Red Loam,93,51,46,6.27
5155,Tamil Nadu,Thanjavur,Maize,Kharif,2022,Red Loam,53,47,36,6.78
5156,Tamil Nadu,Thanjavur,Cotton,Kharif,2022,Red Loam,56,14,36,6.96
5157,Andhra Pradesh,Kurnool,Wheat,Rabi,2022,Red Soil,105,50,23,6.67
5158,Andhra Pradesh,Kurnool,Rice,Kharif,2022,Red Soil,126,44,54,7.33
5159,Andhra Pradesh,Kurnool,Maize,Kharif,2022,Red Soil,82,39,26,6.83
5160,Andhra Pradesh,Kurnool,Cotton,Kharif,2022,Red Soil,86,40,39,6.89
5161,Punjab,Ludhiana,Wheat,Rabi,2023,Alluvial,122,39,29,7.92
5162,Punjab,Ludhiana,Rice,Kharif,2023,Alluvial,128,52,46,6.95
5163,Punjab,Ludhiana,Maize,Kharif,2023,Alluvial,99,48,14,7.3
5164,Punjab,Ludhiana,Cotton,Kharif,2023,Alluvial,69,24,36,7.17
5165,Punjab,Patiala,Wheat,Rabi,2023,Alluvial,139,57,42,7.41
5166,Punjab,Patiala,Rice,Kharif,2023,Alluvial,93,34,50,8.07
5167,Punjab,Patiala,Maize,Kharif,2023,Alluvial,102,37,29,7.26
5168,Punjab,Patiala,Cotton,Kharif,2023,Alluvial,25,11,2,5.3
5169,Uttar Pradesh,Kanpur,Wheat,Rabi,2023,Alluvial,124,62,37,7.47
5170,Uttar Pradesh,Kanpur,Rice,Kharif,2023,Alluvial,83,48,29,7.4
5171,Uttar Pradesh,Kanpur,Maize,Kharif,2023,Alluvial,116,33,40,7.27
5172,Uttar Pradesh,Kanpur,Cotton,Kharif,2023,Alluvial,83,31,60,7.17
5173,Uttar Pradesh,Varanasi,Wheat,Rabi,2023,Alluvial,114,59,31,6.84
5174,Uttar Pradesh,Varanasi,Rice,Kharif,2023,Alluvial,111,45,36,6.97
5175,Uttar Pradesh,Varanasi,Maize,Kharif,2023,Alluvial,94,51,23,6.89
5176,Uttar Pradesh,Varanasi,Cotton,Kharif,2023,Alluvial,91,39,31,6.77
5177,West Bengal,Hooghly,Wheat,Rabi,2023,Alluvial,112,56,46,6.5
5178,West Bengal,Hooghly,Rice,Kharif,2023,Alluvial,140,58,57,6.25
5179,West Bengal,Hooghly,Maize,Kharif,2023,Alluvial,72,39,21,6.71
5180,West Bengal,Hooghly,Cotton,Kharif,2023,Alluvial,64,52,47,6.69
5181,West Bengal,Bardhaman,Wheat,Rabi,2023,Clay Loam,0,2,0,4.49
5182,West Bengal,Bardhaman,Rice,Kharif,2023,Clay Loam,84,43,59,6.19
5183,West Bengal,Bardhaman,Maize,Kharif,2023,Clay Loam,87,30,27,6.42
5184,West Bengal,Bardhaman,Cotton,Kharif,2023,Clay Loam,90,20,34,6.21
5185,Maharashtra,Nashik,Wheat,Rabi,2023,Black Soil,93,54,56,8.03
5186,Maharashtra,Nashik,Rice,Kharif,2023,Black Soil,94,51,56,7.5
5187,Maharashtra,Nashik,Maize,Kharif,2023,Black Soil,80,28,32,7.7
5188,Maharashtra,Nashik,Cotton,Kharif,2023,Black Soil,47,20,33,7.9
5189,Maharashtra,Pune,Wheat,Rabi,2023,Black Soil,122,39,49,7.25
5190,Maharashtra,Pune,Rice,Kharif,2023,Black Soil,87,49,44,7.75
5191,Maharashtra,Pune,Maize,Kharif,2023,Black Soil,86,53,50,7.94
5192,Maharashtra,Pune,Cotton,Kharif,2023,Black Soil,79,26,33,7.49
5193,Tamil Nadu,Thanjavur,Wheat,Rabi,2023,Red Loam,101,71,38,6.93
5194,Tamil Nadu,Thanjavur,Rice,Kharif,2023,Red Loam,98,36,56,6.88
5195,Tamil Nadu,Thanjavur,Maize,Kharif,2023,Red Loam,67,46,14,7.08
5196,Tamil Nadu,Thanjavur,Cotton,Kharif,2023,Red Loam,88,29,47,7.2
5197,Andhra Pradesh,Kurnool,Wheat,Rabi,2023,Red Soil,102,45,27,7.22
5198,Andhra Pradesh,Kurnool,Rice,Kharif,2023,Red Soil,84,50,51,7.66
5199,Andhra Pradesh,Kurnool,Maize,Kharif,2023,Red Soil,127,29,53,6.88
5200,Andhra Pradesh,Kurnool,Cotton,Kharif,2023,Red Soil,27,44,46,7.33
5201,Punjab,Ludhiana,Wheat,Rabi,2019,Alluvial,90,70,55,7.55
5202,Punjab,Ludhiana,Rice,Kharif,2019,Alluvial,130,33,52,6.97
5203,Punjab,Ludhiana,Maize,Kharif,2019,Alluvial,81,47,37,7.19
5204,Punjab,Ludhiana,Cotton,Kharif,2019,Alluvial,8,9,7,4.87
5205,Punjab,Patiala,Wheat,Rabi,2019,Alluvial,122,54,54,8.14
5206,Punjab,Patiala,Rice,Kharif,2019,Alluvial,122,37,64,7.52
5207,Punjab,Patiala,Maize,Kharif,2019,Alluvial,75,55,29,7.54
5208,Punjab,Patiala,Cotton,Kharif,2019,Alluvial,67,30,42,7.98
5209,Uttar Pradesh,Kanpur,Wheat,Rabi,2019,Alluvial,142,56,35,6.95
5210,Uttar Pradesh,Kanpur,Rice,Kharif,2019,Alluvial,80,48,36,7.16
5211,Uttar Pradesh,Kanpur,Maize,Kharif,2019,Alluvial,121,31,18,7.09
5212,Uttar Pradesh,Kanpur,Cotton,Kharif,2019,Alluvial,81,52,21,7.27
5213,Uttar Pradesh,Varanasi,Wheat,Rabi,2019,Alluvial,80,41,51,7.41
5214,Uttar Pradesh,Varanasi,Rice,Kharif,2019,Alluvial,113,42,69,6.74
5215,Uttar Pradesh,Varanasi,Maize,Kharif,2019,Alluvial,145,62,21,6.92
5216,Uttar Pradesh,Varanasi,Cotton,Kharif,2019,Alluvial,96,38,25,7.25
5217,West Bengal,Hooghly,Wheat,Rabi,2019,Alluvial,92,69,49,6.54
5218,West Bengal,Hooghly,Rice,Kharif,2019,Alluvial,109,56,52,6.78
5219,West Bengal,Hooghly,Maize,Kharif,2019,Alluvial,93,45,33,6.83
5220,West Bengal,Hooghly,Cotton,Kharif,2019,Alluvial,74,28,33,6.4
5221,West Bengal,Bardhaman,Wheat,Rabi,2019,Clay Loam,120,56,49,6.18
5222,West Bengal,Bardhaman,Rice,Kharif,2019,Clay Loam,26,1,0,4.0
5223,West Bengal,Bardhaman,Maize,Kharif,2019,Clay Loam,98,48,39,6.21
5224,West Bengal,Bardhaman,Cotton,Kharif,2019,Clay Loam,18,7,9,4.3
5225,Maharashtra,Nashik,Wheat,Rabi,2019,Black Soil,111,57,24,8.34
5226,Maharashtra,Nashik,Rice,Kharif,2019,Black Soil,20,9,12,4.21
5227,Maharashtra,Nashik,Maize,Kharif,2019,Black Soil,99,33,27,7.97
5228,Maharashtra,Nashik,Cotton,Kharif,2019,Black Soil,13,16,10,5.46
5229,Maharashtra,Pune,Wheat,Rabi,2019,Black Soil,7,4,6,4.21
5230,Maharashtra,Pune,Rice,Kharif,2019,Black Soil,108,59,58,7.62
5231,Maharashtra,Pune,Maize,Kharif,2019,Black Soil,112,39,15,7.6
5232,Maharashtra,Pune,Cotton,Kharif,2019,Black Soil,59,35,39,6.98
5233,Tamil Nadu,Thanjavur,Wheat,Rabi,2019,Red Loam,105,66,49,6.9
5234,Tamil Nadu,Thanjavur,Rice,Kharif,2019,Red Loam,97,64,46,6.28
5235,Tamil Nadu,Thanjavur,Maize,Kharif,2019,Red Loam,74,51,29,7.19
5236,Tamil Nadu,Thanjavur,Cotton,Kharif,2019,Red Loam,68,51,49,6.83
5237,Andhra Pradesh,Kurnool,Wheat,Rabi,2019,Red Soil,118,59,29,6.86
5238,Andhra Pradesh,Kurnool,Rice,Kharif,2019,Red Soil,85,45,55,6.8
5239,Andhra Pradesh,Kurnool,Maize,Kharif,2019,Red Soil,64,45,37,6.8
5240,Andhra Pradesh,Kurnool,Cotton,Kharif,2019,Red Soil,79,17,27,6.96
5241,Punjab,Ludhiana,Wheat,Rabi,2020,Alluvial,93,55,44,7.03
5242,Punjab,Ludhiana,Rice,Kharif,2020,Alluvial,114,67,42,6.81
5243,Punjab,Ludhiana,Maize,Kharif,2020,Alluvial,105,29,35,7.45
5244,Punjab,Ludhiana,Cotton,Kharif,2020,Alluvial,82,31,36,7.82
5245,Punjab,Patiala,Wheat,Rabi,2020,Alluvial,24,12,10,5.47
5246,Punjab,Patiala,Rice,Kharif,2020,Alluvial,68,57,46,7.33
5247,Punjab,Patiala,Maize,Kharif,2020,Alluvial,84,27,25,7.24
5248,Punjab,Patiala,Cotton,Kharif,2020,Alluvial,106,32,14,7.92
5249,Uttar Pradesh,Kanpur,Wheat,Rabi,2020,Alluvial,116,42,25,7.12
5250,Uttar Pradesh,Kanpur,Rice,Kharif,2020,Alluvial,80,52,58,7.27
5251,Uttar Pradesh,Kanpur,Maize,Kharif,2020,Alluvial,26,0,12,4.04
5252,Uttar Pradesh,Kanpur,Cotton,Kharif,2020,Alluvial,81,54,54,7.41
5253,Uttar Pradesh,Varanasi,Wheat,Rabi,2020,Alluvial,17,7,12,5.12
5254,Uttar Pradesh,Varanasi,Rice,Kharif,2020,Alluvial,104,43,40,7.15
5255,Uttar Pradesh,Varanasi,Maize,Kharif,2020,Alluvial,12,17,5,4.64
5256,Uttar Pradesh,Varanasi,Cotton,Kharif,2020,Alluvial,69,59,47,6.62
5257,West Bengal,Hooghly,Wheat,Rabi,2020,Alluvial,97,63,37,6.18
5258,West Bengal,Hooghly,Rice,Kharif,2020,Alluvial,91,57,53,6.28
5259,West Bengal,Hooghly,Maize,Kharif,2020,Alluvial,116,39,24,6.43
5260,West Bengal,Hooghly,Cotton,Kharif,2020,Alluvial,71,37,28,6.56
5261,West Bengal,Bardhaman,Wheat,Rabi,2020,Clay Loam,26,5,5,4.49
5262,West Bengal,Bardhaman,Rice,Kharif,2020,Clay Loam,95,56,56,6.68
5263,West Bengal,Bardhaman,Maize,Kharif,2020,Clay Loam,70,44,40,6.28
5264,West Bengal,Bardhaman,Cotton,Kharif,2020,Clay Loam,78,41,52,6.52
5265,Maharashtra,Nashik,Wheat,Rabi,2020,Black Soil,78,59,44,7.89
5266,Maharashtra,Nashik,Rice,Kharif,2020,Black Soil,69,48,52,7.8
5267,Maharashtra,Nashik,Maize,Kharif,2020,Black Soil,106,35,38,7.96
5268,Maharashtra,Nashik,Cotton,Kharif,2020,Black Soil,84,28,42,8.32
5269,Maharashtra,Pune,Wheat,Rabi,2020,Black Soil,98,50,44,7.75
5270,Maharashtra,Pune,Rice,Kharif,2020,Black Soil,44,36,46,7.18
5271,Maharashtra,Pune,Maize,Kharif,2020,Black Soil,100,44,42,7.82
5272,Maharashtra,Pune,Cotton,Kharif,2020,Black Soil,55,38,34,7.85
5273,Tamil Nadu,Thanjavur,Wheat,Rabi,2020,Red Loam,116,70,51,6.94
5274,Tamil Nadu,Thanjavur,Rice,Kharif,2020,Red Loam,63,50,36,7.38
5275,Tamil Nadu,Thanjavur,Maize,Kharif,2020,Red Loam,88,55,32,7.06
5276,Tamil Nadu,Thanjavur,Cotton,Kharif,2020,Red Loam,70,37,54,6.63
5277,Andhra Pradesh,Kurnool,Wheat,Rabi,2020,Red Soil,107,61,35,7.24
5278,Andhra Pradesh,Kurnool,Rice,Kharif,2020,Red Soil,79,55,45,6.92
5279,Andhra Pradesh,Kurnool,Maize,Kharif,2020,Red Soil,55,30,46,7.7
5280,Andhra Pradesh,Kurnool,Cotton,Kharif,2020,Red Soil,95,46,25,7.65
5281,Punjab,Ludhiana,Wheat,Rabi,2021,Alluvial,99,63,33,7.39
5282,Punjab,Ludhiana,Rice,Kharif,2021,Alluvial,71,53,51,7.44
5283,Punjab,Ludhiana,Maize,Kharif,2021,Alluvial,75,43,26,7.12
5284,Punjab,Ludhiana,Cotton,Kharif,2021,Alluvial,91,52,37,7.53
5285,Punjab,Patiala,Wheat,Rabi,2021,Alluvial,94,56,47,7.95
5286,Punjab,Patiala,Rice,Kharif,2021,Alluvial,120,44,49,7.85
5287,Punjab,Patiala,Maize,Kharif,2021,Alluvial,72,57,47,7.26
5288,Punjab,Patiala,Cotton,Kharif,2021,Alluvial,21,10,3,4.74
5289,Uttar Pradesh,Kanpur,Wheat,Rabi,2021,Alluvial,115,78,21,7.47
5290,Uttar Pradesh,Kanpur,Rice,Kharif,2021,Alluvial,126,49,57,7.16
5291,Uttar Pradesh,Kanpur,Maize,Kharif,2021,Alluvial,89,23,17,6.92
5292,Uttar Pradesh,Kanpur,Cotton,Kharif,2021,Alluvial,108,36,37,7.37
5293,Uttar Pradesh,Varanasi,Wheat,Rabi,2021,Alluvial,118,63,38,6.78
5294,Uttar Pradesh,Varanasi,Rice,Kharif,2021,Alluvial,100,44,70,7.28
5295,Uttar Pradesh,Varanasi,Maize,Kharif,2021,Alluvial,110,18,34,7.12
5296,Uttar Pradesh,Varanasi,Cotton,Kharif,2021,Alluvial,82,49,56,7.2
5297,West Bengal,Hooghly,Wheat,Rabi,2021,Alluvial,116,52,32,5.9
5298,West Bengal,Hooghly,Rice,Kharif,2021,Alluvial,97,47,42,6.59
5299,West Bengal,Hooghly,Maize,Kharif,2021,Alluvial,80,46,19,6.52
5300,West Bengal,Hooghly,Cotton,Kharif,2021,Alluvial,52,35,48,6.37
5301,West Bengal,Bardhaman,Wheat,Rabi,2021,Clay Loam,128,67,47,6.1
5302,West Bengal,Bardhaman,Rice,Kharif,2021,Clay Loam,90,50,34,5.9
5303,West Bengal,Bardhaman,Maize,Kharif,2021,Clay Loam,89,47,22,6.48
5304,West Bengal,Bardhaman,Cotton,Kharif,2021,Clay Loam,51,56,52,6.21
5305,Maharashtra,Nashik,Wheat,Rabi,2021,Black Soil,123,55,34,7.6
5306,Maharashtra,Nashik,Rice,Kharif,2021,Black Soil,3,17,12,5.26
5307,Maharashtra,Nashik,Maize,Kharif,2021,Black Soil,70,28,32,7.71
5308,Maharashtra,Nashik,Cotton,Kharif,2021,Black Soil,0,15,8,5.08
5309,Maharashtra,Pune,Wheat,Rabi,2021,Black Soil,135,59,39,7.68
5310,Maharashtra,Pune,Rice,Kharif,2021,Black Soil,26,8,6,4.19
5311,Maharashtra,Pune,Maize,Kharif,2021,Black Soil,90,41,35,7.64
5312,Maharashtra,Pune,Cotton,Kharif,2021,Black Soil,71,58,40,8.03
5313,Tamil Nadu,Thanjavur,Wheat,Rabi,2021,Red Loam,119,55,41,6.18
5314,Tamil Nadu,Thanjavur,Rice,Kharif,2021,Red Loam,122,60,54,6.82
5315,Tamil Nadu,Thanjavur,Maize,Kharif,2021,Red Loam,105,54,18,6.48
5316,Tamil Nadu,Thanjavur,Cotton,Kharif,2021,Red Loam,106,48,32,7.22
5317,Andhra Pradesh,Kurnool,Wheat,Rabi,2021,Red Soil,122,71,39,7.12
5318,Andhra Pradesh,Kurnool,Rice,Kharif,2021,Red Soil,98,20,42,7.38
5319,Andhra Pradesh,Kurnool,Maize,Kharif,2021,Red Soil,59,42,36,7.27
5320,Andhra Pradesh,Kurnool,Cotton,Kharif,2021,Red Soil,92,33,45,7.22
5321,Punjab,Ludhiana,Wheat,Rabi,2022,Alluvial,87,70,38,7.5
5322,Punjab,Ludhiana,Rice,Kharif,2022,Alluvial,141,62,41,7.55
5323,Punjab,Ludhiana,Maize,Kharif,2022,Alluvial,70,36,14,7.35
5324,Punjab,Ludhiana,Cotton,Kharif,2022,Alluvial,69,37,42,6.95
5325,Punjab,Patiala,Wheat,Rabi,2022,Alluvial,101,84,38,7.61
5326,Punjab,Patiala,Rice,Kharif,2022,Alluvial,102,53,46,7.68
5327,Punjab,Patiala,Maize,Kharif,2022,Alluvial,109,47,14,7.64
5328,Punjab,Patiala,Cotton,Kharif,2022,Alluvial,74,49,21,7.47
5329,Uttar Pradesh,Kanpur,Wheat,Rabi,2022,Alluvial,106,52,53,6.82
5330,Uttar Pradesh,Kanpur,Rice,Kharif,2022,Alluvial,2,11,14,5.26
5331,Uttar Pradesh,Kanpur,Maize,Kharif,2022,Alluvial,116,39,20,7.24
5332,Uttar Pradesh,Kanpur,Cotton,Kharif,2022,Alluvial,78,49,51,7.21
5333,Uttar Pradesh,Varanasi,Wheat,Rabi,2022,Alluvial,103,45,37,7.44
5334,Uttar Pradesh,Varanasi,Rice,Kharif,2022,Alluvial,114,38,61,6.36
5335,Uttar Pradesh,Varanasi,Maize,Kharif,2022,Alluvial,62,36,42,6.73
5336,Uttar Pradesh,Varanasi,Cotton,Kharif,2022,Alluvial,105,37,39,7.27
5337,West Bengal,Hooghly,Wheat,Rabi,2022,Alluvial,97,47,51,6.6
5338,West Bengal,Hooghly,Rice,Kharif,2022,Alluvial,108,47,38,6.75
5339,West Bengal,Hooghly,Maize,Kharif,2022,Alluvial,89,47,32,6.2
5340,West Bengal,Hooghly,Cotton,Kharif,2022,Alluvial,4,17,6,5.37
5341,West Bengal,Bardhaman,Wheat,Rabi,2022,Clay Loam,79,74,33,6.2
5342,West Bengal,Bardhaman,Rice,Kharif,2022,Clay Loam,99,32,38,5.42
5343,West Bengal,Bardhaman,Maize,Kharif,2022,Clay Loam,73,44,29,6.29
5344,West Bengal,Bardhaman,Cotton,Kharif,2022,Clay Loam,100,37,49,5.46
5345,Maharashtra,Nashik,Wheat,Rabi,2022,Black Soil,1,6,11,4.31
5346,Maharashtra,Nashik,Rice,Kharif,2022,Black Soil,147,52,59,7.51
5347,Maharashtra,Nashik,Maize,Kharif,2022,Black Soil,125,53,35,7.8
5348,Maharashtra,Nashik,Cotton,Kharif,2022,Black Soil,82,40,34,8.21
5349,Maharashtra,Pune,Wheat,Rabi,2022,Black Soil,107,67,27,7.62
5350,Maharashtra,Pune,Rice,Kharif,2022,Black Soil,73,47,50,7.8
5351,Maharashtra,Pune,Maize,Kharif,2022,Black Soil,90,31,27,7.52
5352,Maharashtra,Pune,Cotton,Kharif,2022,Black Soil,57,52,39,7.6
5353,Tamil Nadu,Thanjavur,Wheat,Rabi,2022,Red Loam,106,53,28,6.72
5354,Tamil Nadu,Thanjavur,Rice,Kharif,2022,Red Loam,100,44,56,6.86
5355,Tamil Nadu,Thanjavur,Maize,Kharif,2022,Red Loam,70,33,28,6.85
5356,Tamil Nadu,Thanjavur,Cotton,Kharif,2022,Red Loam,108,40,48,7.15
5357,Andhra Pradesh,Kurnool,Wheat,Rabi,2022,Red Soil,100,72,58,7.46
5358,Andhra Pradesh,Kurnool,Rice,Kharif,2022,Red Soil,84,46,44,7.27
5359,Andhra Pradesh,Kurnool,Maize,Kharif,2022,Red Soil,103,29,21,7.21
5360,Andhra Pradesh,Kurnool,Cotton,Kharif,2022,Red Soil,58,32,48,7.19
5361,Punjab,Ludhiana,Wheat,Rabi,2023,Alluvial,120,58,42,7.67
5362,Punjab,Ludhiana,Rice,Kharif,2023,Alluvial,79,49,46,7.35
5363,Punjab,Ludhiana,Maize,Kharif,2023,Alluvial,102,48,40,8.04
5364,Punjab,Ludhiana,Cotton,Kharif,2023,Alluvial,41,44,52,7.27
5365,Punjab,Patiala,Wheat,Rabi,2023,Alluvial,117,67,41,7.1
5366,Punjab,Patiala,Rice,Kharif,2023,Alluvial,120,46,57,7.71
5367,Punjab,Patiala,Maize,Kharif,2023,Alluvial,124,23,21,7.46
5368,Punjab,Patiala,Cotton,Kharif,2023,Alluvial,123,45,37,7.84
5369,Uttar Pradesh,Kanpur,Wheat,Rabi,2023,Alluvial,129,35,37,6.92
5370,Uttar Pradesh,Kanpur,Rice,Kharif,2023,Alluvial,104,39,43,7.48
5371,Uttar Pradesh,Kanpur,Maize,Kharif,2023,Alluvial,86,48,40,6.95
5372,Uttar Pradesh,Kanpur,Cotton,Kharif,2023,Alluvial,55,42,41,7.18
5373,Uttar Pradesh,Varanasi,Wheat,Rabi,2023,Alluvial,118,72,46,7.59
5374,Uttar Pradesh,Varanasi,Rice,Kharif,2023,Alluvial,109,31,54,6.57
5375,Uttar Pradesh,Varanasi,Maize,Kharif,2023,Alluvial,91,35,17,6.62
5376,Uttar Pradesh,Varanasi,Cotton,Kharif,2023,Alluvial,55,51,60,7.14
5377,West Bengal,Hooghly,Wheat,Rabi,2023,Alluvial,119,50,44,5.83
5378,West Bengal,Hooghly,Rice,Kharif,2023,Alluvial,101,46,60,6.62
5379,West Bengal,Hooghly,Maize,Kharif,2023,Alluvial,10,3,10,5.42
5380,West Bengal,Hooghly,Cotton,Kharif,2023,Alluvial,90,50,45,6.37
5381,West Bengal,Bardhaman,Wheat,Rabi,2023,Clay Loam,145,66,28,6.65
5382,West Bengal,Bardhaman,Rice,Kharif,2023,Clay Loam,128,44,28,6.21
5383,West Bengal,Bardhaman,Maize,Kharif,2023,Clay Loam,0,2,2,4.81
5384,West Bengal,Bardhaman,Cotton,Kharif,2023,Clay Loam,57,29,32,6.29
5385,Maharashtra,Nashik,Wheat,Rabi,2023,Black Soil,134,62,35,7.53
5386,Maharashtra,Nashik,Rice,Kharif,2023,Black Soil,11,18,6,4.49
5387,Maharashtra,Nashik,Maize,Kharif,2023,Black Soil,98,48,43,7.63
5388,Maharashtra,Nashik,Cotton,Kharif,2023,Black Soil,72,32,52,7.65
5389,Maharashtra,Pune,Wheat,Rabi,2023,Black Soil,104,58,29,7.54
5390,Maharashtra,Pune,Rice,Kharif,2023,Black Soil,7,3,14,5.11
5391,Maharashtra,Pune,Maize,Kharif,2023,Black Soil,23,9,12,4.34
5392,Maharashtra,Pune,Cotton,Kharif,2023,Black Soil,24,13,2,4.58
5393,Tamil Nadu,Thanjavur,Wheat,Rabi,2023,Red Loam,136,47,48,6.52
5394,Tamil Nadu,Thanjavur,Rice,Kharif,2023,Red Loam,87,44,60,6.49
5395,Tamil Nadu,Thanjavur,Maize,Kharif,2023,Red Loam,68,48,30,6.86
5396,Tamil Nadu,Thanjavur,Cotton,Kharif,2023,Red Loam,21,5,1,5.27
5397,Andhra Pradesh,Kurnool,Wheat,Rabi,2023,Red Soil,115,48,42,6.94
5398,Andhra Pradesh,Kurnool,Rice,Kharif,2023,Red Soil,97,46,38,7.16
5399,Andhra Pradesh,Kurnool,Maize,Kharif,2023,Red Soil,78,11,30,6.55
5400,Andhra Pradesh,Kurnool,Cotton,Kharif,2023,Red Soil,53,51,33,6.91
5401,Punjab,Ludhiana,Wheat,Rabi,2019,Alluvial,153,44,26,7.54
5402,Punjab,Ludhiana,Rice,Kharif,2019,Alluvial,87,51,45,7.25
5403,Punjab,Ludhiana,Maize,Kharif,2019,Alluvial,89,39,34,7.69
5404,Punjab,Ludhiana,Cotton,Kharif,2019,Alluvial,67,67,47,7.38
5405,Punjab,Patiala,Wheat,Rabi,2019,Alluvial,106,58,22,7.34
5406,Punjab,Patiala,Rice,Kharif,2019,Alluvial,120,45,54,7.7
5407,Punjab,Patiala,Maize,Kharif,2019,Alluvial,92,50,25,7.67
5408,Punjab,Patiala,Cotton,Kharif,2019,Alluvial,97,44,36,7.2
5409,Uttar Pradesh,Kanpur,Wheat,Rabi,2019,Alluvial,118,50,34,7.32
5410,Uttar Pradesh,Kanpur,Rice,Kharif,2019,Alluvial,66,68,55,7.04
5411,Uttar Pradesh,Kanpur,Maize,Kharif,2019,Alluvial,59,64,24,6.47
5412,Uttar Pradesh,Kanpur,Cotton,Kharif,2019,Alluvial,67,59,23,7.55
5413,Uttar Pradesh,Varanasi,Wheat,Rabi,2019,Alluvial,118,66,42,6.94
5414,Uttar Pradesh,Varanasi,Rice,Kharif,2019,Alluvial,100,64,40,6.66
5415,Uttar Pradesh,Varanasi,Maize,Kharif,2019,Alluvial,107,36,35,7.03
5416,Uttar Pradesh,Varanasi,Cotton,Kharif,2019,Alluvial,62,30,36,6.74
5417,West Bengal,Hooghly,Wheat,Rabi,2019,Alluvial,92,68,44,6.85
5418,West Bengal,Hooghly,Rice,Kharif,2019,Alluvial,117,47,30,6.69
5419,West Bengal,Hooghly,Maize,Kharif,2019,Alluvial,100,37,17,6.71
5420,West Bengal,Hooghly,Cotton,Kharif,2019,Alluvial,72,40,27,6.47
5421,West Bengal,Bardhaman,Wheat,Rabi,2019,Clay Loam,161,71,38,7.0
5422,West Bengal,Bardhaman,Rice,Kharif,2019,Clay Loam,105,34,51,5.9
5423,West Bengal,Bardhaman,Maize,Kharif,2019,Clay Loam,100,34,19,6.22
5424,West Bengal,Bardhaman,Cotton,Kharif,2019,Clay Loam,72,36,26,6.42
5425,Maharashtra,Nashik,Wheat,Rabi,2019,Black Soil,136,58,39,7.41
5426,Maharashtra,Nashik,Rice,Kharif,2019,Black Soil,104,45,56,7.8
5427,Maharashtra,Nashik,Maize,Kharif,2019,Black Soil,93,46,53,7.89
5428,Maharashtra,Nashik,Cotton,Kharif,2019,Black Soil,82,68,48,8.17
5429,Maharashtra,Pune,Wheat,Rabi,2019,Black Soil,129,59,51,7.15
5430,Maharashtra,Pune,Rice,Kharif,2019,Black Soil,119,43,55,7.84
5431,Maharashtra,Pune,Maize,Kharif,2019,Black Soil,75,45,19,7.47
5432,Maharashtra,Pune,Cotton,Kharif,2019,Black Soil,98,31,34,7.58
5433,Tamil Nadu,Thanjavur,Wheat,Rabi,2019,Red Loam,20,10,13,4.57
5434,Tamil Nadu,Thanjavur,Rice,Kharif,2019,Red Loam,110,32,45,6.37
5435,Tamil Nadu,Thanjavur,Maize,Kharif,2019,Red Loam,97,45,34,7.15
5436,Tamil Nadu,Thanjavur,Cotton,Kharif,2019,Red Loam,104,41,44,7.13
5437,Andhra Pradesh,Kurnool,Wheat,Rabi,2019,Red Soil,109,63,37,7.05
5438,Andhra Pradesh,Kurnool,Rice,Kharif,2019,Red Soil,111,36,41,6.79
5439,Andhra Pradesh,Kurnool,Maize,Kharif,2019,Red Soil,111,55,33,6.83
5440,Andhra Pradesh,Kurnool,Cotton,Kharif,2019,Red Soil,100,34,51,6.63
5441,Punjab,Ludhiana,Wheat,Rabi,2020,Alluvial,113,59,21,8.07
5442,Punjab,Ludhiana,Rice,Kharif,2020,Alluvial,113,26,67,7.45
5443,Punjab,Ludhiana,Maize,Kharif,2020,Alluvial,97,37,28,7.44
5444,Punjab,Ludhiana,Cotton,Kharif,2020,Alluvial,99,33,37,7.39
5445,Punjab,Patiala,Wheat,Rabi,2020,Alluvial,143,46,40,7.76
5446,Punjab,Patiala,Rice,Kharif,2020,Alluvial,94,55,48,7.67
5447,Punjab,Patiala,Maize,Kharif,2020,Alluvial,80,34,16,7.48
5448,Punjab,Patiala,Cotton,Kharif,2020,Alluvial,51,36,51,8.0
5449,Uttar Pradesh,Kanpur,Wheat,Rabi,2020,Alluvial,116,40,38,7.31
5450,Uttar Pradesh,Kanpur,Rice,Kharif,2020,Alluvial,108,63,35,7.06
5451,Uttar Pradesh,Kanpur,Maize,Kharif,2020,Alluvial,109,50,19,6.92
5452,Uttar Pradesh,Kanpur,Cotton,Kharif,2020,Alluvial,80,39,24,7.26
5453,Uttar Pradesh,Varanasi,Wheat,Rabi,2020,Alluvial,116,58,17,6.83
5454,Uttar Pradesh,Varanasi,Rice,Kharif,2020,Alluvial,99,61,35,6.88
5455,Uttar Pradesh,Varanasi,Maize,Kharif,2020,Alluvial,100,33,43,7.39
5456,Uttar Pradesh,Varanasi,Cotton,Kharif,2020,Alluvial,113,32,28,7.22
5457,West Bengal,Hooghly,Wheat,Rabi,2020,Alluvial,22,1,2,4.22
5458,West Bengal,Hooghly,Rice,Kharif,2020,Alluvial,110,68,55,6.85
5459,West Bengal,Hooghly,Maize,Kharif,2020,Alluvial,101,44,33,6.49
5460,West Bengal,Hooghly,Cotton,Kharif,2020,Alluvial,57,24,42,6.78
5461,West Bengal,Bardhaman,Wheat,Rabi,2020,Clay Loam,94,59,31,6.09
5462,West Bengal,Bardhaman,Rice,Kharif,2020,Clay Loam,124,38,48,6.1
5463,West Bengal,Bardhaman,Maize,Kharif,2020,Clay Loam,100,43,22,6.49
5464,West Bengal,Bardhaman,Cotton,Kharif,2020,Clay Loam,87,43,44,5.96
5465,Maharashtra,Nashik,Wheat,Rabi,2020,Black Soil,96,50,38,8.29
5466,Maharashtra,Nashik,Rice,Kharif,2020,Black Soil,108,55,45,7.73
5467,Maharashtra,Nashik,Maize,Kharif,2020,Black Soil,95,37,31,7.68
5468,Maharashtra,Nashik,Cotton,Kharif,2020,Black Soil,16,7,6,4.8
5469,Maharashtra,Pune,Wheat,Rabi,2020,Black Soil,91,68,68,7.89
5470,Maharashtra,Pune,Rice,Kharif,2020,Black Soil,115,62,63,7.42
5471,Maharashtra,Pune,Maize,Kharif,2020,Black Soil,99,53,17,7.44
5472,Maharashtra,Pune,Cotton,Kharif,2020,Black Soil,77,50,54,7.56
5473,Tamil Nadu,Thanjavur,Wheat,Rabi,2020,Red Loam,89,52,38,6.49
5474,Tamil Nadu,Thanjavur,Rice,Kharif,2020,Red Loam,110,44,41,7.19
5475,Tamil Nadu,Thanjavur,Maize,Kharif,2020,Red Loam,96,52,24,7.15
5476,Tamil Nadu,Thanjavur,Cotton,Kharif,2020,Red Loam,16,6,0,4.63
5477,Andhra Pradesh,Kurnool,Wheat,Rabi,2020,Red Soil,114,56,46,6.7
5478,Andhra Pradesh,Kurnool,Rice,Kharif,2020,Red Soil,77,39,49,7.56
5479,Andhra Pradesh,Kurnool,Maize,Kharif,2020,Red Soil,89,44,28,7.64
5480,Andhra Pradesh,Kurnool,Cotton,Kharif,2020,Red Soil,40,40,36,7.17
5481,Punjab,Ludhiana,Wheat,Rabi,2021,Alluvial,137,50,54,7.1
5482,Punjab,Ludhiana,Rice,Kharif,2021,Alluvial,77,55,46,7.12
5483,Punjab,Ludhiana,Maize,Kharif,2021,Alluvial,49,36,25,7.52
5484,Punjab,Ludhiana,Cotton,Kharif,2021,Alluvial,82,32,40,6.81
5485,Punjab,Patiala,Wheat,Rabi,2021,Alluvial,10,9,9,4.76
5486,Punjab,Patiala,Rice,Kharif,2021,Alluvial,139,53,34,7.88
5487,Punjab,Patiala,Maize,Kharif,2021,Alluvial,104,35,47,7.17
5488,Punjab,Patiala,Cotton,Kharif,2021,Alluvial,90,33,31,6.98
5489,Uttar Pradesh,Kanpur,Wheat,Rabi,2021,Alluvial,122,75,36,7.64
5490,Uttar Pradesh,Kanpur,Rice,Kharif,2021,Alluvial,4,2,5,4.73
5491,Uttar Pradesh,Kanpur,Maize,Kharif,2021,Alluvial,73,37,47,7.51
5492,Uttar Pradesh,Kanpur,Cotton,Kharif,2021,Alluvial,94,49,47,7.06
5493,Uttar Pradesh,Varanasi,Wheat,Rabi,2021,Alluvial,165,42,24,6.85
5494,Uttar Pradesh,Varanasi,Rice,Kharif,2021,Alluvial,97,43,39,7.01
5495,Uttar Pradesh,Varanasi,Maize,Kharif,2021,Alluvial,102,45,13,6.53
5496,Uttar Pradesh,Varanasi,Cotton,Kharif,2021,Alluvial,55,35,39,7.41
5497,West Bengal,Hooghly,Wheat,Rabi,2021,Alluvial,134,68,46,6.36
5498,West Bengal,Hooghly,Rice,Kharif,2021,Alluvial,18,3,0,4.7
5499,West Bengal,Hooghly,Maize,Kharif,2021,Alluvial,106,35,31,6.8
5500,West Bengal,Hooghly,Cotton,Kharif,2021,Alluvial,25,2,13,4.55
5501,West Bengal,Bardhaman,Wheat,Rabi,2021,Clay Loam,115,67,32,6.33
5502,West Bengal,Bardhaman,Rice,Kharif,2021,Clay Loam,108,39,38,5.73
5503,West Bengal,Bardhaman,Maize,Kharif,2021,Clay Loam,97,32,23,6.09
5504,West Bengal,Bardhaman,Cotton,Kharif,2021,Clay Loam,100,45,26,5.7
5505,Maharashtra,Nashik,Wheat,Rabi,2021,Black Soil,85,53,51,7.54
5506,Maharashtra,Nashik,Rice,Kharif,2021,Black Soil,104,46,50,8.12
5507,Maharashtra,Nashik,Maize,Kharif,2021,Black Soil,24,12,0,4.47
5508,Maharashtra,Nashik,Cotton,Kharif,2021,Black Soil,69,48,50,7.94
5509,Maharashtra,Pune,Wheat,Rabi,2021,Black Soil,126,92,46,7.92
5510,Maharashtra,Pune,Rice,Kharif,2021,Black Soil,92,42,56,7.5
5511,Maharashtra,Pune,Maize,Kharif,2021,Black Soil,10,18,0,4.59
5512,Maharashtra,Pune,Cotton,Kharif,2021,Black Soil,63,53,42,7.3
5513,Tamil Nadu,Thanjavur,Wheat,Rabi,2021,Red Loam,131,57,34,7.2
5514,Tamil Nadu,Thanjavur,Rice,Kharif,2021,Red Loam,109,50,54,6.87
5515,Tamil Nadu,Thanjavur,Maize,Kharif,2021,Red Loam,74,25,23,6.6
5516,Tamil Nadu,Thanjavur,Cotton,Kharif,2021,Red Loam,85,39,35,6.3
5517,Andhra Pradesh,Kurnool,Wheat,Rabi,2021,Red Soil,126,59,35,7.12
5518,Andhra Pradesh,Kurnool,Rice,Kharif,2021,Red Soil,107,51,64,7.38
5519,Andhra Pradesh,Kurnool,Maize,Kharif,2021,Red Soil,88,40,39,7.11
5520,Andhra Pradesh,Kurnool,Cotton,Kharif,2021,Red Soil,26,18,7,4.03
5521,Punjab,Ludhiana,Wheat,Rabi,2022,Alluvial,112,52,36,7.28
5522,Punjab,Ludhiana,Rice,Kharif,2022,Alluvial,80,60,59,8.06
5523,Punjab,Ludhiana,Maize,Kharif,2022,Alluvial,84,27,21,6.9
5524,Punjab,Ludhiana,Cotton,Kharif,2022,Alluvial,92,43,45,7.36
5525,Punjab,Patiala,Wheat,Rabi,2022,Alluvial,112,67,53,7.1
5526,Punjab,Patiala,Rice,Kharif,2022,Alluvial,90,40,51,7.62
5527,Punjab,Patiala,Maize,Kharif,2022,Alluvial,84,36,30,7.59
5528,Punjab,Patiala,Cotton,Kharif,2022,Alluvial,58,35,53,7.29
5529,Uttar Pradesh,Kanpur,Wheat,Rabi,2022,Alluvial,120,62,36,7.24
5530,Uttar Pradesh,Kanpur,Rice,Kharif,2022,Alluvial,94,46,48,7.17
5531,Uttar Pradesh,Kanpur,Maize,Kharif,2022,Alluvial,6,18,14,4.72
5532,Uttar Pradesh,Kanpur,Cotton,Kharif,2022,Alluvial,3,17,6,4.13
5533,Uttar Pradesh,Varanasi,Wheat,Rabi,2022,Alluvial,129,50,28,7.26
5534,Uttar Pradesh,Varanasi,Rice,Kharif,2022,Alluvial,104,48,47,6.6
5535,Uttar Pradesh,Varanasi,Maize,Kharif,2022,Alluvial,3,4,0,4.14
5536,Uttar Pradesh,Varanasi,Cotton,Kharif,2022,Alluvial,25,16,1,4.04
5537,West Bengal,Hooghly,Wheat,Rabi,2022,Alluvial,164,55,49,6.5
5538,West Bengal,Hooghly,Rice,Kharif,2022,Alluvial,110,34,46,6.62
5539,West Bengal,Hooghly,Maize,Kharif,2022,Alluvial,10,9,9,4.44
5540,West Bengal,Hooghly,Cotton,Kharif,2022,Alluvial,2,9,11,4.18
5541,West Bengal,Bardhaman,Wheat,Rabi,2022,Clay Loam,107,61,38,6.2
5542,West Bengal,Bardhaman,Rice,Kharif,2022,Clay Loam,83,58,53,6.25
5543,West Bengal,Bardhaman,Maize,Kharif,2022,Clay Loam,97,27,29,5.98
5544,West Bengal,Bardhaman,Cotton,Kharif,2022,Clay Loam,51,44,32,6.03
5545,Maharashtra,Nashik,Wheat,Rabi,2022,Black Soil,22,11,14,5.2
5546,Maharashtra,Nashik,Rice,Kharif,2022,Black Soil,91,52,46,8.07
5547,Maharashtra,Nashik,Maize,Kharif,2022,Black Soil,90,50,34,8.05
5548,Maharashtra,Nashik,Cotton,Kharif,2022,Black Soil,72,36,49,8.01
5549,Maharashtra,Pune,Wheat,Rabi,2022,Black Soil,130,53,34,7.3
5550,Maharashtra,Pune,Rice,Kharif,2022,Black Soil,105,47,39,7.82
5551,Maharashtra,Pune,Maize,Kharif,2022,Black Soil,75,30,37,7.71
5552,Maharashtra,Pune,Cotton,Kharif,2022,Black Soil,26,12,1,5.15
5553,Tamil Nadu,Thanjavur,Wheat,Rabi,2022,Red Loam,140,59,33,6.96
5554,Tamil Nadu,Thanjavur,Rice,Kharif,2022,Red Loam,86,42,57,6.84
5555,Tamil Nadu,Thanjavur,Maize,Kharif,2022,Red Loam,86,42,32,6.45
5556,Tamil Nadu,Thanjavur,Cotton,Kharif,2022,Red Loam,82,36,25,6.43
5557,Andhra Pradesh,Kurnool,Wheat,Rabi,2022,Red Soil,136,71,27,7.0
5558,Andhra Pradesh,Kurnool,Rice,Kharif,2022,Red Soil,119,50,62,6.82
5559,Andhra Pradesh,Kurnool,Maize,Kharif,2022,Red Soil,58,42,43,7.11
5560,Andhra Pradesh,Kurnool,Cotton,Kharif,2022,Red Soil,97,23,45,7.39
5561,Punjab,Ludhiana,Wheat,Rabi,2023,Alluvial,100,55,46,7.73
5562,Punjab,Ludhiana,Rice,Kharif,2023,Alluvial,100,53,53,6.98
5563,Punjab,Ludhiana,Maize,Kharif,2023,Alluvial,15,9,1,5.19
5564,Punjab,Ludhiana,Cotton,Kharif,2023,Alluvial,66,54,28,7.54
5565,Punjab,Patiala,Wheat,Rabi,2023,Alluvial,23,8,5,4.11
5566,Punjab,Patiala,Rice,Kharif,2023,Alluvial,67,51,52,7.84
5567,Punjab,Patiala,Maize,Kharif,2023,Alluvial,67,40,33,7.57
5568,Punjab,Patiala,Cotton,Kharif,2023,Alluvial,92,48,52,7.48
5569,Uttar Pradesh,Kanpur,Wheat,Rabi,2023,Alluvial,110,44,32,7.27
5570,Uttar Pradesh,Kanpur,Rice,Kharif,2023,Alluvial,84,41,51,7.31
5571,Uttar Pradesh,Kanpur,Maize,Kharif,2023,Alluvial,77,48,43,6.81
5572,Uttar Pradesh,Kanpur,Cotton,Kharif,2023,Alluvial,29,13,12,4.5
5573,Uttar Pradesh,Varanasi,Wheat,Rabi,2023,Alluvial,143,47,38,7.22
5574,Uttar Pradesh,Varanasi,Rice,Kharif,2023,Alluvial,21,7,1,4.92
5575,Uttar Pradesh,Varanasi,Maize,Kharif,2023,Alluvial,12,1,10,5.44
5576,Uttar Pradesh,Varanasi,Cotton,Kharif,2023,Alluvial,65,29,42,7.27
5577,West Bengal,Hooghly,Wheat,Rabi,2023,Alluvial,25,7,3,4.73
5578,West Bengal,Hooghly,Rice,Kharif,2023,Alluvial,128,47,34,6.06
5579,West Bengal,Hooghly,Maize,Kharif,2023,Alluvial,104,14,35,6.58
5580,West Bengal,Hooghly,Cotton,Kharif,2023,Alluvial,69,38,25,6.09
5581,West Bengal,Bardhaman,Wheat,Rabi,2023,Clay Loam,109,67,31,6.41
5582,West Bengal,Bardhaman,Rice,Kharif,2023,Clay Loam,83,42,51,5.94
5583,West Bengal,Bardhaman,Maize,Kharif,2023,Clay Loam,77,31,38,6.49
5584,West Bengal,Bardhaman,Cotton,Kharif,2023,Clay Loam,85,51,27,6.17
5585,Maharashtra,Nashik,Wheat,Rabi,2023,Black Soil,104,54,38,7.89
5586,Maharashtra,Nashik,Rice,Kharif,2023,Black Soil,79,46,54,7.58
5587,Maharashtra,Nashik,Maize,Kharif,2023,Black Soil,87,36,33,7.9
5588,Maharashtra,Nashik,Cotton,Kharif,2023,Black Soil,16,14,2,4.34
5589,Maharashtra,Pune,Wheat,Rabi,2023,Black Soil,110,50,31,6.72
5590,Maharashtra,Pune,Rice,Kharif,2023,Black Soil,89,50,60,7.72
5591,Maharashtra,Pune,Maize,Kharif,2023,Black Soil,65,39,20,7.87
5592,Maharashtra,Pune,Cotton,Kharif,2023,Black Soil,92,40,23,7.13
5593,Tamil Nadu,Thanjavur,Wheat,Rabi,2023,Red Loam,160,67,37,7.13
5594,Tamil Nadu,Thanjavur,Rice,Kharif,2023,Red Loam,28,5,11,4.09
5595,Tamil Nadu,Thanjavur,Maize,Kharif,2023,Red Loam,8,14,13,4.29
5596,Tamil Nadu,Thanjavur,Cotton,Kharif,2023,Red Loam,10,8,7,4.21
5597,Andhra Pradesh,Kurnool,Wheat,Rabi,2023,Red Soil,113,66,32,6.49
5598,Andhra Pradesh,Kurnool,Rice,Kharif,2023,Red Soil,88,68,42,6.94
5599,Andhra Pradesh,Kurnool,Maize,Kharif,2023,Red Soil,80,30,30,7.19
5600,Andhra Pradesh,Kurnool,Cotton,Kharif,2023,Red Soil,84,21,44,7.2
5601,Punjab,Ludhiana,Wheat,Rabi,2019,Alluvial,126,52,49,7.28
5602,Punjab,Ludhiana,Rice,Kharif,2019,Alluvial,118,63,49,8.04
5603,Punjab,Ludhiana,Maize,Kharif,2019,Alluvial,70,30,40,7.65
5604,Punjab,Ludhiana,Cotton,Kharif,2019,Alluvial,59,52,29,7.12
5605,Punjab,Patiala,Wheat,Rabi,2019,Alluvial,116,68,35,7.14
5606,Punjab,Patiala,Rice,Kharif,2019,Alluvial,81,48,63,8.05
5607,Punjab,Patiala,Maize,Kharif,2019,Alluvial,70,31,35,7.73
5608,Punjab,Patiala,Cotton,Kharif,2019,Alluvial,59,31,26,8.4
5609,Uttar Pradesh,Kanpur,Wheat,Rabi,2019,Alluvial,138,70,38,6.89
5610,Uttar Pradesh,Kanpur,Rice,Kharif,2019,Alluvial,87,40,42,6.99
5611,Uttar Pradesh,Kanpur,Maize,Kharif,2019,Alluvial,97,37,22,7.09
5612,Uttar Pradesh,Kanpur,Cotton,Kharif,2019,Alluvial,115,44,40,7.03
5613,Uttar Pradesh,Varanasi,Wheat,Rabi,2019,Alluvial,119,58,38,6.76
5614,Uttar Pradesh,Varanasi,Rice,Kharif,2019,Alluvial,68,57,46,6.84
5615,Uttar Pradesh,Varanasi,Maize,Kharif,2019,Alluvial,87,22,31,7.2
5616,Uttar Pradesh,Varanasi,Cotton,Kharif,2019,Alluvial,103,29,35,7.33
5617,West Bengal,Hooghly,Wheat,Rabi,2019,Alluvial,0,9,6,4.41
5618,West Bengal,Hooghly,Rice,Kharif,2019,Alluvial,108,34,46,6.35
5619,West Bengal,Hooghly,Maize,Kharif,2019,Alluvial,99,30,20,6.21
5620,West Bengal,Hooghly,Cotton,Kharif,2019,Alluvial,46,64,43,6.5
5621,West Bengal,Bardhaman,Wheat,Rabi,2019,Clay Loam,130,51,47,5.96
5622,West Bengal,Bardhaman,Rice,Kharif,2019,Clay Loam,81,59,31,6.21
5623,West Bengal,Bardhaman,Maize,Kharif,2019,Clay Loam,10,1,8,4.03
5624,West Bengal,Bardhaman,Cotton,Kharif,2019,Clay Loam,74,57,53,6.35
5625,Maharashtra,Nashik,Wheat,Rabi,2019,Black Soil,118,50,19,7.49
5626,Maharashtra,Nashik,Rice,Kharif,2019,Black Soil,111,45,55,7.65
5627,Maharashtra,Nashik,Maize,Kharif,2019,Black Soil,88,51,13,8.07
5628,Maharashtra,Nashik,Cotton,Kharif,2019,Black Soil,77,53,31,7.93
5629,Maharashtra,Pune,Wheat,Rabi,2019,Black Soil,101,52,35,7.38
5630,Maharashtra,Pune,Rice,Kharif,2019,Black Soil,103,43,29,7.36
5631,Maharashtra,Pune,Maize,Kharif,2019,Black Soil,104,41,8,7.09
5632,Maharashtra,Pune,Cotton,Kharif,2019,Black Soil,87,45,27,7.28
5633,Tamil Nadu,Thanjavur,Wheat,Rabi,2019,Red Loam,128,56,29,6.67
5634,Tamil Nadu,Thanjavur,Rice,Kharif,2019,Red Loam,3,2,9,5.36
5635,Tamil Nadu,Thanjavur,Maize,Kharif,2019,Red Loam,76,22,24,6.76
5636,Tamil Nadu,Thanjavur,Cotton,Kharif,2019,Red Loam,81,42,29,6.84
5637,Andhra Pradesh,Kurnool,Wheat,Rabi,2019,Red Soil,100,74,52,7.3
5638,Andhra Pradesh,Kurnool,Rice,Kharif,2019,Red Soil,106,48,42,7.01
5639,Andhra Pradesh,Kurnool,Maize,Kharif,2019,Red Soil,109,39,50,6.88
5640,Andhra Pradesh,Kurnool,Cotton,Kharif,2019,Red Soil,27,13,7,4.14
5641,Punjab,Ludhiana,Wheat,Rabi,2020,Alluvial,153,81,50,7.41
5642,Punjab,Ludhiana,Rice,Kharif,2020,Alluvial,114,58,49,7.23
5643,Punjab,Ludhiana,Maize,Kharif,2020,Alluvial,103,41,24,7.4
5644,Punjab,Ludhiana,Cotton,Kharif,2020,Alluvial,86,33,50,7.49
5645,Punjab,Patiala,Wheat,Rabi,2020,Alluvial,108,58,40,7.25
5646,Punjab,Patiala,Rice,Kharif,2020,Alluvial,114,39,50,7.59
5647,Punjab,Patiala,Maize,Kharif,2020,Alluvial,77,27,25,7.66
5648,Punjab,Patiala,Cotton,Kharif,2020,Alluvial,96,37,37,8.01
5649,Uttar Pradesh,Kanpur,Wheat,Rabi,2020,Alluvial,113,66,44,6.93
5650,Uttar Pradesh,Kanpur,Rice,Kharif,2020,Alluvial,83,55,49,6.88
5651,Uttar Pradesh,Kanpur,Maize,Kharif,2020,Alluvial,95,22,33,7.01
5652,Uttar Pradesh,Kanpur,Cotton,Kharif,2020,Alluvial,86,55,21,6.8
5653,Uttar Pradesh,Varanasi,Wheat,Rabi,2020,Alluvial,1,19,10,4.49
5654,Uttar Pradesh,Varanasi,Rice,Kharif,2020,Alluvial,24,17,8,4.72
5655,Uttar Pradesh,Varanasi,Maize,Kharif,2020,Alluvial,97,46,37,6.57
5656,Uttar Pradesh,Varanasi,Cotton,Kharif,2020,Alluvial,79,31,49,6.99
5657,West Bengal,Hooghly,Wheat,Rabi,2020,Alluvial,120,57,25,6.24
5658,West Bengal,Hooghly,Rice,Kharif,2020,Alluvial,80,39,45,6.54
5659,West Bengal,Hooghly,Maize,Kharif,2020,Alluvial,92,40,27,6.6
5660,West Bengal,Hooghly,Cotton,Kharif,2020,Alluvial,98,51,21,5.99
5661,West Bengal,Bardhaman,Wheat,Rabi,2020,Clay Loam,92,55,28,6.74
5662,West Bengal,Bardhaman,Rice,Kharif,2020,Clay Loam,87,58,41,6.67
5663,West Bengal,Bardhaman,Maize,Kharif,2020,Clay Loam,73,42,28,5.52
5664,West Bengal,Bardhaman,Cotton,Kharif,2020,Clay Loam,99,26,38,5.87
5665,Maharashtra,Nashik,Wheat,Rabi,2020,Black Soil,71,57,35,8.42
5666,Maharashtra,Nashik,Rice,Kharif,2020,Black Soil,12,4,8,5.14
5667,Maharashtra,Nashik,Maize,Kharif,2020,Black Soil,12,8,3,5.15
5668,Maharashtra,Nashik,Cotton,Kharif,2020,Black Soil,2,14,5,5.48
5669,Maharashtra,Pune,Wheat,Rabi,2020,Black Soil,132,57,40,7.36
5670,Maharashtra,Pune,Rice,Kharif,2020,Black Soil,29,13,11,4.1
5671,Maharashtra,Pune,Maize,Kharif,2020,Black Soil,60,44,23,7.3
5672,Maharashtra,Pune,Cotton,Kharif,2020,Black Soil,17,8,1,5.02
5673,Tamil Nadu,Thanjavur,Wheat,Rabi,2020,Red Loam,143,68,52,6.52
5674,Tamil Nadu,Thanjavur,Rice,Kharif,2020,Red Loam,65,51,32,6.92
5675,Tamil Nadu,Thanjavur,Maize,Kharif,2020,Red Loam,106,32,19,6.81
5676,Tamil Nadu,Thanjavur,Cotton,Kharif,2020,Red Loam,58,26,46,6.73
5677,Andhra Pradesh,Kurnool,Wheat,Rabi,2020,Red Soil,8,9,11,4.85
5678,Andhra Pradesh,Kurnool,Rice,Kharif,2020,Red Soil,94,36,51,7.36
5679,Andhra Pradesh,Kurnool,Maize,Kharif,2020,Red Soil,88,31,18,6.92
5680,Andhra Pradesh,Kurnool,Cotton,Kharif,2020,Red Soil,61,46,49,7.25
5681,Punjab,Ludhiana,Wheat,Rabi,2021,Alluvial,126,71,35,7.38
5682,Punjab,Ludhiana,Rice,Kharif,2021,Alluvial,97,63,53,7.29
5683,Punjab,Ludhiana,Maize,Kharif,2021,Alluvial,109,44,46,7.72
5684,Punjab,Ludhiana,Cotton,Kharif,2021,Alluvial,74,46,37,6.96
5685,Punjab,Patiala,Wheat,Rabi,2021,Alluvial,18,1,11,4.93
5686,Punjab,Patiala,Rice,Kharif,2021,Alluvial,123,51,77,7.93
5687,Punjab,Patiala,Maize,Kharif,2021,Alluvial,85,55,47,7.41
5688,Punjab,Patiala,Cotton,Kharif,2021,Alluvial,25,8,10,4.64
5689,Uttar Pradesh,Kanpur,Wheat,Rabi,2021,Alluvial,101,63,33,6.95
5690,Uttar Pradesh,Kanpur,Rice,Kharif,2021,Alluvial,82,66,43,6.94
5691,Uttar Pradesh,Kanpur,Maize,Kharif,2021,Alluvial,127,58,27,7.28
5692,Uttar Pradesh,Kanpur,Cotton,Kharif,2021,Alluvial,34,47,45,7.21
5693,Uttar Pradesh,Varanasi,Wheat,Rabi,2021,Alluvial,127,53,42,7.21
5694,Uttar Pradesh,Varanasi,Rice,Kharif,2021,Alluvial,3,5,0,4.41
5695,Uttar Pradesh,Varanasi,Maize,Kharif,2021,Alluvial,25,7,5,4.52
5696,Uttar Pradesh,Varanasi,Cotton,Kharif,2021,Alluvial,105,43,45,7.15
5697,West Bengal,Hooghly,Wheat,Rabi,2021,Alluvial,134,56,44,6.43
5698,West Bengal,Hooghly,Rice,Kharif,2021,Alluvial,84,58,44,6.89
5699,West Bengal,Hooghly,Maize,Kharif,2021,Alluvial,7,7,2,4.91
5700,West Bengal,Hooghly,Cotton,Kharif,2021,Alluvial,60,32,51,6.0
5701,West Bengal,Bardhaman,Wheat,Rabi,2021,Clay Loam,124,53,63,5.79
5702,West Bengal,Bardhaman,Rice,Kharif,2021,Clay Loam,120,42,64,6.22
5703,West Bengal,Bardhaman,Maize,Kharif,2021,Clay Loam,111,39,32,6.03
5704,West Bengal,Bardhaman,Cotton,Kharif,2021,Clay Loam,77,48,41,6.48
5705,Maharashtra,Nashik,Wheat,Rabi,2021,Black Soil,118,41,47,7.73
5706,Maharashtra,Nashik,Rice,Kharif,2021,Black Soil,97,41,52,7.32
5707,Maharashtra,Nashik,Maize,Kharif,2021,Black Soil,108,42,24,7.7
5708,Maharashtra,Nashik,Cotton,Kharif,2021,Black Soil,96,53,27,7.96
5709,Maharashtra,Pune,Wheat,Rabi,2021,Black Soil,92,55,21,7.25
5710,Maharashtra,Pune,Rice,Kharif,2021,Black Soil,84,47,58,7.7
5711,Maharashtra,Pune,Maize,Kharif,2021,Black Soil,76,46,35,7.81
5712,Maharashtra,Pune,Cotton,Kharif,2021,Black Soil,15,13,6,4.11
5713,Tamil Nadu,Thanjavur,Wheat,Rabi,2021,Red Loam,153,63,33,7.09
5714,Tamil Nadu,Thanjavur,Rice,Kharif,2021,Red Loam,104,51,46,6.87
5715,Tamil Nadu,Thanjavur,Maize,Kharif,2021,Red Loam,17,6,11,4.7
5716,Tamil Nadu,Thanjavur,Cotton,Kharif,2021,Red Loam,88,30,35,6.84
5717,Andhra Pradesh,Kurnool,Wheat,Rabi,2021,Red Soil,93,76,41,6.9
5718,Andhra Pradesh,Kurnool,Rice,Kharif,2021,Red Soil,92,38,54,7.11
5719,Andhra Pradesh,Kurnool,Maize,Kharif,2021,Red Soil,91,38,30,7.26
5720,Andhra Pradesh,Kurnool,Cotton,Kharif,2021,Red Soil,119,43,49,7.51
5721,Punjab,Ludhiana,Wheat,Rabi,2022,Alluvial,135,53,36,6.64
5722,Punjab,Ludhiana,Rice,Kharif,2022,Alluvial,98,43,76,7.65
5723,Punjab,Ludhiana,Maize,Kharif,2022,Alluvial,89,34,17,7.51
5724,Punjab,Ludhiana,Cotton,Kharif,2022,Alluvial,64,52,61,7.36
5725,Punjab,Patiala,Wheat,Rabi,2022,Alluvial,156,78,41,7.45
5726,Punjab,Patiala,Rice,Kharif,2022,Alluvial,72,53,57,8.21
5727,Punjab,Patiala,Maize,Kharif,2022,Alluvial,67,51,29,7.57
5728,Punjab,Patiala,Cotton,Kharif,2022,Alluvial,81,37,32,8.07
5729,Uttar Pradesh,Kanpur,Wheat,Rabi,2022,Alluvial,130,55,35,6.92
5730,Uttar Pradesh,Kanpur,Rice,Kharif,2022,Alluvial,114,41,60,7.45
5731,Uttar Pradesh,Kanpur,Maize,Kharif,2022,Alluvial,52,49,30,7.45
5732,Uttar Pradesh,Kanpur,Cotton,Kharif,2022,Alluvial,86,33,59,7.13
5733,Uttar Pradesh,Varanasi,Wheat,Rabi,2022,Alluvial,125,58,33,7.37
5734,Uttar Pradesh,Varanasi,Rice,Kharif,2022,Alluvial,136,46,65,6.56
5735,Uttar Pradesh,Varanasi,Maize,Kharif,2022,Alluvial,76,30,30,6.52
5736,Uttar Pradesh,Varanasi,Cotton,Kharif,2022,Alluvial,53,39,25,6.79
5737,West Bengal,Hooghly,Wheat,Rabi,2022,Alluvial,115,42,47,6.42
5738,West Bengal,Hooghly,Rice,Kharif,2022,Alluvial,107,51,43,5.78
5739,West Bengal,Hooghly,Maize,Kharif,2022,Alluvial,58,53,25,6.77
5740,West Bengal,Hooghly,Cotton,Kharif,2022,Alluvial,58,39,32,6.42
5741,West Bengal,Bardhaman,Wheat,Rabi,2022,Clay Loam,125,68,25,6.25
5742,West Bengal,Bardhaman,Rice,Kharif,2022,Clay Loam,107,32,43,6.26
5743,West Bengal,Bardhaman,Maize,Kharif,2022,Clay Loam,87,46,47,6.27
5744,West Bengal,Bardhaman,Cotton,Kharif,2022,Clay Loam,81,37,43,6.25
5745,Maharashtra,Nashik,Wheat,Rabi,2022,Black Soil,124,62,47,7.61
5746,Maharashtra,Nashik,Rice,Kharif,2022,Black Soil,99,50,46,7.88
5747,Maharashtra,Nashik,Maize,Kharif,2022,Black Soil,121,53,26,7.62
5748,Maharashtra,Nashik,Cotton,Kharif,2022,Black Soil,74,16,44,7.63
5749,Maharashtra,Pune,Wheat,Rabi,2022,Black Soil,131,50,57,7.69
5750,Maharashtra,Pune,Rice,Kharif,2022,Black Soil,122,57,43,7.54
5751,Maharashtra,Pune,Maize,Kharif,2022,Black Soil,105,20,28,7.24
5752,Maharashtra,Pune,Cotton,Kharif,2022,Black Soil,117,35,41,7.12
5753,Tamil Nadu,Thanjavur,Wheat,Rabi,2022,Red Loam,132,54,51,6.58
5754,Tamil Nadu,Thanjavur,Rice,Kharif,2022,Red Loam,78,43,65,6.55
5755,Tamil Nadu,Thanjavur,Maize,Kharif,2022,Red Loam,119,50,33,6.79
5756,Tamil Nadu,Thanjavur,Cotton,Kharif,2022,Red Loam,83,61,34,7.18
5757,Andhra Pradesh,Kurnool,Wheat,Rabi,2022,Red Soil,103,77,38,6.88
5758,Andhra Pradesh,Kurnool,Rice,Kharif,2022,Red Soil,111,55,44,7.14
5759,Andhra Pradesh,Kurnool,Maize,Kharif,2022,Red Soil,105,24,44,6.93
5760,Andhra Pradesh,Kurnool,Cotton,Kharif,2022,Red Soil,83,47,39,6.89
5761,Punjab,Ludhiana,Wheat,Rabi,2023,Alluvial,108,52,51,7.08
5762,Punjab,Ludhiana,Rice,Kharif,2023,Alluvial,102,24,57,7.59
5763,Punjab,Ludhiana,Maize,Kharif,2023,Alluvial,12,12,10,5.1
5764,Punjab,Ludhiana,Cotton,Kharif,2023,Alluvial,66,60,52,7.22
5765,Punjab,Patiala,Wheat,Rabi,2023,Alluvial,81,43,31,7.69
5766,Punjab,Patiala,Rice,Kharif,2023,Alluvial,127,35,58,7.13
5767,Punjab,Patiala,Maize,Kharif,2023,Alluvial,85,39,31,7.33
5768,Punjab,Patiala,Cotton,Kharif,2023,Alluvial,52,40,48,7.47
5769,Uttar Pradesh,Kanpur,Wheat,Rabi,2023,Alluvial,133,65,30,6.58
5770,Uttar Pradesh,Kanpur,Rice,Kharif,2023,Alluvial,107,44,56,7.02
5771,Uttar Pradesh,Kanpur,Maize,Kharif,2023,Alluvial,14,6,10,4.16
5772,Uttar Pradesh,Kanpur,Cotton,Kharif,2023,Alluvial,97,41,44,6.79
5773,Uttar Pradesh,Varanasi,Wheat,Rabi,2023,Alluvial,114,63,39,6.84
5774,Uttar Pradesh,Varanasi,Rice,Kharif,2023,Alluvial,83,39,54,6.54
5775,Uttar Pradesh,Varanasi,Maize,Kharif,2023,Alluvial,0,10,12,4.9
5776,Uttar Pradesh,Varanasi,Cotton,Kharif,2023,Alluvial,40,39,40,7.73
5777,West Bengal,Hooghly,Wheat,Rabi,2023,Alluvial,18,17,8,4.66
5778,West Bengal,Hooghly,Rice,Kharif,2023,Alluvial,52,57,34,6.61
5779,West Bengal,Hooghly,Maize,Kharif,2023,Alluvial,61,39,24,6.97
5780,West Bengal,Hooghly,Cotton,Kharif,2023,Alluvial,79,43,50,6.94
5781,West Bengal,Bardhaman,Wheat,Rabi,2023,Clay Loam,98,46,43,6.71
5782,West Bengal,Bardhaman,Rice,Kharif,2023,Clay Loam,93,42,36,6.46
5783,West Bengal,Bardhaman,Maize,Kharif,2023,Clay Loam,17,6,6,5.02
5784,West Bengal,Bardhaman,Cotton,Kharif,2023,Clay Loam,73,56,33,6.04
5785,Maharashtra,Nashik,Wheat,Rabi,2023,Black Soil,142,44,38,7.22
5786,Maharashtra,Nashik,Rice,Kharif,2023,Black Soil,103,49,50,7.57
5787,Maharashtra,Nashik,Maize,Kharif,2023,Black Soil,28,7,12,5.0
5788,Maharashtra,Nashik,Cotton,Kharif,2023,Black Soil,90,46,44,7.5
5789,Maharashtra,Pune,Wheat,Rabi,2023,Black Soil,105,70,58,7.58
5790,Maharashtra,Pune,Rice,Kharif,2023,Black Soil,119,51,45,7.34
5791,Maharashtra,Pune,Maize,Kharif,2023,Black Soil,55,29,52,7.89
5792,Maharashtra,Pune,Cotton,Kharif,2023,Black Soil,69,35,45,7.56
5793,Tamil Nadu,Thanjavur,Wheat,Rabi,2023,Red Loam,95,53,24,7.25
5794,Tamil Nadu,Thanjavur,Rice,Kharif,2023,Red Loam,76,57,38,6.87
5795,Tamil Nadu,Thanjavur,Maize,Kharif,2023,Red Loam,81,36,33,6.38
5796,Tamil Nadu,Thanjavur,Cotton,Kharif,2023,Red Loam,99,60,41,6.68
5797,Andhra Pradesh,Kurnool,Wheat,Rabi,2023,Red Soil,114,65,51,7.28
5798,Andhra Pradesh,Kurnool,Rice,Kharif,2023,Red Soil,98,48,41,6.99
5799,Andhra Pradesh,Kurnool,Maize,Kharif,2023,Red Soil,94,42,29,7.08
5800,Andhra Pradesh,Kurnool,Cotton,Kharif,2023,Red Soil,74,51,35,7.5
5801,Punjab,Ludhiana,Wheat,Rabi,2019,Alluvial,118,59,35,7.65
5802,Punjab,Ludhiana,Rice,Kharif,2019,Alluvial,9,18,8,5.07
5803,Punjab,Ludhiana,Maize,Kharif,2019,Alluvial,110,45,14,7.85
5804,Punjab,Ludhiana,Cotton,Kharif,2019,Alluvial,23,52,42,7.28
5805,Punjab,Patiala,Wheat,Rabi,2019,Alluvial,138,68,47,8.14
5806,Punjab,Patiala,Rice,Kharif,2019,Alluvial,99,70,47,7.7
5807,Punjab,Patiala,Maize,Kharif,2019,Alluvial,130,40,0,7.4
5808,Punjab,Patiala,Cotton,Kharif,2019,Alluvial,62,31,46,7.8
5809,Uttar Pradesh,Kanpur,Wheat,Rabi,2019,Alluvial,4,16,2,4.17
5810,Uttar Pradesh,Kanpur,Rice,Kharif,2019,Alluvial,98,44,55,7.23
5811,Uttar Pradesh,Kanpur,Maize,Kharif,2019,Alluvial,36,37,17,7.29
5812,Uttar Pradesh,Kanpur,Cotton,Kharif,2019,Alluvial,7,1,14,4.25
5813,Uttar Pradesh,Varanasi,Wheat,Rabi,2019,Alluvial,142,67,68,7.4
5814,Uttar Pradesh,Varanasi,Rice,Kharif,2019,Alluvial,94,28,47,7.22
5815,Uttar Pradesh,Varanasi,Maize,Kharif,2019,Alluvial,90,52,34,6.95
5816,Uttar Pradesh,Varanasi,Cotton,Kharif,2019,Alluvial,63,36,40,7.25
5817,West Bengal,Hooghly,Wheat,Rabi,2019,Alluvial,86,68,53,6.96
5818,West Bengal,Hooghly,Rice,Kharif,2019,Alluvial,18,9,7,4.48
5819,West Bengal,Hooghly,Maize,Kharif,2019,Alluvial,59,48,29,5.97
5820,West Bengal,Hooghly,Cotton,Kharif,2019,Alluvial,16,8,5,5.44
5821,West Bengal,Bardhaman,Wheat,Rabi,2019,Clay Loam,29,19,10,5.13
5822,West Bengal,Bardhaman,Rice,Kharif,2019,Clay Loam,123,34,65,6.59
5823,West Bengal,Bardhaman,Maize,Kharif,2019,Clay Loam,97,30,40,6.37
5824,West Bengal,Bardhaman,Cotton,Kharif,2019,Clay Loam,79,55,50,6.57
5825,Maharashtra,Nashik,Wheat,Rabi,2019,Black Soil,115,60,50,7.74
5826,Maharashtra,Nashik,Rice,Kharif,2019,Black Soil,90,44,61,7.61
5827,Maharashtra,Nashik,Maize,Kharif,2019,Black Soil,26,18,14,5.25
5828,Maharashtra,Nashik,Cotton,Kharif,2019,Black Soil,103,57,53,8.31
5829,Maharashtra,Pune,Wheat,Rabi,2019,Black Soil,113,68,35,7.34
5830,Maharashtra,Pune,Rice,Kharif,2019,Black Soil,134,51,53,7.6
5831,Maharashtra,Pune,Maize,Kharif,2019,Black Soil,88,37,20,7.42
5832,Maharashtra,Pune,Cotton,Kharif,2019,Black Soil,81,23,41,7.88
5833,Tamil Nadu,Thanjavur,Wheat,Rabi,2019,Red Loam,131,65,43,6.79
5834,Tamil Nadu,Thanjavur,Rice,Kharif,2019,Red Loam,106,52,56,7.02
5835,Tamil Nadu,Thanjavur,Maize,Kharif,2019,Red Loam,81,44,20,6.55
5836,Tamil Nadu,Thanjavur,Cotton,Kharif,2019,Red Loam,83,30,45,7.08
5837,Andhra Pradesh,Kurnool,Wheat,Rabi,2019,Red Soil,93,65,42,6.98
5838,Andhra Pradesh,Kurnool,Rice,Kharif,2019,Red Soil,122,62,33,6.93
5839,Andhra Pradesh,Kurnool,Maize,Kharif,2019,Red Soil,90,58,35,7.04
5840,Andhra Pradesh,Kurnool,Cotton,Kharif,2019,Red Soil,70,46,33,6.96
5841,Punjab,Ludhiana,Wheat,Rabi,2020,Alluvial,129,73,49,7.51
5842,Punjab,Ludhiana,Rice,Kharif,2020,Alluvial,113,51,48,7.71
5843,Punjab,Ludhiana,Maize,Kharif,2020,Alluvial,75,29,29,7.8
5844,Punjab,Ludhiana,Cotton,Kharif,2020,Alluvial,79,38,35,7.02
5845,Punjab,Patiala,Wheat,Rabi,2020,Alluvial,91,46,33,7.47
5846,Punjab,Patiala,Rice,Kharif,2020,Alluvial,109,46,55,7.58
5847,Punjab,Patiala,Maize,Kharif,2020,Alluvial,96,40,23,7.99
5848,Punjab,Patiala,Cotton,Kharif,2020,Alluvial,98,45,44,7.34
5849,Uttar Pradesh,Kanpur,Wheat,Rabi,2020,Alluvial,85,54,40,7.35
5850,Uttar Pradesh,Kanpur,Rice,Kharif,2020,Alluvial,95,49,61,7.06
5851,Uttar Pradesh,Kanpur,Maize,Kharif,2020,Alluvial,124,39,35,7.53
5852,Uttar Pradesh,Kanpur,Cotton,Kharif,2020,Alluvial,59,32,43,6.88
5853,Uttar Pradesh,Varanasi,Wheat,Rabi,2020,Alluvial,143,67,40,6.66
5854,Uttar Pradesh,Varanasi,Rice,Kharif,2020,Alluvial,119,38,41,7.09
5855,Uttar Pradesh,Varanasi,Maize,Kharif,2020,Alluvial,76,50,26,6.75
5856,Uttar Pradesh,Varanasi,Cotton,Kharif,2020,Alluvial,62,34,32,6.87
5857,West Bengal,Hooghly,Wheat,Rabi,2020,Alluvial,131,69,54,6.68
5858,West Bengal,Hooghly,Rice,Kharif,2020,Alluvial,97,31,29,6.91
5859,West Bengal,Hooghly,Maize,Kharif,2020,Alluvial,61,35,29,6.38
5860,West Bengal,Hooghly,Cotton,Kharif,2020,Alluvial,76,27,54,6.58
5861,West Bengal,Bardhaman,Wheat,Rabi,2020,Clay Loam,139,62,48,6.2
5862,West Bengal,Bardhaman,Rice,Kharif,2020,Clay Loam,81,52,40,5.71
5863,West Bengal,Bardhaman,Maize,Kharif,2020,Clay Loam,7,4,10,4.24
5864,West Bengal,Bardhaman,Cotton,Kharif,2020,Clay Loam,112,37,67,6.43
5865,Maharashtra,Nashik,Wheat,Rabi,2020,Black Soil,143,72,53,7.51
5866,Maharashtra,Nashik,Rice,Kharif,2020,Black Soil,17,7,5,4.87
5867,Maharashtra,Nashik,Maize,Kharif,2020,Black Soil,100,38,39,7.8
5868,Maharashtra,Nashik,Cotton,Kharif,2020,Black Soil,68,28,43,7.86
5869,Maharashtra,Pune,Wheat,Rabi,2020,Black Soil,156,77,23,7.52
5870,Maharashtra,Pune,Rice,Kharif,2020,Black Soil,4,19,6,4.61
5871,Maharashtra,Pune,Maize,Kharif,2020,Black Soil,121,31,33,7.25
5872,Maharashtra,Pune,Cotton,Kharif,2020,Black Soil,101,33,59,7.48
5873,Tamil Nadu,Thanjavur,Wheat,Rabi,2020,Red Loam,101,58,53,6.65
5874,Tamil Nadu,Thanjavur,Rice,Kharif,2020,Red Loam,62,49,55,7.6
5875,Tamil Nadu,Thanjavur,Maize,Kharif,2020,Red Loam,83,53,17,6.84
5876,Tamil Nadu,Thanjavur,Cotton,Kharif,2020,Red Loam,76,45,41,6.68
5877,Andhra Pradesh,Kurnool,Wheat,Rabi,2020,Red Soil,106,61,41,6.97
5878,Andhra Pradesh,Kurnool,Rice,Kharif,2020,Red Soil,110,31,57,7.4
5879,Andhra Pradesh,Kurnool,Maize,Kharif,2020,Red Soil,82,24,26,7.24
5880,Andhra Pradesh,Kurnool,Cotton,Kharif,2020,Red Soil,44,39,28,7.15
5881,Punjab,Ludhiana,Wheat,Rabi,2021,Alluvial,20,17,7,4.74
5882,Punjab,Ludhiana,Rice,Kharif,2021,Alluvial,112,44,70,7.3
5883,Punjab,Ludhiana,Maize,Kharif,2021,Alluvial,82,11,31,7.28
5884,Punjab,Ludhiana,Cotton,Kharif,2021,Alluvial,69,23,37,7.76
5885,Punjab,Patiala,Wheat,Rabi,2021,Alluvial,137,71,50,7.53
5886,Punjab,Patiala,Rice,Kharif,2021,Alluvial,90,25,62,7.33
5887,Punjab,Patiala,Maize,Kharif,2021,Alluvial,22,17,13,4.94
5888,Punjab,Patiala,Cotton,Kharif,2021,Alluvial,100,49,57,7.77
5889,Uttar Pradesh,Kanpur,Wheat,Rabi,2021,Alluvial,132,57,60,7.21
5890,Uttar Pradesh,Kanpur,Rice,Kharif,2021,Alluvial,13,10,1,4.28
5891,Uttar Pradesh,Kanpur,Maize,Kharif,2021,Alluvial,110,45,28,6.95
5892,Uttar Pradesh,Kanpur,Cotton,Kharif,2021,Alluvial,91,48,40,7.76
5893,Uttar Pradesh,Varanasi,Wheat,Rabi,2021,Alluvial,117,47,47,6.08
5894,Uttar Pradesh,Varanasi,Rice,Kharif,2021,Alluvial,110,38,52,6.62
5895,Uttar Pradesh,Varanasi,Maize,Kharif,2021,Alluvial,74,46,18,6.92
5896,Uttar Pradesh,Varanasi,Cotton,Kharif,2021,Alluvial,69,47,28,7.21
5897,West Bengal,Hooghly,Wheat,Rabi,2021,Alluvial,131,50,39,6.18
5898,West Bengal,Hooghly,Rice,Kharif,2021,Alluvial,99,54,54,6.49
5899,West Bengal,Hooghly,Maize,Kharif,2021,Alluvial,19,5,9,4.69
5900,West Bengal,Hooghly,Cotton,Kharif,2021,Alluvial,92,39,49,6.64
5901,West Bengal,Bardhaman,Wheat,Rabi,2021,Clay Loam,122,63,43,6.27
5902,West Bengal,Bardhaman,Rice,Kharif,2021,Clay Loam,99,27,47,6.22
5903,West Bengal,Bardhaman,Maize,Kharif,2021,Clay Loam,79,47,21,6.37
5904,West Bengal,Bardhaman,Cotton,Kharif,2021,Clay Loam,62,55,23,6.6
5905,Maharashtra,Nashik,Wheat,Rabi,2021,Black Soil,126,60,49,7.46
5906,Maharashtra,Nashik,Rice,Kharif,2021,Black Soil,115,41,43,7.58
5907,Maharashtra,Nashik,Maize,Kharif,2021,Black Soil,116,55,16,7.75
5908,Maharashtra,Nashik,Cotton,Kharif,2021,Black Soil,106,51,47,7.45
5909,Maharashtra,Pune,Wheat,Rabi,2021,Black Soil,11,2,12,5.39
5910,Maharashtra,Pune,Rice,Kharif,2021,Black Soil,115,39,62,7.28
5911,Maharashtra,Pune,Maize,Kharif,2021,Black Soil,92,48,37,7.22
5912,Maharashtra,Pune,Cotton,Kharif,2021,Black Soil,59,50,32,7.52
5913,Tamil Nadu,Thanjavur,Wheat,Rabi,2021,Red Loam,132,61,43,6.75
5914,Tamil Nadu,Thanjavur,Rice,Kharif,2021,Red Loam,103,69,37,6.43
5915,Tamil Nadu,Thanjavur,Maize,Kharif,2021,Red Loam,105,47,21,6.95
5916,Tamil Nadu,Thanjavur,Cotton,Kharif,2021,Red Loam,86,32,43,6.78
5917,Andhra Pradesh,Kurnool,Wheat,Rabi,2021,Red Soil,148,56,45,7.01
5918,Andhra Pradesh,Kurnool,Rice,Kharif,2021,Red Soil,122,39,51,7.19
5919,Andhra Pradesh,Kurnool,Maize,Kharif,2021,Red Soil,59,49,36,7.69
5920,Andhra Pradesh,Kurnool,Cotton,Kharif,2021,Red Soil,109,38,50,7.32
5921,Punjab,Ludhiana,Wheat,Rabi,2022,Alluvial,116,53,42,7.75
5922,Punjab,Ludhiana,Rice,Kharif,2022,Alluvial,106,50,30,7.2
5923,Punjab,Ludhiana,Maize,Kharif,2022,Alluvial,50,30,38,7.47
5924,Punjab,Ludhiana,Cotton,Kharif,2022,Alluvial,10,0,4,5.43
5925,Punjab,Patiala,Wheat,Rabi,2022,Alluvial,92,62,43,7.73
5926,Punjab,Patiala,Rice,Kharif,2022,Alluvial,105,44,39,7.24
5927,Punjab,Patiala,Maize,Kharif,2022,Alluvial,83,44,19,7.84
5928,Punjab,Patiala,Cotton,Kharif,2022,Alluvial,81,47,42,7.43
5929,Uttar Pradesh,Kanpur,Wheat,Rabi,2022,Alluvial,117,64,41,7.02
5930,Uttar Pradesh,Kanpur,Rice,Kharif,2022,Alluvial,98,50,41,7.12
5931,Uttar Pradesh,Kanpur,Maize,Kharif,2022,Alluvial,108,31,24,7.14
5932,Uttar Pradesh,Kanpur,Cotton,Kharif,2022,Alluvial,75,43,67,6.57
5933,Uttar Pradesh,Varanasi,Wheat,Rabi,2022,Alluvial,118,59,49,6.67
5934,Uttar Pradesh,Varanasi,Rice,Kharif,2022,Alluvial,108,47,52,7.24
5935,Uttar Pradesh,Varanasi,Maize,Kharif,2022,Alluvial,103,51,27,6.86
5936,Uttar Pradesh,Varanasi,Cotton,Kharif,2022,Alluvial,101,38,61,7.07
5937,West Bengal,Hooghly,Wheat,Rabi,2022,Alluvial,130,67,38,6.58
5938,West Bengal,Hooghly,Rice,Kharif,2022,Alluvial,103,57,51,6.5
5939,West Bengal,Hooghly,Maize,Kharif,2022,Alluvial,13,17,12,4.91
5940,West Bengal,Hooghly,Cotton,Kharif,2022,Alluvial,60,41,50,7.02
5941,West Bengal,Bardhaman,Wheat,Rabi,2022,Clay Loam,76,55,21,6.54
5942,West Bengal,Bardhaman,Rice,Kharif,2022,Clay Loam,112,37,43,6.34
5943,West Bengal,Bardhaman,Maize,Kharif,2022,Clay Loam,69,32,38,6.55
5944,West Bengal,Bardhaman,Cotton,Kharif,2022,Clay Loam,123,51,33,6.46
5945,Maharashtra,Nashik,Wheat,Rabi,2022,Black Soil,123,64,52,7.91
5946,Maharashtra,Nashik,Rice,Kharif,2022,Black Soil,13,14,6,4.0
5947,Maharashtra,Nashik,Maize,Kharif,2022,Black Soil,97,32,27,8.22
5948,Maharashtra,Nashik,Cotton,Kharif,2022,Black Soil,52,41,41,8.39
5949,Maharashtra,Pune,Wheat,Rabi,2022,Black Soil,150,63,38,7.73
5950,Maharashtra,Pune,Rice,Kharif,2022,Black Soil,110,45,43,7.38
5951,Maharashtra,Pune,Maize,Kharif,2022,Black Soil,114,45,20,7.23
5952,Maharashtra,Pune,Cotton,Kharif,2022,Black Soil,65,43,24,7.22
5953,Tamil Nadu,Thanjavur,Wheat,Rabi,2022,Red Loam,126,74,31,6.48
5954,Tamil Nadu,Thanjavur,Rice,Kharif,2022,Red Loam,94,47,54,6.37
5955,Tamil Nadu,Thanjavur,Maize,Kharif,2022,Red Loam,10,7,11,4.73
5956,Tamil Nadu,Thanjavur,Cotton,Kharif,2022,Red Loam,69,13,34,6.87
5957,Andhra Pradesh,Kurnool,Wheat,Rabi,2022,Red Soil,83,59,29,7.29
5958,Andhra Pradesh,Kurnool,Rice,Kharif,2022,Red Soil,61,56,27,7.47
5959,Andhra Pradesh,Kurnool,Maize,Kharif,2022,Red Soil,84,35,17,7.22
5960,Andhra Pradesh,Kurnool,Cotton,Kharif,2022,Red Soil,86,28,39,7.05
5961,Punjab,Ludhiana,Wheat,Rabi,2023,Alluvial,109,55,50,7.69
5962,Punjab,Ludhiana,Rice,Kharif,2023,Alluvial,92,59,49,7.58
5963,Punjab,Ludhiana,Maize,Kharif,2023,Alluvial,95,52,22,7.51
5964,Punjab,Ludhiana,Cotton,Kharif,2023,Alluvial,76,59,44,7.04
5965,Punjab,Patiala,Wheat,Rabi,2023,Alluvial,142,70,24,7.17
5966,Punjab,Patiala,Rice,Kharif,2023,Alluvial,96,41,59,7.41
5967,Punjab,Patiala,Maize,Kharif,2023,Alluvial,107,35,13,7.83
5968,Punjab,Patiala,Cotton,Kharif,2023,Alluvial,75,33,38,7.65
5969,Uttar Pradesh,Kanpur,Wheat,Rabi,2023,Alluvial,8,0,1,4.23
5970,Uttar Pradesh,Kanpur,Rice,Kharif,2023,Alluvial,132,30,25,7.69
5971,Uttar Pradesh,Kanpur,Maize,Kharif,2023,Alluvial,91,45,19,7.39
5972,Uttar Pradesh,Kanpur,Cotton,Kharif,2023,Alluvial,113,41,28,7.32
5973,Uttar Pradesh,Varanasi,Wheat,Rabi,2023,Alluvial,100,62,32,7.38
5974,Uttar Pradesh,Varanasi,Rice,Kharif,2023,Alluvial,115,63,54,7.1
5975,Uttar Pradesh,Varanasi,Maize,Kharif,2023,Alluvial,129,26,35,7.42
5976,Uttar Pradesh,Varanasi,Cotton,Kharif,2023,Alluvial,93,43,43,6.56
5977,West Bengal,Hooghly,Wheat,Rabi,2023,Alluvial,147,51,39,6.41
5978,West Bengal,Hooghly,Rice,Kharif,2023,Alluvial,102,58,54,6.32
5979,West Bengal,Hooghly,Maize,Kharif,2023,Alluvial,86,40,43,6.68
5980,West Bengal,Hooghly,Cotton,Kharif,2023,Alluvial,78,39,43,6.8
5981,West Bengal,Bardhaman,Wheat,Rabi,2023,Clay Loam,15,17,7,4.25
5982,West Bengal,Bardhaman,Rice,Kharif,2023,Clay Loam,8,7,0,4.57
5983,West Bengal,Bardhaman,Maize,Kharif,2023,Clay Loam,83,44,33,6.56
5984,West Bengal,Bardhaman,Cotton,Kharif,2023,Clay Loam,91,33,38,6.1
5985,Maharashtra,Nashik,Wheat,Rabi,2023,Black Soil,105,69,24,8.19
5986,Maharashtra,Nashik,Rice,Kharif,2023,Black Soil,110,42,48,7.75
5987,Maharashtra,Nashik,Maize,Kharif,2023,Black Soil,116,30,44,7.64
5988,Maharashtra,Nashik,Cotton,Kharif,2023,Black Soil,70,41,24,7.81
5989,Maharashtra,Pune,Wheat,Rabi,2023,Black Soil,103,54,34,7.92
5990,Maharashtra,Pune,Rice,Kharif,2023,Black Soil,134,39,53,7.97
5991,Maharashtra,Pune,Maize,Kharif,2023,Black Soil,56,32,40,7.18
5992,Maharashtra,Pune,Cotton,Kharif,2023,Black Soil,80,33,43,7.44
5993,Tamil Nadu,Thanjavur,Wheat,Rabi,2023,Red Loam,15,14,2,5.04
5994,Tamil Nadu,Thanjavur,Rice,Kharif,2023,Red Loam,72,27,40,7.04
5995,Tamil Nadu,Thanjavur,Maize,Kharif,2023,Red Loam,92,35,33,7.7
5996,Tamil Nadu,Thanjavur,Cotton,Kharif,2023,Red Loam,108,49,34,7.05
5997,Andhra Pradesh,Kurnool,Wheat,Rabi,2023,Red Soil,122,66,53,6.92
5998,Andhra Pradesh,Kurnool,Rice,Kharif,2023,Red Soil,93,52,54,6.81
5999,Andhra Pradesh,Kurnool,Maize,Kharif,2023,Red Soil,69,51,22,7.19
6000,Andhra Pradesh,Kurnool,Cotton,Kharif,2023,Red Soil,61,48,34,6.96
6001,Punjab,Ludhiana,Wheat,Rabi,2019,Alluvial,112,62,26,7.21
6002,Punjab,Ludhiana,Rice,Kharif,2019,Alluvial,119,42,57,7.59
6003,Punjab,Ludhiana,Maize,Kharif,2019,Alluvial,62,39,16,7.45
6004,Punjab,Ludhiana,Cotton,Kharif,2019,Alluvial,85,36,44,7.02
6005,Punjab,Patiala,Wheat,Rabi,2019,Alluvial,129,54,31,7.42
6006,Punjab,Patiala,Rice,Kharif,2019,Alluvial,78,40,70,7.65
6007,Punjab,Patiala,Maize,Kharif,2019,Alluvial,109,28,45,7.14
6008,Punjab,Patiala,Cotton,Kharif,2019,Alluvial,50,29,52,7.72
6009,Uttar Pradesh,Kanpur,Wheat,Rabi,2019,Alluvial,138,63,31,7.15
6010,Uttar Pradesh,Kanpur,Rice,Kharif,2019,Alluvial,103,40,38,6.87
6011,Uttar Pradesh,Kanpur,Maize,Kharif,2019,Alluvial,62,23,39,7.12
6012,Uttar Pradesh,Kanpur,Cotton,Kharif,2019,Alluvial,105,60,46,6.84
6013,Uttar Pradesh,Varanasi,Wheat,Rabi,2019,Alluvial,18,3,9,4.93
6014,Uttar Pradesh,Varanasi,Rice,Kharif,2019,Alluvial,98,58,49,6.75
6015,Uttar Pradesh,Varanasi,Maize,Kharif,2019,Alluvial,75,38,28,7.38
6016,Uttar Pradesh,Varanasi,Cotton,Kharif,2019,Alluvial,59,36,26,7.62
6017,West Bengal,Hooghly,Wheat,Rabi,2019,Alluvial,116,75,44,5.91
6018,West Bengal,Hooghly,Rice,Kharif,2019,Alluvial,90,50,35,6.63
6019,West Bengal,Hooghly,Maize,Kharif,2019,Alluvial,122,25,36,6.76
6020,West Bengal,Hooghly,Cotton,Kharif,2019,Alluvial,20,12,1,5.44
6021,West Bengal,Bardhaman,Wheat,Rabi,2019,Clay Loam,155,64,50,6.3
6022,West Bengal,Bardhaman,Rice,Kharif,2019,Clay Loam,14,13,2,4.97
6023,West Bengal,Bardhaman,Maize,Kharif,2019,Clay Loam,0,0,9,5.46
6024,West Bengal,Bardhaman,Cotton,Kharif,2019,Clay Loam,95,52,32,5.93
6025,Maharashtra,Nashik,Wheat,Rabi,2019,Black Soil,102,47,36,7.7
6026,Maharashtra,Nashik,Rice,Kharif,2019,Black Soil,114,41,53,7.78
6027,Maharashtra,Nashik,Maize,Kharif,2019,Black Soil,95,28,21,7.95
6028,Maharashtra,Nashik,Cotton,Kharif,2019,Black Soil,6,10,1,4.37
6029,Maharashtra,Pune,Wheat,Rabi,2019,Black Soil,130,44,53,7.29
6030,Maharashtra,Pune,Rice,Kharif,2019,Black Soil,88,66,53,7.9
6031,Maharashtra,Pune,Maize,Kharif,2019,Black Soil,106,44,29,7.49
6032,Maharashtra,Pune,Cotton,Kharif,2019,Black Soil,103,38,31,7.21
6033,Tamil Nadu,Thanjavur,Wheat,Rabi,2019,Red Loam,91,61,33,6.56
6034,Tamil Nadu,Thanjavur,Rice,Kharif,2019,Red Loam,116,44,56,6.98
6035,Tamil Nadu,Thanjavur,Maize,Kharif,2019,Red Loam,100,45,24,6.81
6036,Tamil Nadu,Thanjavur,Cotton,Kharif,2019,Red Loam,66,48,48,7.15
6037,Andhra Pradesh,Kurnool,Wheat,Rabi,2019,Red Soil,133,62,57,7.12
6038,Andhra Pradesh,Kurnool,Rice,Kharif,2019,Red Soil,16,2,12,5.47
6039,Andhra Pradesh,Kurnool,Maize,Kharif,2019,Red Soil,122,52,16,7.62
6040,Andhra Pradesh,Kurnool,Cotton,Kharif,2019,Red Soil,64,43,42,6.85
6041,Punjab,Ludhiana,Wheat,Rabi,2020,Alluvial,136,83,30,7.46
6042,Punjab,Ludhiana,Rice,Kharif,2020,Alluvial,23,12,10,4.39
6043,Punjab,Ludhiana,Maize,Kharif,2020,Alluvial,133,53,28,7.27
6044,Punjab,Ludhiana,Cotton,Kharif,2020,Alluvial,94,35,21,7.09
6045,Punjab,Patiala,Wheat,Rabi,2020,Alluvial,125,47,56,7.49
6046,Punjab,Patiala,Rice,Kharif,2020,Alluvial,85,42,48,7.41
6047,Punjab,Patiala,Maize,Kharif,2020,Alluvial,77,47,39,7.97
6048,Punjab,Patiala,Cotton,Kharif,2020,Alluvial,117,47,57,7.62
6049,Uttar Pradesh,Kanpur,Wheat,Rabi,2020,Alluvial,112,49,45,6.88
6050,Uttar Pradesh,Kanpur,Rice,Kharif,2020,Alluvial,27,16,6,4.65
6051,Uttar Pradesh,Kanpur,Maize,Kharif,2020,Alluvial,62,59,49,6.73
6052,Uttar Pradesh,Kanpur,Cotton,Kharif,2020,Alluvial,27,13,2,5.42
6053,Uttar Pradesh,Varanasi,Wheat,Rabi,2020,Alluvial,106,61,40,6.87
6054,Uttar Pradesh,Varanasi,Rice,Kharif,2020,Alluvial,68,62,53,6.73
6055,Uttar Pradesh,Varanasi,Maize,Kharif,2020,Alluvial,73,32,11,6.59
6056,Uttar Pradesh,Varanasi,Cotton,Kharif,2020,Alluvial,119,40,18,7.16
6057,West Bengal,Hooghly,Wheat,Rabi,2020,Alluvial,137,62,44,6.51
6058,West Bengal,Hooghly,Rice,Kharif,2020,Alluvial,116,40,45,6.51
6059,West Bengal,Hooghly,Maize,Kharif,2020,Alluvial,6,4,6,4.97
6060,West Bengal,Hooghly,Cotton,Kharif,2020,Alluvial,46,50,42,6.69
6061,West Bengal,Bardhaman,Wheat,Rabi,2020,Clay Loam,90,54,35,5.87
6062,West Bengal,Bardhaman,Rice,Kharif,2020,Clay Loam,96,45,49,6.36
6063,West Bengal,Bardhaman,Maize,Kharif,2020,Clay Loam,71,48,36,6.85
6064,West Bengal,Bardhaman,Cotton,Kharif,2020,Clay Loam,116,56,39,6.38
6065,Maharashtra,Nashik,Wheat,Rabi,2020,Black Soil,119,79,50,7.99
6066,Maharashtra,Nashik,Rice,Kharif,2020,Black Soil,81,65,59,7.55
6067,Maharashtra,Nashik,Maize,Kharif,2020,Black Soil,70,25,24,7.32
6068,Maharashtra,Nashik,Cotton,Kharif,2020,Black Soil,80,17,40,7.56
6069,Maharashtra,Pune,Wheat,Rabi,2020,Black Soil,122,63,25,7.55
6070,Maharashtra,Pune,Rice,Kharif,2020,Black Soil,91,60,56,7.3
6071,Maharashtra,Pune,Maize,Kharif,2020,Black Soil,100,57,28,7.5
6072,Maharashtra,Pune,Cotton,Kharif,2020,Black Soil,128,39,39,7.24
6073,Tamil Nadu,Thanjavur,Wheat,Rabi,2020,Red Loam,115,46,41,6.85
6074,Tamil Nadu,Thanjavur,Rice,Kharif,2020,Red Loam,119,52,32,6.73
6075,Tamil Nadu,Thanjavur,Maize,Kharif,2020,Red Loam,70,39,24,7.24
6076,Tamil Nadu,Thanjavur,Cotton,Kharif,2020,Red Loam,106,22,38,6.49
6077,Andhra Pradesh,Kurnool,Wheat,Rabi,2020,Red Soil,87,46,35,7.35
6078,Andhra Pradesh,Kurnool,Rice,Kharif,2020,Red Soil,69,41,45,7.31
6079,Andhra Pradesh,Kurnool,Maize,Kharif,2020,Red Soil,130,45,18,7.13
6080,Andhra Pradesh,Kurnool,Cotton,Kharif,2020,Red Soil,85,21,56,7.41
6081,Punjab,Ludhiana,Wheat,Rabi,2021,Alluvial,144,57,45,8.15
6082,Punjab,Ludhiana,Rice,Kharif,2021,Alluvial,118,58,41,7.57
6083,Punjab,Ludhiana,Maize,Kharif,2021,Alluvial,18,0,13,5.3
6084,Punjab,Ludhiana,Cotton,Kharif,2021,Alluvial,62,36,54,7.52
6085,Punjab,Patiala,Wheat,Rabi,2021,Alluvial,113,52,43,7.8
6086,Punjab,Patiala,Rice,Kharif,2021,Alluvial,93,52,40,7.86
6087,Punjab,Patiala,Maize,Kharif,2021,Alluvial,56,17,30,7.92
6088,Punjab,Patiala,Cotton,Kharif,2021,Alluvial,39,44,30,7.64
6089,Uttar Pradesh,Kanpur,Wheat,Rabi,2021,Alluvial,126,62,25,6.52
6090,Uttar Pradesh,Kanpur,Rice,Kharif,2021,Alluvial,128,34,46,6.56
6091,Uttar Pradesh,Kanpur,Maize,Kharif,2021,Alluvial,28,2,11,4.67
6092,Uttar Pradesh,Kanpur,Cotton,Kharif,2021,Alluvial,83,52,30,7.16
6093,Uttar Pradesh,Varanasi,Wheat,Rabi,2021,Alluvial,135,50,39,7.29
6094,Uttar Pradesh,Varanasi,Rice,Kharif,2021,Alluvial,122,62,45,7.45
6095,Uttar Pradesh,Varanasi,Maize,Kharif,2021,Alluvial,54,23,5,7.02
6096,Uttar Pradesh,Varanasi,Cotton,Kharif,2021,Alluvial,65,34,22,6.8
6097,West Bengal,Hooghly,Wheat,Rabi,2021,Alluvial,137,58,38,6.67
6098,West Bengal,Hooghly,Rice,Kharif,2021,Alluvial,12,5,8,5.17
6099,West Bengal,Hooghly,Maize,Kharif,2021,Alluvial,94,30,15,6.72
6100,West Bengal,Hooghly,Cotton,Kharif,2021,Alluvial,76,33,32,6.34
6101,West Bengal,Bardhaman,Wheat,Rabi,2021,Clay Loam,114,59,34,6.2
6102,West Bengal,Bardhaman,Rice,Kharif,2021,Clay Loam,93,50,58,6.02
6103,West Bengal,Bardhaman,Maize,Kharif,2021,Clay Loam,112,45,44,5.63
6104,West Bengal,Bardhaman,Cotton,Kharif,2021,Clay Loam,106,31,45,6.15
6105,Maharashtra,Nashik,Wheat,Rabi,2021,Black Soil,99,75,53,7.75
6106,Maharashtra,Nashik,Rice,Kharif,2021,Black Soil,88,48,49,7.87
6107,Maharashtra,Nashik,Maize,Kharif,2021,Black Soil,108,43,41,7.86
6108,Maharashtra,Nashik,Cotton,Kharif,2021,Black Soil,78,31,38,7.66
6109,Maharashtra,Pune,Wheat,Rabi,2021,Black Soil,147,70,40,7.6
6110,Maharashtra,Pune,Rice,Kharif,2021,Black Soil,134,43,55,7.47
6111,Maharashtra,Pune,Maize,Kharif,2021,Black Soil,67,37,21,7.69
6112,Maharashtra,Pune,Cotton,Kharif,2021,Black Soil,59,43,37,6.95
6113,Tamil Nadu,Thanjavur,Wheat,Rabi,2021,Red Loam,127,58,39,7.26
6114,Tamil Nadu,Thanjavur,Rice,Kharif,2021,Red Loam,111,50,55,6.73
6115,Tamil Nadu,Thanjavur,Maize,Kharif,2021,Red Loam,61,49,23,7.11
6116,Tamil Nadu,Thanjavur,Cotton,Kharif,2021,Red Loam,54,41,41,6.71
6117,Andhra Pradesh,Kurnool,Wheat,Rabi,2021,Red Soil,112,60,34,7.06
6118,Andhra Pradesh,Kurnool,Rice,Kharif,2021,Red Soil,107,49,47,6.81
6119,Andhra Pradesh,Kurnool,Maize,Kharif,2021,Red Soil,111,35,35,7.49
6120,Andhra Pradesh,Kurnool,Cotton,Kharif,2021,Red Soil,73,37,36,6.98
6121,Punjab,Ludhiana,Wheat,Rabi,2022,Alluvial,153,61,29,7.7
6122,Punjab,Ludhiana,Rice,Kharif,2022,Alluvial,83,46,46,7.09
6123,Punjab,Ludhiana,Maize,Kharif,2022,Alluvial,79,38,24,7.67
6124,Punjab,Ludhiana,Cotton,Kharif,2022,Alluvial,99,37,52,7.84
6125,Punjab,Patiala,Wheat,Rabi,2022,Alluvial,141,63,14,7.6
6126,Punjab,Patiala,Rice,Kharif,2022,Alluvial,19,1,2,4.94
6127,Punjab,Patiala,Maize,Kharif,2022,Alluvial,125,32,30,7.7
6128,Punjab,Patiala,Cotton,Kharif,2022,Alluvial,26,39,36,7.35
6129,Uttar Pradesh,Kanpur,Wheat,Rabi,2022,Alluvial,133,81,28,7.09
6130,Uttar Pradesh,Kanpur,Rice,Kharif,2022,Alluvial,45,68,29,7.29
6131,Uttar Pradesh,Kanpur,Maize,Kharif,2022,Alluvial,95,35,15,7.5
6132,Uttar Pradesh,Kanpur,Cotton,Kharif,2022,Alluvial,24,10,8,4.81
6133,Uttar Pradesh,Varanasi,Wheat,Rabi,2022,Alluvial,96,69,45,7.16
6134,Uttar Pradesh,Varanasi,Rice,Kharif,2022,Alluvial,100,51,52,7.21
6135,Uttar Pradesh,Varanasi,Maize,Kharif,2022,Alluvial,98,68,20,7.18
6136,Uttar Pradesh,Varanasi,Cotton,Kharif,2022,Alluvial,85,34,53,7.8
6137,West Bengal,Hooghly,Wheat,Rabi,2022,Alluvial,136,69,30,6.35
6138,West Bengal,Hooghly,Rice,Kharif,2022,Alluvial,100,56,49,6.84
6139,West Bengal,Hooghly,Maize,Kharif,2022,Alluvial,53,31,43,6.54
6140,West Bengal,Hooghly,Cotton,Kharif,2022,Alluvial,59,43,45,6.49
6141,West Bengal,Bardhaman,Wheat,Rabi,2022,Clay Loam,124,53,64,6.02
6142,West Bengal,Bardhaman,Rice,Kharif,2022,Clay Loam,97,45,50,6.08
6143,West Bengal,Bardhaman,Maize,Kharif,2022,Clay Loam,71,44,13,6.32
6144,West Bengal,Bardhaman,Cotton,Kharif,2022,Clay Loam,60,29,51,5.78
6145,Maharashtra,Nashik,Wheat,Rabi,2022,Black Soil,134,59,55,7.78
6146,Maharashtra,Nashik,Rice,Kharif,2022,Black Soil,96,33,50,8.03
6147,Maharashtra,Nashik,Maize,Kharif,2022,Black Soil,64,43,25,7.55
6148,Maharashtra,Nashik,Cotton,Kharif,2022,Black Soil,98,32,28,7.49
6149,Maharashtra,Pune,Wheat,Rabi,2022,Black Soil,128,63,42,7.15
6150,Maharashtra,Pune,Rice,Kharif,2022,Black Soil,124,50,49,7.33
6151,Maharashtra,Pune,Maize,Kharif,2022,Black Soil,7,19,6,4.86
6152,Maharashtra,Pune,Cotton,Kharif,2022,Black Soil,60,36,45,7.73
6153,Tamil Nadu,Thanjavur,Wheat,Rabi,2022,Red Loam,3,6,3,5.04
6154,Tamil Nadu,Thanjavur,Rice,Kharif,2022,Red Loam,40,55,59,7.08
6155,Tamil Nadu,Thanjavur,Maize,Kharif,2022,Red Loam,6,0,5,4.54
6156,Tamil Nadu,Thanjavur,Cotton,Kharif,2022,Red Loam,64,45,33,7.01
6157,Andhra Pradesh,Kurnool,Wheat,Rabi,2022,Red Soil,126,65,39,7.88
6158,Andhra Pradesh,Kurnool,Rice,Kharif,2022,Red Soil,96,48,54,7.29
6159,Andhra Pradesh,Kurnool,Maize,Kharif,2022,Red Soil,111,31,17,7.26
6160,Andhra Pradesh,Kurnool,Cotton,Kharif,2022,Red Soil,59,30,35,7.29
6161,Punjab,Ludhiana,Wheat,Rabi,2023,Alluvial,142,62,55,7.23
6162,Punjab,Ludhiana,Rice,Kharif,2023,Alluvial,103,54,50,7.45
6163,Punjab,Ludhiana,Maize,Kharif,2023,Alluvial,74,49,18,7.23
6164,Punjab,Ludhiana,Cotton,Kharif,2023,Alluvial,92,51,33,7.42
6165,Punjab,Patiala,Wheat,Rabi,2023,Alluvial,142,54,43,7.67
6166,Punjab,Patiala,Rice,Kharif,2023,Alluvial,123,42,47,7.22
6167,Punjab,Patiala,Maize,Kharif,2023,Alluvial,93,43,44,7.69
6168,Punjab,Patiala,Cotton,Kharif,2023,Alluvial,101,45,47,7.91
6169,Uttar Pradesh,Kanpur,Wheat,Rabi,2023,Alluvial,139,49,60,7.54
6170,Uttar Pradesh,Kanpur,Rice,Kharif,2023,Alluvial,57,32,49,7.6
6171,Uttar Pradesh,Kanpur,Maize,Kharif,2023,Alluvial,78,49,18,6.93
6172,Uttar Pradesh,Kanpur,Cotton,Kharif,2023,Alluvial,91,39,32,6.91
6173,Uttar Pradesh,Varanasi,Wheat,Rabi,2023,Alluvial,75,51,59,7.04
6174,Uttar Pradesh,Varanasi,Rice,Kharif,2023,Alluvial,128,32,55,7.1
6175,Uttar Pradesh,Varanasi,Maize,Kharif,2023,Alluvial,77,31,27,7.34
6176,Uttar Pradesh,Varanasi,Cotton,Kharif,2023,Alluvial,77,33,49,7.19
6177,West Bengal,Hooghly,Wheat,Rabi,2023,Alluvial,28,17,6,4.67
6178,West Bengal,Hooghly,Rice,Kharif,2023,Alluvial,96,48,53,6.69
6179,West Bengal,Hooghly,Maize,Kharif,2023,Alluvial,79,58,43,6.32
6180,West Bengal,Hooghly,Cotton,Kharif,2023,Alluvial,126,39,37,6.67
6181,West Bengal,Bardhaman,Wheat,Rabi,2023,Clay Loam,132,45,33,6.65
6182,West Bengal,Bardhaman,Rice,Kharif,2023,Clay Loam,86,33,38,6.69
6183,West Bengal,Bardhaman,Maize,Kharif,2023,Clay Loam,111,59,42,6.59
6184,West Bengal,Bardhaman,Cotton,Kharif,2023,Clay Loam,75,26,43,6.3
6185,Maharashtra,Nashik,Wheat,Rabi,2023,Black Soil,144,55,44,7.35
6186,Maharashtra,Nashik,Rice,Kharif,2023,Black Soil,108,61,45,7.64
6187,Maharashtra,Nashik,Maize,Kharif,2023,Black Soil,76,44,21,8.04
6188,Maharashtra,Nashik,Cotton,Kharif,2023,Black Soil,73,26,30,7.21
6189,Maharashtra,Pune,Wheat,Rabi,2023,Black Soil,7,0,5,4.32
6190,Maharashtra,Pune,Rice,Kharif,2023,Black Soil,99,52,53,7.45
6191,Maharashtra,Pune,Maize,Kharif,2023,Black Soil,140,48,19,7.82
6192,Maharashtra,Pune,Cotton,Kharif,2023,Black Soil,24,16,8,4.94
6193,Tamil Nadu,Thanjavur,Wheat,Rabi,2023,Red Loam,121,61,27,6.71
6194,Tamil Nadu,Thanjavur,Rice,Kharif,2023,Red Loam,116,45,55,6.91
6195,Tamil Nadu,Thanjavur,Maize,Kharif,2023,Red Loam,111,22,31,7.19
6196,Tamil Nadu,Thanjavur,Cotton,Kharif,2023,Red Loam,18,7,13,4.33
6197,Andhra Pradesh,Kurnool,Wheat,Rabi,2023,Red Soil,112,69,41,7.04
6198,Andhra Pradesh,Kurnool,Rice,Kharif,2023,Red Soil,63,48,30,7.43
6199,Andhra Pradesh,Kurnool,Maize,Kharif,2023,Red Soil,106,51,29,7.37
6200,Andhra Pradesh,Kurnool,Cotton,Kharif,2023,Red Soil,13,2,12,5.41
6201,Punjab,Ludhiana,Wheat,Rabi,2019,Alluvial,99,66,31,7.25
6202,Punjab,Ludhiana,Rice,Kharif,2019,Alluvial,112,56,42,7.11
6203,Punjab,Ludhiana,Maize,Kharif,2019,Alluvial,81,42,20,7.01
6204,Punjab,Ludhiana,Cotton,Kharif,2019,Alluvial,61,28,44,7.5
6205,Punjab,Patiala,Wheat,Rabi,2019,Alluvial,146,54,35,7.81
6206,Punjab,Patiala,Rice,Kharif,2019,Alluvial,103,73,54,7.51
6207,Punjab,Patiala,Maize,Kharif,2019,Alluvial,79,46,37,8.06
6208,Punjab,Patiala,Cotton,Kharif,2019,Alluvial,0,18,10,5.17
6209,Uttar Pradesh,Kanpur,Wheat,Rabi,2019,Alluvial,111,71,22,7.33
6210,Uttar Pradesh,Kanpur,Rice,Kharif,2019,Alluvial,84,58,44,7.51
6211,Uttar Pradesh,Kanpur,Maize,Kharif,2019,Alluvial,78,32,14,7.28
6212,Uttar Pradesh,Kanpur,Cotton,Kharif,2019,Alluvial,77,33,41,7.49
6213,Uttar Pradesh,Varanasi,Wheat,Rabi,2019,Alluvial,75,80,20,6.94
6214,Uttar Pradesh,Varanasi,Rice,Kharif,2019,Alluvial,61,50,33,6.88
6215,Uttar Pradesh,Varanasi,Maize,Kharif,2019,Alluvial,61,40,35,7.09
6216,Uttar Pradesh,Varanasi,Cotton,Kharif,2019,Alluvial,60,38,47,7.31
6217,West Bengal,Hooghly,Wheat,Rabi,2019,Alluvial,114,45,37,6.89
6218,West Bengal,Hooghly,Rice,Kharif,2019,Alluvial,107,57,62,6.42
6219,West Bengal,Hooghly,Maize,Kharif,2019,Alluvial,94,39,47,6.6
6220,West Bengal,Hooghly,Cotton,Kharif,2019,Alluvial,109,50,53,6.13
6221,West Bengal,Bardhaman,Wheat,Rabi,2019,Clay Loam,117,56,28,6.64
6222,West Bengal,Bardhaman,Rice,Kharif,2019,Clay Loam,69,53,53,5.87
6223,West Bengal,Bardhaman,Maize,Kharif,2019,Clay Loam,101,46,53,6.46
6224,West Bengal,Bardhaman,Cotton,Kharif,2019,Clay Loam,77,46,30,5.96
6225,Maharashtra,Nashik,Wheat,Rabi,2019,Black Soil,144,54,36,7.5
6226,Maharashtra,Nashik,Rice,Kharif,2019,Black Soil,137,52,44,7.77
6227,Maharashtra,Nashik,Maize,Kharif,2019,Black Soil,50,25,19,8.02
6228,Maharashtra,Nashik,Cotton,Kharif,2019,Black Soil,54,57,54,7.7
6229,Maharashtra,Pune,Wheat,Rabi,2019,Black Soil,19,15,9,4.3
6230,Maharashtra,Pune,Rice,Kharif,2019,Black Soil,103,55,44,6.89
6231,Maharashtra,Pune,Maize,Kharif,2019,Black Soil,71,55,18,7.47
6232,Maharashtra,Pune,Cotton,Kharif,2019,Black Soil,33,45,32,7.69
6233,Tamil Nadu,Thanjavur,Wheat,Rabi,2019,Red Loam,119,72,39,7.01
6234,Tamil Nadu,Thanjavur,Rice,Kharif,2019,Red Loam,99,61,64,6.85
6235,Tamil Nadu,Thanjavur,Maize,Kharif,2019,Red Loam,81,48,42,6.43
6236,Tamil Nadu,Thanjavur,Cotton,Kharif,2019,Red Loam,32,49,26,6.8
6237,Andhra Pradesh,Kurnool,Wheat,Rabi,2019,Red Soil,169,61,36,7.13
6238,Andhra Pradesh,Kurnool,Rice,Kharif,2019,Red Soil,106,26,49,6.94
6239,Andhra Pradesh,Kurnool,Maize,Kharif,2019,Red Soil,91,38,27,6.97
6240,Andhra Pradesh,Kurnool,Cotton,Kharif,2019,Red Soil,0,11,11,5.19
6241,Punjab,Ludhiana,Wheat,Rabi,2020,Alluvial,127,68,61,6.93
6242,Punjab,Ludhiana,Rice,Kharif,2020,Alluvial,72,57,61,8.04
6243,Punjab,Ludhiana,Maize,Kharif,2020,Alluvial,85,49,40,7.19
6244,Punjab,Ludhiana,Cotton,Kharif,2020,Alluvial,86,6,38,7.1
6245,Punjab,Patiala,Wheat,Rabi,2020,Alluvial,126,64,29,7.14
6246,Punjab,Patiala,Rice,Kharif,2020,Alluvial,103,48,67,7.62
6247,Punjab,Patiala,Maize,Kharif,2020,Alluvial,82,35,44,7.38
6248,Punjab,Patiala,Cotton,Kharif,2020,Alluvial,75,46,39,7.54
6249,Uttar Pradesh,Kanpur,Wheat,Rabi,2020,Alluvial,127,75,30,7.26
6250,Uttar Pradesh,Kanpur,Rice,Kharif,2020,Alluvial,82,50,39,7.19
6251,Uttar Pradesh,Kanpur,Maize,Kharif,2020,Alluvial,84,32,24,7.04
6252,Uttar Pradesh,Kanpur,Cotton,Kharif,2020,Alluvial,128,57,41,7.35
6253,Uttar Pradesh,Varanasi,Wheat,Rabi,2020,Alluvial,112,75,38,7.26
6254,Uttar Pradesh,Varanasi,Rice,Kharif,2020,Alluvial,88,59,70,6.72
6255,Uttar Pradesh,Varanasi,Maize,Kharif,2020,Alluvial,93,47,26,7.81
6256,Uttar Pradesh,Varanasi,Cotton,Kharif,2020,Alluvial,79,38,30,6.83
6257,West Bengal,Hooghly,Wheat,Rabi,2020,Alluvial,129,62,17,6.57
6258,West Bengal,Hooghly,Rice,Kharif,2020,Alluvial,68,48,26,6.26
6259,West Bengal,Hooghly,Maize,Kharif,2020,Alluvial,76,60,12,6.22
6260,West Bengal,Hooghly,Cotton,Kharif,2020,Alluvial,15,15,11,4.55
6261,West Bengal,Bardhaman,Wheat,Rabi,2020,Clay Loam,114,63,45,6.45
6262,West Bengal,Bardhaman,Rice,Kharif,2020,Clay Loam,115,48,60,6.27
6263,West Bengal,Bardhaman,Maize,Kharif,2020,Clay Loam,94,20,19,5.81
6264,West Bengal,Bardhaman,Cotton,Kharif,2020,Clay Loam,57,50,46,5.97
6265,Maharashtra,Nashik,Wheat,Rabi,2020,Black Soil,112,48,34,7.95
6266,Maharashtra,Nashik,Rice,Kharif,2020,Black Soil,106,49,57,7.73
6267,Maharashtra,Nashik,Maize,Kharif,2020,Black Soil,78,47,9,8.01
6268,Maharashtra,Nashik,Cotton,Kharif,2020,Black Soil,61,55,60,7.72
6269,Maharashtra,Pune,Wheat,Rabi,2020,Black Soil,108,35,40,7.74
6270,Maharashtra,Pune,Rice,Kharif,2020,Black Soil,16,9,12,4.41
6271,Maharashtra,Pune,Maize,Kharif,2020,Black Soil,12,13,7,4.1
6272,Maharashtra,Pune,Cotton,Kharif,2020,Black Soil,64,36,44,7.6
6273,Tamil Nadu,Thanjavur,Wheat,Rabi,2020,Red Loam,145,43,40,6.82
6274,Tamil Nadu,Thanjavur,Rice,Kharif,2020,Red Loam,1,2,3,4.94
6275,Tamil Nadu,Thanjavur,Maize,Kharif,2020,Red Loam,3,11,13,5.03
6276,Tamil Nadu,Thanjavur,Cotton,Kharif,2020,Red Loam,73,57,33,6.72
6277,Andhra Pradesh,Kurnool,Wheat,Rabi,2020,Red Soil,111,78,43,7.51
6278,Andhra Pradesh,Kurnool,Rice,Kharif,2020,Red Soil,124,60,42,7.67
6279,Andhra Pradesh,Kurnool,Maize,Kharif,2020,Red Soil,81,53,18,7.15
6280,Andhra Pradesh,Kurnool,Cotton,Kharif,2020,Red Soil,48,27,41,6.86
6281,Punjab,Ludhiana,Wheat,Rabi,2021,Alluvial,118,54,44,7.14
6282,Punjab,Ludhiana,Rice,Kharif,2021,Alluvial,98,50,50,7.38
6283,Punjab,Ludhiana,Maize,Kharif,2021,Alluvial,139,41,19,7.33
6284,Punjab,Ludhiana,Cotton,Kharif,2021,Alluvial,50,34,38,7.46
6285,Punjab,Patiala,Wheat,Rabi,2021,Alluvial,84,52,37,7.51
6286,Punjab,Patiala,Rice,Kharif,2021,Alluvial,89,57,52,7.48
6287,Punjab,Patiala,Maize,Kharif,2021,Alluvial,60,38,18,7.57
6288,Punjab,Patiala,Cotton,Kharif,2021,Alluvial,116,56,40,7.96
6289,Uttar Pradesh,Kanpur,Wheat,Rabi,2021,Alluvial,102,48,24,7.4
6290,Uttar Pradesh,Kanpur,Rice,Kharif,2021,Alluvial,129,49,53,7.47
6291,Uttar Pradesh,Kanpur,Maize,Kharif,2021,Alluvial,90,46,31,7.63
6292,Uttar Pradesh,Kanpur,Cotton,Kharif,2021,Alluvial,77,53,47,7.23
6293,Uttar Pradesh,Varanasi,Wheat,Rabi,2021,Alluvial,149,42,41,7.75
6294,Uttar Pradesh,Varanasi,Rice,Kharif,2021,Alluvial,57,38,43,7.18
6295,Uttar Pradesh,Varanasi,Maize,Kharif,2021,Alluvial,104,52,33,7.18
6296,Uttar Pradesh,Varanasi,Cotton,Kharif,2021,Alluvial,74,43,28,7.16
6297,West Bengal,Hooghly,Wheat,Rabi,2021,Alluvial,125,67,71,6.84
6298,West Bengal,Hooghly,Rice,Kharif,2021,Alluvial,109,37,48,6.88
6299,West Bengal,Hooghly,Maize,Kharif,2021,Alluvial,74,44,23,6.33
6300,West Bengal,Hooghly,Cotton,Kharif,2021,Alluvial,91,51,34,7.47
6301,West Bengal,Bardhaman,Wheat,Rabi,2021,Clay Loam,123,45,33,6.63
6302,West Bengal,Bardhaman,Rice,Kharif,2021,Clay Loam,81,34,30,5.97
6303,West Bengal,Bardhaman,Maize,Kharif,2021,Clay Loam,79,48,42,6.69
6304,West Bengal,Bardhaman,Cotton,Kharif,2021,Clay Loam,64,59,41,6.03
6305,Maharashtra,Nashik,Wheat,Rabi,2021,Black Soil,3,4,6,4.38
6306,Maharashtra,Nashik,Rice,Kharif,2021,Black Soil,101,62,39,8.33
6307,Maharashtra,Nashik,Maize,Kharif,2021,Black Soil,89,32,30,7.79
6308,Maharashtra,Nashik,Cotton,Kharif,2021,Black Soil,96,30,52,8.26
6309,Maharashtra,Pune,Wheat,Rabi,2021,Black Soil,138,65,43,7.45
6310,Maharashtra,Pune,Rice,Kharif,2021,Black Soil,9,3,0,5.44
6311,Maharashtra,Pune,Maize,Kharif,2021,Black Soil,104,48,13,7.29
6312,Maharashtra,Pune,Cotton,Kharif,2021,Black Soil,72,34,48,7.63
6313,Tamil Nadu,Thanjavur,Wheat,Rabi,2021,Red Loam,24,9,14,4.34
6314,Tamil Nadu,Thanjavur,Rice,Kharif,2021,Red Loam,87,52,70,6.71
6315,Tamil Nadu,Thanjavur,Maize,Kharif,2021,Red Loam,99,35,31,6.57
6316,Tamil Nadu,Thanjavur,Cotton,Kharif,2021,Red Loam,9,19,7,4.71
6317,Andhra Pradesh,Kurnool,Wheat,Rabi,2021,Red Soil,18,14,13,4.0
6318,Andhra Pradesh,Kurnool,Rice,Kharif,2021,Red Soil,110,40,46,7.46
6319,Andhra Pradesh,Kurnool,Maize,Kharif,2021,Red Soil,92,41,41,7.35
6320,Andhra Pradesh,Kurnool,Cotton,Kharif,2021,Red Soil,80,38,37,7.04
6321,Punjab,Ludhiana,Wheat,Rabi,2022,Alluvial,131,72,40,7.62
6322,Punjab,Ludhiana,Rice,Kharif,2022,Alluvial,82,67,41,7.55
6323,Punjab,Ludhiana,Maize,Kharif,2022,Alluvial,92,50,28,7.38
6324,Punjab,Ludhiana,Cotton,Kharif,2022,Alluvial,74,33,28,7.58
6325,Punjab,Patiala,Wheat,Rabi,2022,Alluvial,81,74,48,7.51
6326,Punjab,Patiala,Rice,Kharif,2022,Alluvial,83,62,32,7.93
6327,Punjab,Patiala,Maize,Kharif,2022,Alluvial,118,44,38,8.15
6328,Punjab,Patiala,Cotton,Kharif,2022,Alluvial,78,39,36,7.17
6329,Uttar Pradesh,Kanpur,Wheat,Rabi,2022,Alluvial,113,56,26,7.2
6330,Uttar Pradesh,Kanpur,Rice,Kharif,2022,Alluvial,17,1,3,4.32
6331,Uttar Pradesh,Kanpur,Maize,Kharif,2022,Alluvial,83,36,24,7.01
6332,Uttar Pradesh,Kanpur,Cotton,Kharif,2022,Alluvial,99,43,44,6.65
6333,Uttar Pradesh,Varanasi,Wheat,Rabi,2022,Alluvial,7,6,12,5.14
6334,Uttar Pradesh,Varanasi,Rice,Kharif,2022,Alluvial,1,6,2,5.12
6335,Uttar Pradesh,Varanasi,Maize,Kharif,2022,Alluvial,59,48,28,7.01
6336,Uttar Pradesh,Varanasi,Cotton,Kharif,2022,Alluvial,99,45,43,6.36
6337,West Bengal,Hooghly,Wheat,Rabi,2022,Alluvial,103,66,41,6.48
6338,West Bengal,Hooghly,Rice,Kharif,2022,Alluvial,76,57,33,6.86
6339,West Bengal,Hooghly,Maize,Kharif,2022,Alluvial,13,13,8,5.09
6340,West Bengal,Hooghly,Cotton,Kharif,2022,Alluvial,110,46,59,6.03
6341,West Bengal,Bardhaman,Wheat,Rabi,2022,Clay Loam,101,67,51,6.32
6342,West Bengal,Bardhaman,Rice,Kharif,2022,Clay Loam,109,65,56,6.03
6343,West Bengal,Bardhaman,Maize,Kharif,2022,Clay Loam,123,40,42,6.4
6344,West Bengal,Bardhaman,Cotton,Kharif,2022,Clay Loam,85,26,41,6.04
6345,Maharashtra,Nashik,Wheat,Rabi,2022,Black Soil,88,56,49,7.73
6346,Maharashtra,Nashik,Rice,Kharif,2022,Black Soil,116,44,40,7.67
6347,Maharashtra,Nashik,Maize,Kharif,2022,Black Soil,101,38,41,7.42
6348,Maharashtra,Nashik,Cotton,Kharif,2022,Black Soil,57,61,47,7.9
6349,Maharashtra,Pune,Wheat,Rabi,2022,Black Soil,115,73,49,7.68
6350,Maharashtra,Pune,Rice,Kharif,2022,Black Soil,109,52,54,7.4
6351,Maharashtra,Pune,Maize,Kharif,2022,Black Soil,15,9,11,4.75
6352,Maharashtra,Pune,Cotton,Kharif,2022,Black Soil,106,29,44,7.36
6353,Tamil Nadu,Thanjavur,Wheat,Rabi,2022,Red Loam,142,41,39,7.1
6354,Tamil Nadu,Thanjavur,Rice,Kharif,2022,Red Loam,121,51,53,6.95
6355,Tamil Nadu,Thanjavur,Maize,Kharif,2022,Red Loam,81,21,27,6.37
6356,Tamil Nadu,Thanjavur,Cotton,Kharif,2022,Red Loam,65,43,50,7.21
6357,Andhra Pradesh,Kurnool,Wheat,Rabi,2022,Red Soil,120,68,20,7.14
6358,Andhra Pradesh,Kurnool,Rice,Kharif,2022,Red Soil,104,58,43,7.29
6359,Andhra Pradesh,Kurnool,Maize,Kharif,2022,Red Soil,65,57,25,7.22
6360,Andhra Pradesh,Kurnool,Cotton,Kharif,2022,Red Soil,57,44,32,6.68
6361,Punjab,Ludhiana,Wheat,Rabi,2023,Alluvial,97,47,30,7.5
6362,Punjab,Ludhiana,Rice,Kharif,2023,Alluvial,138,53,44,7.55
6363,Punjab,Ludhiana,Maize,Kharif,2023,Alluvial,105,28,32,7.17
6364,Punjab,Ludhiana,Cotton,Kharif,2023,Alluvial,77,20,35,7.4
6365,Punjab,Patiala,Wheat,Rabi,2023,Alluvial,21,14,14,4.51
6366,Punjab,Patiala,Rice,Kharif,2023,Alluvial,117,59,43,7.32
6367,Punjab,Patiala,Maize,Kharif,2023,Alluvial,111,44,25,8.05
6368,Punjab,Patiala,Cotton,Kharif,2023,Alluvial,53,30,39,7.29
6369,Uttar Pradesh,Kanpur,Wheat,Rabi,2023,Alluvial,29,6,3,4.62
6370,Uttar Pradesh,Kanpur,Rice,Kharif,2023,Alluvial,124,55,58,6.91
6371,Uttar Pradesh,Kanpur,Maize,Kharif,2023,Alluvial,16,0,2,4.29
6372,Uttar Pradesh,Kanpur,Cotton,Kharif,2023,Alluvial,83,17,40,7.43
6373,Uttar Pradesh,Varanasi,Wheat,Rabi,2023,Alluvial,116,63,33,6.98
6374,Uttar Pradesh,Varanasi,Rice,Kharif,2023,Alluvial,110,45,34,6.79
6375,Uttar Pradesh,Varanasi,Maize,Kharif,2023,Alluvial,8,10,13,4.37
6376,Uttar Pradesh,Varanasi,Cotton,Kharif,2023,Alluvial,80,35,45,7.1
6377,West Bengal,Hooghly,Wheat,Rabi,2023,Alluvial,111,59,42,6.26
6378,West Bengal,Hooghly,Rice,Kharif,2023,Alluvial,91,65,51,6.52
6379,West Bengal,Hooghly,Maize,Kharif,2023,Alluvial,21,0,3,4.48
6380,West Bengal,Hooghly,Cotton,Kharif,2023,Alluvial,69,53,42,6.71
6381,West Bengal,Bardhaman,Wheat,Rabi,2023,Clay Loam,123,58,21,5.65
6382,West Bengal,Bardhaman,Rice,Kharif,2023,Clay Loam,91,53,37,6.55
6383,West Bengal,Bardhaman,Maize,Kharif,2023,Clay Loam,79,41,32,5.77
6384,West Bengal,Bardhaman,Cotton,Kharif,2023,Clay Loam,96,63,29,6.42
6385,Maharashtra,Nashik,Wheat,Rabi,2023,Black Soil,100,62,37,8.0
6386,Maharashtra,Nashik,Rice,Kharif,2023,Black Soil,109,41,55,7.58
6387,Maharashtra,Nashik,Maize,Kharif,2023,Black Soil,6,16,12,4.5
6388,Maharashtra,Nashik,Cotton,Kharif,2023,Black Soil,99,32,24,8.31
6389,Maharashtra,Pune,Wheat,Rabi,2023,Black Soil,88,52,50,7.64
6390,Maharashtra,Pune,Rice,Kharif,2023,Black Soil,23,17,2,4.04
6391,Maharashtra,Pune,Maize,Kharif,2023,Black Soil,20,19,1,4.05
6392,Maharashtra,Pune,Cotton,Kharif,2023,Black Soil,69,53,28,7.44
6393,Tamil Nadu,Thanjavur,Wheat,Rabi,2023,Red Loam,17,15,10,4.97
6394,Tamil Nadu,Thanjavur,Rice,Kharif,2023,Red Loam,28,15,9,4.56
6395,Tamil Nadu,Thanjavur,Maize,Kharif,2023,Red Loam,79,45,19,6.73
6396,Tamil Nadu,Thanjavur,Cotton,Kharif,2023,Red Loam,26,17,6,4.11
6397,Andhra Pradesh,Kurnool,Wheat,Rabi,2023,Red Soil,119,70,39,7.12
6398,Andhra Pradesh,Kurnool,Rice,Kharif,2023,Red Soil,118,53,39,6.98
6399,Andhra Pradesh,Kurnool,Maize,Kharif,2023,Red Soil,104,48,19,7.85
6400,Andhra Pradesh,Kurnool,Cotton,Kharif,2023,Red Soil,85,42,28,6.58
6401,Punjab,Ludhiana,Wheat,Rabi,2019,Alluvial,123,61,48,7.25
6402,Punjab,Ludhiana,Rice,Kharif,2019,Alluvial,80,56,36,7.84
6403,Punjab,Ludhiana,Maize,Kharif,2019,Alluvial,39,50,23,7.72
6404,Punjab,Ludhiana,Cotton,Kharif,2019,Alluvial,70,50,30,7.56
6405,Punjab,Patiala,Wheat,Rabi,2019,Alluvial,21,10,13,4.21
6406,Punjab,Patiala,Rice,Kharif,2019,Alluvial,94,64,51,7.57
6407,Punjab,Patiala,Maize,Kharif,2019,Alluvial,69,36,23,7.54
6408,Punjab,Patiala,Cotton,Kharif,2019,Alluvial,105,34,57,7.92
6409,Uttar Pradesh,Kanpur,Wheat,Rabi,2019,Alluvial,8,11,9,5.07
6410,Uttar Pradesh,Kanpur,Rice,Kharif,2019,Alluvial,129,52,50,7.17
6411,Uttar Pradesh,Kanpur,Maize,Kharif,2019,Alluvial,88,42,18,7.04
6412,Uttar Pradesh,Kanpur,Cotton,Kharif,2019,Alluvial,90,55,30,6.87
6413,Uttar Pradesh,Varanasi,Wheat,Rabi,2019,Alluvial,103,61,45,7.07
6414,Uttar Pradesh,Varanasi,Rice,Kharif,2019,Alluvial,24,11,0,5.31
6415,Uttar Pradesh,Varanasi,Maize,Kharif,2019,Alluvial,69,37,20,6.61
6416,Uttar Pradesh,Varanasi,Cotton,Kharif,2019,Alluvial,57,37,40,7.08
6417,West Bengal,Hooghly,Wheat,Rabi,2019,Alluvial,158,57,44,6.14
6418,West Bengal,Hooghly,Rice,Kharif,2019,Alluvial,96,56,40,6.34
6419,West Bengal,Hooghly,Maize,Kharif,2019,Alluvial,95,34,51,6.82
6420,West Bengal,Hooghly,Cotton,Kharif,2019,Alluvial,87,41,34,6.4
6421,West Bengal,Bardhaman,Wheat,Rabi,2019,Clay Loam,115,81,44,6.11
6422,West Bengal,Bardhaman,Rice,Kharif,2019,Clay Loam,108,45,65,5.92
6423,West Bengal,Bardhaman,Maize,Kharif,2019,Clay Loam,115,50,56,6.55
6424,West Bengal,Bardhaman,Cotton,Kharif,2019,Clay Loam,62,42,26,5.98
6425,Maharashtra,Nashik,Wheat,Rabi,2019,Black Soil,111,63,34,8.26
6426,Maharashtra,Nashik,Rice,Kharif,2019,Black Soil,63,43,50,7.37
6427,Maharashtra,Nashik,Maize,Kharif,2019,Black Soil,63,37,32,7.93
6428,Maharashtra,Nashik,Cotton,Kharif,2019,Black Soil,98,43,38,8.28
6429,Maharashtra,Pune,Wheat,Rabi,2019,Black Soil,23,3,8,5.21
6430,Maharashtra,Pune,Rice,Kharif,2019,Black Soil,90,44,58,7.52
6431,Maharashtra,Pune,Maize,Kharif,2019,Black Soil,80,39,27,7.71
6432,Maharashtra,Pune,Cotton,Kharif,2019,Black Soil,70,23,33,7.72
6433,Tamil Nadu,Thanjavur,Wheat,Rabi,2019,Red Loam,141,69,42,6.87
6434,Tamil Nadu,Thanjavur,Rice,Kharif,2019,Red Loam,103,65,62,6.67
6435,Tamil Nadu,Thanjavur,Maize,Kharif,2019,Red Loam,120,32,24,7.07
6436,Tamil Nadu,Thanjavur,Cotton,Kharif,2019,Red Loam,89,39,39,5.87
6437,Andhra Pradesh,Kurnool,Wheat,Rabi,2019,Red Soil,107,67,17,6.87
6438,Andhra Pradesh,Kurnool,Rice,Kharif,2019,Red Soil,75,50,48,6.94
6439,Andhra Pradesh,Kurnool,Maize,Kharif,2019,Red Soil,98,27,30,6.71
6440,Andhra Pradesh,Kurnool,Cotton,Kharif,2019,Red Soil,74,30,37,7.48
6441,Punjab,Ludhiana,Wheat,Rabi,2020,Alluvial,18,15,11,4.94
6442,Punjab,Ludhiana,Rice,Kharif,2020,Alluvial,74,54,55,7.74
6443,Punjab,Ludhiana,Maize,Kharif,2020,Alluvial,110,37,32,7.69
6444,Punjab,Ludhiana,Cotton,Kharif,2020,Alluvial,92,52,33,6.94
6445,Punjab,Patiala,Wheat,Rabi,2020,Alluvial,115,43,33,7.7
6446,Punjab,Patiala,Rice,Kharif,2020,Alluvial,87,59,53,7.87
6447,Punjab,Patiala,Maize,Kharif,2020,Alluvial,76,27,35,7.81
6448,Punjab,Patiala,Cotton,Kharif,2020,Alluvial,77,30,42,7.61
6449,Uttar Pradesh,Kanpur,Wheat,Rabi,2020,Alluvial,106,51,46,7.34
6450,Uttar Pradesh,Kanpur,Rice,Kharif,2020,Alluvial,91,58,61,7.0
6451,Uttar Pradesh,Kanpur,Maize,Kharif,2020,Alluvial,73,34,27,7.15
6452,Uttar Pradesh,Kanpur,Cotton,Kharif,2020,Alluvial,10,16,5,4.44
6453,Uttar Pradesh,Varanasi,Wheat,Rabi,2020,Alluvial,138,67,31,6.94
6454,Uttar Pradesh,Varanasi,Rice,Kharif,2020,Alluvial,142,66,48,7.14
6455,Uttar Pradesh,Varanasi,Maize,Kharif,2020,Alluvial,90,48,19,7.46
6456,Uttar Pradesh,Varanasi,Cotton,Kharif,2020,Alluvial,93,40,13,6.89
6457,West Bengal,Hooghly,Wheat,Rabi,2020,Alluvial,151,59,48,6.06
6458,West Bengal,Hooghly,Rice,Kharif,2020,Alluvial,25,14,11,4.27
6459,West Bengal,Hooghly,Maize,Kharif,2020,Alluvial,96,63,26,6.49
6460,West Bengal,Hooghly,Cotton,Kharif,2020,Alluvial,54,20,35,6.66
6461,West Bengal,Bardhaman,Wheat,Rabi,2020,Clay Loam,117,62,46,5.84
6462,West Bengal,Bardhaman,Rice,Kharif,2020,Clay Loam,16,13,13,4.99
6463,West Bengal,Bardhaman,Maize,Kharif,2020,Clay Loam,98,36,30,5.97
6464,West Bengal,Bardhaman,Cotton,Kharif,2020,Clay Loam,61,29,37,6.49
6465,Maharashtra,Nashik,Wheat,Rabi,2020,Black Soil,12,10,10,4.98
6466,Maharashtra,Nashik,Rice,Kharif,2020,Black Soil,14,10,0,4.11
6467,Maharashtra,Nashik,Maize,Kharif,2020,Black Soil,102,33,28,7.37
6468,Maharashtra,Nashik,Cotton,Kharif,2020,Black Soil,76,41,22,7.8
6469,Maharashtra,Pune,Wheat,Rabi,2020,Black Soil,120,60,33,7.48
6470,Maharashtra,Pune,Rice,Kharif,2020,Black Soil,98,46,65,7.81
6471,Maharashtra,Pune,Maize,Kharif,2020,Black Soil,92,50,17,7.55
6472,Maharashtra,Pune,Cotton,Kharif,2020,Black Soil,73,43,31,8.22
6473,Tamil Nadu,Thanjavur,Wheat,Rabi,2020,Red Loam,128,46,45,6.61
6474,Tamil Nadu,Thanjavur,Rice,Kharif,2020,Red Loam,120,44,56,6.59
6475,Tamil Nadu,Thanjavur,Maize,Kharif,2020,Red Loam,76,34,25,6.94
6476,Tamil Nadu,Thanjavur,Cotton,Kharif,2020,Red Loam,93,54,43,6.55
6477,Andhra Pradesh,Kurnool,Wheat,Rabi,2020,Red Soil,150,63,46,7.02
6478,Andhra Pradesh,Kurnool,Rice,Kharif,2020,Red Soil,135,62,46,6.96
6479,Andhra Pradesh,Kurnool,Maize,Kharif,2020,Red Soil,100,41,39,7.99
6480,Andhra Pradesh,Kurnool,Cotton,Kharif,2020,Red Soil,28,2,10,4.64
6481,Punjab,Ludhiana,Wheat,Rabi,2021,Alluvial,118,55,29,7.63
6482,Punjab,Ludhiana,Rice,Kharif,2021,Alluvial,153,57,54,7.24
6483,Punjab,Ludhiana,Maize,Kharif,2021,Alluvial,91,52,42,7.68
6484,Punjab,Ludhiana,Cotton,Kharif,2021,Alluvial,49,38,42,7.65
6485,Punjab,Patiala,Wheat,Rabi,2021,Alluvial,155,66,61,7.79
6486,Punjab,Patiala,Rice,Kharif,2021,Alluvial,122,58,44,7.68
6487,Punjab,Patiala,Maize,Kharif,2021,Alluvial,110,40,39,7.88
6488,Punjab,Patiala,Cotton,Kharif,2021,Alluvial,9,3,7,4.27
6489,Uttar Pradesh,Kanpur,Wheat,Rabi,2021,Alluvial,73,72,45,6.63
6490,Uttar Pradesh,Kanpur,Rice,Kharif,2021,Alluvial,134,61,54,7.46
6491,Uttar Pradesh,Kanpur,Maize,Kharif,2021,Alluvial,68,48,34,7.45
6492,Uttar Pradesh,Kanpur,Cotton,Kharif,2021,Alluvial,99,47,53,7.42
6493,Uttar Pradesh,Varanasi,Wheat,Rabi,2021,Alluvial,94,45,50,6.88
6494,Uttar Pradesh,Varanasi,Rice,Kharif,2021,Alluvial,89,35,49,6.99
6495,Uttar Pradesh,Varanasi,Maize,Kharif,2021,Alluvial,61,24,24,7.39
6496,Uttar Pradesh,Varanasi,Cotton,Kharif,2021,Alluvial,90,45,66,7.23
6497,West Bengal,Hooghly,Wheat,Rabi,2021,Alluvial,121,62,56,6.26
6498,West Bengal,Hooghly,Rice,Kharif,2021,Alluvial,99,69,45,6.28
6499,West Bengal,Hooghly,Maize,Kharif,2021,Alluvial,11,4,3,4.76
6500,West Bengal,Hooghly,Cotton,Kharif,2021,Alluvial,62,30,41,6.53
6501,West Bengal,Bardhaman,Wheat,Rabi,2021,Clay Loam,91,50,23,6.34
6502,West Bengal,Bardhaman,Rice,Kharif,2021,Clay Loam,86,36,45,5.88
6503,West Bengal,Bardhaman,Maize,Kharif,2021,Clay Loam,112,26,29,6.11
6504,West Bengal,Bardhaman,Cotton,Kharif,2021,Clay Loam,3,13,6,4.26
6505,Maharashtra,Nashik,Wheat,Rabi,2021,Black Soil,122,66,50,8.26
6506,Maharashtra,Nashik,Rice,Kharif,2021,Black Soil,87,27,42,7.94
6507,Maharashtra,Nashik,Maize,Kharif,2021,Black Soil,109,43,26,7.81
6508,Maharashtra,Nashik,Cotton,Kharif,2021,Black Soil,2,7,4,5.31
6509,Maharashtra,Pune,Wheat,Rabi,2021,Black Soil,111,52,40,7.64
6510,Maharashtra,Pune,Rice,Kharif,2021,Black Soil,92,57,42,7.42
6511,Maharashtra,Pune,Maize,Kharif,2021,Black Soil,100,56,33,8.02
6512,Maharashtra,Pune,Cotton,Kharif,2021,Black Soil,80,20,25,7.63
6513,Tamil Nadu,Thanjavur,Wheat,Rabi,2021,Red Loam,124,63,61,6.72
6514,Tamil Nadu,Thanjavur,Rice,Kharif,2021,Red Loam,70,64,41,6.82
6515,Tamil Nadu,Thanjavur,Maize,Kharif,2021,Red Loam,54,28,32,6.48
6516,Tamil Nadu,Thanjavur,Cotton,Kharif,2021,Red Loam,25,18,8,5.32
6517,Andhra Pradesh,Kurnool,Wheat,Rabi,2021,Red Soil,151,63,35,6.94
6518,Andhra Pradesh,Kurnool,Rice,Kharif,2021,Red Soil,46,47,44,6.82
6519,Andhra Pradesh,Kurnool,Maize,Kharif,2021,Red Soil,115,33,38,7.45
6520,Andhra Pradesh,Kurnool,Cotton,Kharif,2021,Red Soil,104,43,37,7.37
6521,Punjab,Ludhiana,Wheat,Rabi,2022,Alluvial,158,67,44,7.53
6522,Punjab,Ludhiana,Rice,Kharif,2022,Alluvial,116,46,49,6.64
6523,Punjab,Ludhiana,Maize,Kharif,2022,Alluvial,12,16,9,5.02
6524,Punjab,Ludhiana,Cotton,Kharif,2022,Alluvial,83,27,10,7.25
6525,Punjab,Patiala,Wheat,Rabi,2022,Alluvial,130,31,21,7.47
6526,Punjab,Patiala,Rice,Kharif,2022,Alluvial,101,36,46,7.87
6527,Punjab,Patiala,Maize,Kharif,2022,Alluvial,71,32,11,7.34
6528,Punjab,Patiala,Cotton,Kharif,2022,Alluvial,83,47,22,7.36
6529,Uttar Pradesh,Kanpur,Wheat,Rabi,2022,Alluvial,125,37,38,7.19
6530,Uttar Pradesh,Kanpur,Rice,Kharif,2022,Alluvial,96,41,45,7.19
6531,Uttar Pradesh,Kanpur,Maize,Kharif,2022,Alluvial,24,7,3,4.38
6532,Uttar Pradesh,Kanpur,Cotton,Kharif,2022,Alluvial,80,45,38,6.96
6533,Uttar Pradesh,Varanasi,Wheat,Rabi,2022,Alluvial,112,52,25,7.16
6534,Uttar Pradesh,Varanasi,Rice,Kharif,2022,Alluvial,16,12,6,5.35
6535,Uttar Pradesh,Varanasi,Maize,Kharif,2022,Alluvial,72,17,27,7.32
6536,Uttar Pradesh,Varanasi,Cotton,Kharif,2022,Alluvial,73,27,44,7.03
6537,West Bengal,Hooghly,Wheat,Rabi,2022,Alluvial,88,75,67,6.6
6538,West Bengal,Hooghly,Rice,Kharif,2022,Alluvial,61,38,45,6.64
6539,West Bengal,Hooghly,Maize,Kharif,2022,Alluvial,110,31,42,6.46
6540,West Bengal,Hooghly,Cotton,Kharif,2022,Alluvial,34,37,33,6.88
6541,West Bengal,Bardhaman,Wheat,Rabi,2022,Clay Loam,102,61,48,6.67
6542,West Bengal,Bardhaman,Rice,Kharif,2022,Clay Loam,27,0,6,5.29
6543,West Bengal,Bardhaman,Maize,Kharif,2022,Clay Loam,51,47,19,6.36
6544,West Bengal,Bardhaman,Cotton,Kharif,2022,Clay Loam,75,25,29,5.81
6545,Maharashtra,Nashik,Wheat,Rabi,2022,Black Soil,88,69,50,7.94
6546,Maharashtra,Nashik,Rice,Kharif,2022,Black Soil,115,58,74,8.53
6547,Maharashtra,Nashik,Maize,Kharif,2022,Black Soil,97,60,40,8.1
6548,Maharashtra,Nashik,Cotton,Kharif,2022,Black Soil,59,36,32,7.75
6549,Maharashtra,Pune,Wheat,Rabi,2022,Black Soil,17,4,2,4.85
6550,Maharashtra,Pune,Rice,Kharif,2022,Black Soil,120,51,55,7.8
6551,Maharashtra,Pune,Maize,Kharif,2022,Black Soil,107,37,43,7.43
6552,Maharashtra,Pune,Cotton,Kharif,2022,Black Soil,78,45,57,7.49
6553,Tamil Nadu,Thanjavur,Wheat,Rabi,2022,Red Loam,88,55,49,6.73
6554,Tamil Nadu,Thanjavur,Rice,Kharif,2022,Red Loam,86,48,37,7.36
6555,Tamil Nadu,Thanjavur,Maize,Kharif,2022,Red Loam,88,24,19,6.9
6556,Tamil Nadu,Thanjavur,Cotton,Kharif,2022,Red Loam,67,45,34,6.23
6557,Andhra Pradesh,Kurnool,Wheat,Rabi,2022,Red Soil,120,73,36,6.7
6558,Andhra Pradesh,Kurnool,Rice,Kharif,2022,Red Soil,102,45,54,7.3
6559,Andhra Pradesh,Kurnool,Maize,Kharif,2022,Red Soil,21,7,4,4.43
6560,Andhra Pradesh,Kurnool,Cotton,Kharif,2022,Red Soil,80,54,25,7.03
6561,Punjab,Ludhiana,Wheat,Rabi,2023,Alluvial,28,8,1,4.06
6562,Punjab,Ludhiana,Rice,Kharif,2023,Alluvial,126,46,47,7.26
6563,Punjab,Ludhiana,Maize,Kharif,2023,Alluvial,114,23,29,7.21
6564,Punjab,Ludhiana,Cotton,Kharif,2023,Alluvial,68,42,35,6.7
6565,Punjab,Patiala,Wheat,Rabi,2023,Alluvial,118,71,40,7.38
6566,Punjab,Patiala,Rice,Kharif,2023,Alluvial,98,49,39,7.98
6567,Punjab,Patiala,Maize,Kharif,2023,Alluvial,111,40,29,7.53
6568,Punjab,Patiala,Cotton,Kharif,2023,Alluvial,95,36,41,7.03
6569,Uttar Pradesh,Kanpur,Wheat,Rabi,2023,Alluvial,87,74,42,7.15
6570,Uttar Pradesh,Kanpur,Rice,Kharif,2023,Alluvial,109,74,57,7.49
6571,Uttar Pradesh,Kanpur,Maize,Kharif,2023,Alluvial,69,36,43,6.95
6572,Uttar Pradesh,Kanpur,Cotton,Kharif,2023,Alluvial,86,45,33,6.81
6573,Uttar Pradesh,Varanasi,Wheat,Rabi,2023,Alluvial,114,58,40,7.13
6574,Uttar Pradesh,Varanasi,Rice,Kharif,2023,Alluvial,66,40,58,7.11
6575,Uttar Pradesh,Varanasi,Maize,Kharif,2023,Alluvial,76,36,22,7.11
6576,Uttar Pradesh,Varanasi,Cotton,Kharif,2023,Alluvial,61,45,40,7.32
6577,West Bengal,Hooghly,Wheat,Rabi,2023,Alluvial,114,81,32,6.22
6578,West Bengal,Hooghly,Rice,Kharif,2023,Alluvial,19,16,11,5.21
6579,West Bengal,Hooghly,Maize,Kharif,2023,Alluvial,106,21,28,6.4
6580,West Bengal,Hooghly,Cotton,Kharif,2023,Alluvial,92,42,27,6.73
6581,West Bengal,Bardhaman,Wheat,Rabi,2023,Clay Loam,86,54,52,6.27
6582,West Bengal,Bardhaman,Rice,Kharif,2023,Clay Loam,105,53,56,6.35
6583,West Bengal,Bardhaman,Maize,Kharif,2023,Clay Loam,99,62,43,6.19
6584,West Bengal,Bardhaman,Cotton,Kharif,2023,Clay Loam,85,50,42,6.77
6585,Maharashtra,Nashik,Wheat,Rabi,2023,Black Soil,146,68,31,7.89
6586,Maharashtra,Nashik,Rice,Kharif,2023,Black Soil,18,17,0,4.04
6587,Maharashtra,Nashik,Maize,Kharif,2023,Black Soil,73,47,39,7.72
6588,Maharashtra,Nashik,Cotton,Kharif,2023,Black Soil,78,38,38,7.89
6589,Maharashtra,Pune,Wheat,Rabi,2023,Black Soil,137,45,33,7.49
6590,Maharashtra,Pune,Rice,Kharif,2023,Black Soil,111,44,60,7.34
6591,Maharashtra,Pune,Maize,Kharif,2023,Black Soil,89,38,49,7.48
6592,Maharashtra,Pune,Cotton,Kharif,2023,Black Soil,99,26,29,7.88
6593,Tamil Nadu,Thanjavur,Wheat,Rabi,2023,Red Loam,114,61,38,6.46
6594,Tamil Nadu,Thanjavur,Rice,Kharif,2023,Red Loam,141,61,58,6.51
6595,Tamil Nadu,Thanjavur,Maize,Kharif,2023,Red Loam,82,45,29,6.63
6596,Tamil Nadu,Thanjavur,Cotton,Kharif,2023,Red Loam,45,31,56,7.04
6597,Andhra Pradesh,Kurnool,Wheat,Rabi,2023,Red Soil,26,10,11,4.26
6598,Andhra Pradesh,Kurnool,Rice,Kharif,2023,Red Soil,68,33,65,7.05
6599,Andhra Pradesh,Kurnool,Maize,Kharif,2023,Red Soil,27,18,5,4.18
6600,Andhra Pradesh,Kurnool,Cotton,Kharif,2023,Red Soil,101,42,41,7.06
6601,Punjab,Ludhiana,Wheat,Rabi,2019,Alluvial,131,71,45,7.11
6602,Punjab,Ludhiana,Rice,Kharif,2019,Alluvial,98,51,44,7.24
6603,Punjab,Ludhiana,Maize,Kharif,2019,Alluvial,89,44,29,7.31
6604,Punjab,Ludhiana,Cotton,Kharif,2019,Alluvial,84,54,38,7.18
6605,Punjab,Patiala,Wheat,Rabi,2019,Alluvial,111,61,41,8.06
6606,Punjab,Patiala,Rice,Kharif,2019,Alluvial,129,51,45,7.57
6607,Punjab,Patiala,Maize,Kharif,2019,Alluvial,83,40,18,7.55
6608,Punjab,Patiala,Cotton,Kharif,2019,Alluvial,89,42,36,7.28
6609,Uttar Pradesh,Kanpur,Wheat,Rabi,2019,Alluvial,2,8,12,4.8
6610,Uttar Pradesh,Kanpur,Rice,Kharif,2019,Alluvial,85,35,58,7.15
6611,Uttar Pradesh,Kanpur,Maize,Kharif,2019,Alluvial,17,18,9,4.9
6612,Uttar Pradesh,Kanpur,Cotton,Kharif,2019,Alluvial,77,23,34,6.52
6613,Uttar Pradesh,Varanasi,Wheat,Rabi,2019,Alluvial,101,74,48,6.67
6614,Uttar Pradesh,Varanasi,Rice,Kharif,2019,Alluvial,122,53,53,6.64
6615,Uttar Pradesh,Varanasi,Maize,Kharif,2019,Alluvial,91,38,49,7.34
6616,Uttar Pradesh,Varanasi,Cotton,Kharif,2019,Alluvial,88,42,38,7.09
6617,West Bengal,Hooghly,Wheat,Rabi,2019,Alluvial,147,65,42,6.55
6618,West Bengal,Hooghly,Rice,Kharif,2019,Alluvial,78,38,52,6.49
6619,West Bengal,Hooghly,Maize,Kharif,2019,Alluvial,78,45,45,6.51
6620,West Bengal,Hooghly,Cotton,Kharif,2019,Alluvial,96,40,41,6.56
6621,West Bengal,Bardhaman,Wheat,Rabi,2019,Clay Loam,109,70,51,5.94
6622,West Bengal,Bardhaman,Rice,Kharif,2019,Clay Loam,2,11,3,5.16
6623,West Bengal,Bardhaman,Maize,Kharif,2019,Clay Loam,77,41,45,6.02
6624,West Bengal,Bardhaman,Cotton,Kharif,2019,Clay Loam,80,40,26,6.57
6625,Maharashtra,Nashik,Wheat,Rabi,2019,Black Soil,123,83,47,7.93
6626,Maharashtra,Nashik,Rice,Kharif,2019,Black Soil,67,39,38,7.96
6627,Maharashtra,Nashik,Maize,Kharif,2019,Black Soil,98,38,24,8.03
6628,Maharashtra,Nashik,Cotton,Kharif,2019,Black Soil,93,40,35,7.35
6629,Maharashtra,Pune,Wheat,Rabi,2019,Black Soil,126,52,43,7.49
6630,Maharashtra,Pune,Rice,Kharif,2019,Black Soil,91,40,75,7.85
6631,Maharashtra,Pune,Maize,Kharif,2019,Black Soil,15,9,14,5.13
6632,Maharashtra,Pune,Cotton,Kharif,2019,Black Soil,54,25,38,7.49
6633,Tamil Nadu,Thanjavur,Wheat,Rabi,2019,Red Loam,136,51,44,7.15
6634,Tamil Nadu,Thanjavur,Rice,Kharif,2019,Red Loam,87,62,56,7.38
6635,Tamil Nadu,Thanjavur,Maize,Kharif,2019,Red Loam,97,14,32,6.41
6636,Tamil Nadu,Thanjavur,Cotton,Kharif,2019,Red Loam,17,18,2,4.03
6637,Andhra Pradesh,Kurnool,Wheat,Rabi,2019,Red Soil,112,63,38,7.01
6638,Andhra Pradesh,Kurnool,Rice,Kharif,2019,Red Soil,96,51,47,6.84
6639,Andhra Pradesh,Kurnool,Maize,Kharif,2019,Red Soil,14,3,11,4.99
6640,Andhra Pradesh,Kurnool,Cotton,Kharif,2019,Red Soil,94,44,33,6.83
6641,Punjab,Ludhiana,Wheat,Rabi,2020,Alluvial,103,63,40,7.49
6642,Punjab,Ludhiana,Rice,Kharif,2020,Alluvial,129,43,47,7.54
6643,Punjab,Ludhiana,Maize,Kharif,2020,Alluvial,93,50,23,7.77
6644,Punjab,Ludhiana,Cotton,Kharif,2020,Alluvial,73,38,15,7.17
6645,Punjab,Patiala,Wheat,Rabi,2020,Alluvial,18,16,2,4.19
6646,Punjab,Patiala,Rice,Kharif,2020,Alluvial,109,38,40,7.92
6647,Punjab,Patiala,Maize,Kharif,2020,Alluvial,73,42,23,6.98
6648,Punjab,Patiala,Cotton,Kharif,2020,Alluvial,54,38,44,7.62
6649,Uttar Pradesh,Kanpur,Wheat,Rabi,2020,Alluvial,95,55,53,7.3
6650,Uttar Pradesh,Kanpur,Rice,Kharif,2020,Alluvial,104,81,81,7.31
6651,Uttar Pradesh,Kanpur,Maize,Kharif,2020,Alluvial,88,42,21,7.75
6652,Uttar Pradesh,Kanpur,Cotton,Kharif,2020,Alluvial,58,20,44,7.54
6653,Uttar Pradesh,Varanasi,Wheat,Rabi,2020,Alluvial,94,57,42,7.15
6654,Uttar Pradesh,Varanasi,Rice,Kharif,2020,Alluvial,92,53,34,7.36
6655,Uttar Pradesh,Varanasi,Maize,Kharif,2020,Alluvial,22,19,4,4.91
6656,Uttar Pradesh,Varanasi,Cotton,Kharif,2020,Alluvial,68,40,37,7.14
6657,West Bengal,Hooghly,Wheat,Rabi,2020,Alluvial,131,60,39,6.57
6658,West Bengal,Hooghly,Rice,Kharif,2020,Alluvial,85,56,38,6.33
6659,West Bengal,Hooghly,Maize,Kharif,2020,Alluvial,110,39,17,6.7
6660,West Bengal,Hooghly,Cotton,Kharif,2020,Alluvial,121,40,19,6.08
6661,West Bengal,Bardhaman,Wheat,Rabi,2020,Clay Loam,124,68,29,5.79
6662,West Bengal,Bardhaman,Rice,Kharif,2020,Clay Loam,18,10,8,4.8
6663,West Bengal,Bardhaman,Maize,Kharif,2020,Clay Loam,92,41,24,5.43
6664,West Bengal,Bardhaman,Cotton,Kharif,2020,Clay Loam,64,55,42,6.25
6665,Maharashtra,Nashik,Wheat,Rabi,2020,Black Soil,103,42,25,7.65
6666,Maharashtra,Nashik,Rice,Kharif,2020,Black Soil,20,19,12,4.95
6667,Maharashtra,Nashik,Maize,Kharif,2020,Black Soil,83,48,16,7.66
6668,Maharashtra,Nashik,Cotton,Kharif,2020,Black Soil,50,29,33,8.29
6669,Maharashtra,Pune,Wheat,Rabi,2020,Black Soil,4,8,14,4.44
6670,Maharashtra,Pune,Rice,Kharif,2020,Black Soil,138,53,43,7.5
6671,Maharashtra,Pune,Maize,Kharif,2020,Black Soil,113,51,24,7.14
6672,Maharashtra,Pune,Cotton,Kharif,2020,Black Soil,15,0,6,5.44
6673,Tamil Nadu,Thanjavur,Wheat,Rabi,2020,Red Loam,100,44,33,7.05
6674,Tamil Nadu,Thanjavur,Rice,Kharif,2020,Red Loam,90,60,34,6.53
6675,Tamil Nadu,Thanjavur,Maize,Kharif,2020,Red Loam,85,49,40,7.34
6676,Tamil Nadu,Thanjavur,Cotton,Kharif,2020,Red Loam,109,41,49,6.61
6677,Andhra Pradesh,Kurnool,Wheat,Rabi,2020,Red Soil,62,69,25,7.03
6678,Andhra Pradesh,Kurnool,Rice,Kharif,2020,Red Soil,77,65,67,7.22
6679,Andhra Pradesh,Kurnool,Maize,Kharif,2020,Red Soil,92,49,39,7.06
6680,Andhra Pradesh,Kurnool,Cotton,Kharif,2020,Red Soil,90,26,25,6.44
6681,Punjab,Ludhiana,Wheat,Rabi,2021,Alluvial,133,69,34,7.07
6682,Punjab,Ludhiana,Rice,Kharif,2021,Alluvial,117,54,53,7.23
6683,Punjab,Ludhiana,Maize,Kharif,2021,Alluvial,80,47,10,7.6
6684,Punjab,Ludhiana,Cotton,Kharif,2021,Alluvial,100,31,35,7.67
6685,Punjab,Patiala,Wheat,Rabi,2021,Alluvial,117,70,28,7.47
6686,Punjab,Patiala,Rice,Kharif,2021,Alluvial,126,46,54,7.66
6687,Punjab,Patiala,Maize,Kharif,2021,Alluvial,88,35,7,7.65
6688,Punjab,Patiala,Cotton,Kharif,2021,Alluvial,86,26,24,7.25
6689,Uttar Pradesh,Kanpur,Wheat,Rabi,2021,Alluvial,23,7,4,5.48
6690,Uttar Pradesh,Kanpur,Rice,Kharif,2021,Alluvial,27,2,3,4.24
6691,Uttar Pradesh,Kanpur,Maize,Kharif,2021,Alluvial,12,19,0,4.76
6692,Uttar Pradesh,Kanpur,Cotton,Kharif,2021,Alluvial,18,1,0,4.46
6693,Uttar Pradesh,Varanasi,Wheat,Rabi,2021,Alluvial,141,67,49,6.89
6694,Uttar Pradesh,Varanasi,Rice,Kharif,2021,Alluvial,88,43,47,7.25
6695,Uttar Pradesh,Varanasi,Maize,Kharif,2021,Alluvial,89,51,40,7.24
6696,Uttar Pradesh,Varanasi,Cotton,Kharif,2021,Alluvial,74,45,26,7.27
6697,West Bengal,Hooghly,Wheat,Rabi,2021,Alluvial,163,47,50,6.87
6698,West Bengal,Hooghly,Rice,Kharif,2021,Alluvial,117,43,54,6.14
6699,West Bengal,Hooghly,Maize,Kharif,2021,Alluvial,12,7,13,4.4
6700,West Bengal,Hooghly,Cotton,Kharif,2021,Alluvial,89,43,14,6.59
6701,West Bengal,Bardhaman,Wheat,Rabi,2021,Clay Loam,126,67,42,6.27
6702,West Bengal,Bardhaman,Rice,Kharif,2021,Clay Loam,96,28,40,6.79
6703,West Bengal,Bardhaman,Maize,Kharif,2021,Clay Loam,89,45,37,6.96
6704,West Bengal,Bardhaman,Cotton,Kharif,2021,Clay Loam,91,49,57,6.09
6705,Maharashtra,Nashik,Wheat,Rabi,2021,Black Soil,11,14,3,5.13
6706,Maharashtra,Nashik,Rice,Kharif,2021,Black Soil,135,69,53,7.74
6707,Maharashtra,Nashik,Maize,Kharif,2021,Black Soil,101,32,25,7.63
6708,Maharashtra,Nashik,Cotton,Kharif,2021,Black Soil,76,55,47,7.4
6709,Maharashtra,Pune,Wheat,Rabi,2021,Black Soil,151,56,29,8.0
6710,Maharashtra,Pune,Rice,Kharif,2021,Black Soil,127,23,55,7.58
6711,Maharashtra,Pune,Maize,Kharif,2021,Black Soil,20,18,13,4.49
6712,Maharashtra,Pune,Cotton,Kharif,2021,Black Soil,76,38,45,7.28
6713,Tamil Nadu,Thanjavur,Wheat,Rabi,2021,Red Loam,105,68,50,6.92
6714,Tamil Nadu,Thanjavur,Rice,Kharif,2021,Red Loam,86,62,46,6.35
6715,Tamil Nadu,Thanjavur,Maize,Kharif,2021,Red Loam,102,49,20,6.48
6716,Tamil Nadu,Thanjavur,Cotton,Kharif,2021,Red Loam,87,43,41,6.98
6717,Andhra Pradesh,Kurnool,Wheat,Rabi,2021,Red Soil,114,57,44,6.81
6718,Andhra Pradesh,Kurnool,Rice,Kharif,2021,Red Soil,90,38,54,6.99
6719,Andhra Pradesh,Kurnool,Maize,Kharif,2021,Red Soil,30,39,27,6.72
6720,Andhra Pradesh,Kurnool,Cotton,Kharif,2021,Red Soil,81,38,36,7.43
6721,Punjab,Ludhiana,Wheat,Rabi,2022,Alluvial,24,7,1,4.49
6722,Punjab,Ludhiana,Rice,Kharif,2022,Alluvial,113,58,37,6.97
6723,Punjab,Ludhiana,Maize,Kharif,2022,Alluvial,97,38,35,7.49
6724,Punjab,Ludhiana,Cotton,Kharif,2022,Alluvial,80,58,40,7.11
6725,Punjab,Patiala,Wheat,Rabi,2022,Alluvial,163,59,40,7.58
6726,Punjab,Patiala,Rice,Kharif,2022,Alluvial,22,6,4,5.42
6727,Punjab,Patiala,Maize,Kharif,2022,Alluvial,82,33,35,7.84
6728,Punjab,Patiala,Cotton,Kharif,2022,Alluvial,85,40,33,7.82
6729,Uttar Pradesh,Kanpur,Wheat,Rabi,2022,Alluvial,106,38,37,7.6
6730,Uttar Pradesh,Kanpur,Rice,Kharif,2022,Alluvial,104,54,54,7.21
6731,Uttar Pradesh,Kanpur,Maize,Kharif,2022,Alluvial,96,28,30,6.77
6732,Uttar Pradesh,Kanpur,Cotton,Kharif,2022,Alluvial,92,33,35,7.25
6733,Uttar Pradesh,Varanasi,Wheat,Rabi,2022,Alluvial,107,68,41,6.86
6734,Uttar Pradesh,Varanasi,Rice,Kharif,2022,Alluvial,131,39,57,6.93
6735,Uttar Pradesh,Varanasi,Maize,Kharif,2022,Alluvial,84,20,20,6.92
6736,Uttar Pradesh,Varanasi,Cotton,Kharif,2022,Alluvial,103,36,32,6.44
6737,West Bengal,Hooghly,Wheat,Rabi,2022,Alluvial,127,66,15,6.66
6738,West Bengal,Hooghly,Rice,Kharif,2022,Alluvial,78,35,49,6.59
6739,West Bengal,Hooghly,Maize,Kharif,2022,Alluvial,129,38,30,5.99
6740,West Bengal,Hooghly,Cotton,Kharif,2022,Alluvial,65,32,25,6.17
6741,West Bengal,Bardhaman,Wheat,Rabi,2022,Clay Loam,125,59,43,5.57
6742,West Bengal,Bardhaman,Rice,Kharif,2022,Clay Loam,88,57,39,6.39
6743,West Bengal,Bardhaman,Maize,Kharif,2022,Clay Loam,98,31,9,5.99
6744,West Bengal,Bardhaman,Cotton,Kharif,2022,Clay Loam,76,26,32,6.22
6745,Maharashtra,Nashik,Wheat,Rabi,2022,Black Soil,100,49,40,7.56
6746,Maharashtra,Nashik,Rice,Kharif,2022,Black Soil,77,50,67,8.05
6747,Maharashtra,Nashik,Maize,Kharif,2022,Black Soil,91,34,29,7.81
6748,Maharashtra,Nashik,Cotton,Kharif,2022,Black Soil,85,35,39,7.82
6749,Maharashtra,Pune,Wheat,Rabi,2022,Black Soil,117,56,40,7.01
6750,Maharashtra,Pune,Rice,Kharif,2022,Black Soil,106,58,46,7.51
6751,Maharashtra,Pune,Maize,Kharif,2022,Black Soil,82,25,45,7.51
6752,Maharashtra,Pune,Cotton,Kharif,2022,Black Soil,108,36,53,7.4
6753,Tamil Nadu,Thanjavur,Wheat,Rabi,2022,Red Loam,9,19,10,5.08
6754,Tamil Nadu,Thanjavur,Rice,Kharif,2022,Red Loam,121,48,61,6.7
6755,Tamil Nadu,Thanjavur,Maize,Kharif,2022,Red Loam,88,37,25,6.99
6756,Tamil Nadu,Thanjavur,Cotton,Kharif,2022,Red Loam,96,36,52,6.44
6757,Andhra Pradesh,Kurnool,Wheat,Rabi,2022,Red Soil,17,8,0,5.27
6758,Andhra Pradesh,Kurnool,Rice,Kharif,2022,Red Soil,99,62,40,7.11
6759,Andhra Pradesh,Kurnool,Maize,Kharif,2022,Red Soil,101,38,13,6.89
6760,Andhra Pradesh,Kurnool,Cotton,Kharif,2022,Red Soil,113,32,46,6.78
6761,Punjab,Ludhiana,Wheat,Rabi,2023,Alluvial,134,53,24,7.15
6762,Punjab,Ludhiana,Rice,Kharif,2023,Alluvial,97,41,44,7.1
6763,Punjab,Ludhiana,Maize,Kharif,2023,Alluvial,48,39,25,7.56
6764,Punjab,Ludhiana,Cotton,Kharif,2023,Alluvial,67,50,42,6.96
6765,Punjab,Patiala,Wheat,Rabi,2023,Alluvial,83,57,28,7.73
6766,Punjab,Patiala,Rice,Kharif,2023,Alluvial,25,13,11,5.39
6767,Punjab,Patiala,Maize,Kharif,2023,Alluvial,91,45,23,7.41
6768,Punjab,Patiala,Cotton,Kharif,2023,Alluvial,106,36,42,7.67
6769,Uttar Pradesh,Kanpur,Wheat,Rabi,2023,Alluvial,119,57,43,7.47
6770,Uttar Pradesh,Kanpur,Rice,Kharif,2023,Alluvial,74,53,49,6.68
6771,Uttar Pradesh,Kanpur,Maize,Kharif,2023,Alluvial,75,30,32,7.03
6772,Uttar Pradesh,Kanpur,Cotton,Kharif,2023,Alluvial,91,35,51,7.07
6773,Uttar Pradesh,Varanasi,Wheat,Rabi,2023,Alluvial,125,47,57,6.81
6774,Uttar Pradesh,Varanasi,Rice,Kharif,2023,Alluvial,98,61,54,6.67
6775,Uttar Pradesh,Varanasi,Maize,Kharif,2023,Alluvial,65,46,39,7.16
6776,Uttar Pradesh,Varanasi,Cotton,Kharif,2023,Alluvial,114,30,38,7.15
6777,West Bengal,Hooghly,Wheat,Rabi,2023,Alluvial,121,50,25,6.4
6778,West Bengal,Hooghly,Rice,Kharif,2023,Alluvial,25,4,3,4.75
6779,West Bengal,Hooghly,Maize,Kharif,2023,Alluvial,64,28,38,7.16
6780,West Bengal,Hooghly,Cotton,Kharif,2023,Alluvial,72,42,40,6.83
6781,West Bengal,Bardhaman,Wheat,Rabi,2023,Clay Loam,98,58,54,5.83
6782,West Bengal,Bardhaman,Rice,Kharif,2023,Clay Loam,93,62,60,6.33
6783,West Bengal,Bardhaman,Maize,Kharif,2023,Clay Loam,84,33,21,6.19
6784,West Bengal,Bardhaman,Cotton,Kharif,2023,Clay Loam,84,37,35,6.06
6785,Maharashtra,Nashik,Wheat,Rabi,2023,Black Soil,123,50,59,8.38
6786,Maharashtra,Nashik,Rice,Kharif,2023,Black Soil,142,43,56,7.84
6787,Maharashtra,Nashik,Maize,Kharif,2023,Black Soil,119,59,24,7.51
6788,Maharashtra,Nashik,Cotton,Kharif,2023,Black Soil,96,36,29,7.9
6789,Maharashtra,Pune,Wheat,Rabi,2023,Black Soil,120,74,43,7.91
6790,Maharashtra,Pune,Rice,Kharif,2023,Black Soil,130,50,52,7.51
6791,Maharashtra,Pune,Maize,Kharif,2023,Black Soil,123,35,15,7.38
6792,Maharashtra,Pune,Cotton,Kharif,2023,Black Soil,84,23,53,7.31
6793,Tamil Nadu,Thanjavur,Wheat,Rabi,2023,Red Loam,112,58,36,6.59
6794,Tamil Nadu,Thanjavur,Rice,Kharif,2023,Red Loam,86,53,54,6.85
6795,Tamil Nadu,Thanjavur,Maize,Kharif,2023,Red Loam,13,2,12,4.92
6796,Tamil Nadu,Thanjavur,Cotton,Kharif,2023,Red Loam,8,3,2,4.26
6797,Andhra Pradesh,Kurnool,Wheat,Rabi,2023,Red Soil,14,15,9,4.87
6798,Andhra Pradesh,Kurnool,Rice,Kharif,2023,Red Soil,100,56,39,7.43
6799,Andhra Pradesh,Kurnool,Maize,Kharif,2023,Red Soil,66,31,15,7.55
6800,Andhra Pradesh,Kurnool,Cotton,Kharif,2023,Red Soil,93,35,49,6.71
6801,Punjab,Ludhiana,Wheat,Rabi,2019,Alluvial,131,57,46,8.03
6802,Punjab,Ludhiana,Rice,Kharif,2019,Alluvial,51,45,35,7.43
6803,Punjab,Ludhiana,Maize,Kharif,2019,Alluvial,71,34,26,7.51
6804,Punjab,Ludhiana,Cotton,Kharif,2019,Alluvial,69,34,40,7.0
6805,Punjab,Patiala,Wheat,Rabi,2019,Alluvial,161,57,53,7.4
6806,Punjab,Patiala,Rice,Kharif,2019,Alluvial,107,44,44,7.6
6807,Punjab,Patiala,Maize,Kharif,2019,Alluvial,18,7,8,4.13
6808,Punjab,Patiala,Cotton,Kharif,2019,Alluvial,70,39,37,8.39
6809,Uttar Pradesh,Kanpur,Wheat,Rabi,2019,Alluvial,130,63,31,6.92
6810,Uttar Pradesh,Kanpur,Rice,Kharif,2019,Alluvial,108,53,57,7.59
6811,Uttar Pradesh,Kanpur,Maize,Kharif,2019,Alluvial,74,37,34,7.48
6812,Uttar Pradesh,Kanpur,Cotton,Kharif,2019,Alluvial,93,47,47,6.85
6813,Uttar Pradesh,Varanasi,Wheat,Rabi,2019,Alluvial,137,62,37,7.6
6814,Uttar Pradesh,Varanasi,Rice,Kharif,2019,Alluvial,54,55,44,6.81
6815,Uttar Pradesh,Varanasi,Maize,Kharif,2019,Alluvial,64,36,19,7.24
6816,Uttar Pradesh,Varanasi,Cotton,Kharif,2019,Alluvial,55,30,50,6.34
6817,West Bengal,Hooghly,Wheat,Rabi,2019,Alluvial,141,65,34,6.26
6818,West Bengal,Hooghly,Rice,Kharif,2019,Alluvial,110,30,60,6.61
6819,West Bengal,Hooghly,Maize,Kharif,2019,Alluvial,67,47,42,6.12
6820,West Bengal,Hooghly,Cotton,Kharif,2019,Alluvial,69,42,40,6.65
6821,West Bengal,Bardhaman,Wheat,Rabi,2019,Clay Loam,109,74,47,6.16
6822,West Bengal,Bardhaman,Rice,Kharif,2019,Clay Loam,107,61,43,5.69
6823,West Bengal,Bardhaman,Maize,Kharif,2019,Clay Loam,62,13,37,6.27
6824,West Bengal,Bardhaman,Cotton,Kharif,2019,Clay Loam,111,39,26,5.47
6825,Maharashtra,Nashik,Wheat,Rabi,2019,Black Soil,100,45,37,7.63
6826,Maharashtra,Nashik,Rice,Kharif,2019,Black Soil,97,55,30,7.49
6827,Maharashtra,Nashik,Maize,Kharif,2019,Black Soil,109,17,47,7.67
6828,Maharashtra,Nashik,Cotton,Kharif,2019,Black Soil,53,36,29,7.57
6829,Maharashtra,Pune,Wheat,Rabi,2019,Black Soil,110,44,19,7.55
6830,Maharashtra,Pune,Rice,Kharif,2019,Black Soil,28,9,1,4.5
6831,Maharashtra,Pune,Maize,Kharif,2019,Black Soil,66,28,22,7.81
6832,Maharashtra,Pune,Cotton,Kharif,2019,Black Soil,96,32,34,8.13
6833,Tamil Nadu,Thanjavur,Wheat,Rabi,2019,Red Loam,107,44,18,7.38
6834,Tamil Nadu,Thanjavur,Rice,Kharif,2019,Red Loam,94,47,49,6.84
6835,Tamil Nadu,Thanjavur,Maize,Kharif,2019,Red Loam,117,49,35,6.75
6836,Tamil Nadu,Thanjavur,Cotton,Kharif,2019,Red Loam,58,49,43,6.36
6837,Andhra Pradesh,Kurnool,Wheat,Rabi,2019,Red Soil,107,38,50,7.3
6838,Andhra Pradesh,Kurnool,Rice,Kharif,2019,Red Soil,95,56,47,7.06
6839,Andhra Pradesh,Kurnool,Maize,Kharif,2019,Red Soil,92,49,32,7.02
6840,Andhra Pradesh,Kurnool,Cotton,Kharif,2019,Red Soil,59,30,43,7.44
6841,Punjab,Ludhiana,Wheat,Rabi,2020,Alluvial,11,9,13,5.36
6842,Punjab,Ludhiana,Rice,Kharif,2020,Alluvial,2,3,9,4.32
6843,Punjab,Ludhiana,Maize,Kharif,2020,Alluvial,23,12,5,5.47
6844,Punjab,Ludhiana,Cotton,Kharif,2020,Alluvial,72,41,39,7.59
6845,Punjab,Patiala,Wheat,Rabi,2020,Alluvial,111,58,49,7.64
6846,Punjab,Patiala,Rice,Kharif,2020,Alluvial,102,55,58,7.78
6847,Punjab,Patiala,Maize,Kharif,2020,Alluvial,109,49,30,7.88
6848,Punjab,Patiala,Cotton,Kharif,2020,Alluvial,90,30,35,7.65
6849,Uttar Pradesh,Kanpur,Wheat,Rabi,2020,Alluvial,115,78,38,6.52
6850,Uttar Pradesh,Kanpur,Rice,Kharif,2020,Alluvial,96,54,52,7.29
6851,Uttar Pradesh,Kanpur,Maize,Kharif,2020,Alluvial,108,36,33,7.83
6852,Uttar Pradesh,Kanpur,Cotton,Kharif,2020,Alluvial,113,18,25,7.52
6853,Uttar Pradesh,Varanasi,Wheat,Rabi,2020,Alluvial,121,56,46,7.02
6854,Uttar Pradesh,Varanasi,Rice,Kharif,2020,Alluvial,91,57,38,6.73
6855,Uttar Pradesh,Varanasi,Maize,Kharif,2020,Alluvial,87,54,16,6.82
6856,Uttar Pradesh,Varanasi,Cotton,Kharif,2020,Alluvial,73,34,23,6.77
6857,West Bengal,Hooghly,Wheat,Rabi,2020,Alluvial,88,76,64,6.4
6858,West Bengal,Hooghly,Rice,Kharif,2020,Alluvial,57,60,63,6.36
6859,West Bengal,Hooghly,Maize,Kharif,2020,Alluvial,7,2,11,5.46
6860,West Bengal,Hooghly,Cotton,Kharif,2020,Alluvial,87,48,38,6.06
6861,West Bengal,Bardhaman,Wheat,Rabi,2020,Clay Loam,123,53,45,6.1
6862,West Bengal,Bardhaman,Rice,Kharif,2020,Clay Loam,111,41,48,6.6
6863,West Bengal,Bardhaman,Maize,Kharif,2020,Clay Loam,61,31,19,6.42
6864,West Bengal,Bardhaman,Cotton,Kharif,2020,Clay Loam,87,55,35,6.86
6865,Maharashtra,Nashik,Wheat,Rabi,2020,Black Soil,90,51,42,7.42
6866,Maharashtra,Nashik,Rice,Kharif,2020,Black Soil,92,42,32,7.75
6867,Maharashtra,Nashik,Maize,Kharif,2020,Black Soil,85,58,35,7.29
6868,Maharashtra,Nashik,Cotton,Kharif,2020,Black Soil,92,39,28,7.51
6869,Maharashtra,Pune,Wheat,Rabi,2020,Black Soil,121,58,46,7.79
6870,Maharashtra,Pune,Rice,Kharif,2020,Black Soil,110,50,57,6.9
6871,Maharashtra,Pune,Maize,Kharif,2020,Black Soil,126,55,20,7.7
6872,Maharashtra,Pune,Cotton,Kharif,2020,Black Soil,91,25,40,7.83
6873,Tamil Nadu,Thanjavur,Wheat,Rabi,2020,Red Loam,117,41,55,6.88
6874,Tamil Nadu,Thanjavur,Rice,Kharif,2020,Red Loam,71,39,42,6.76
6875,Tamil Nadu,Thanjavur,Maize,Kharif,2020,Red Loam,106,38,32,6.51
6876,Tamil Nadu,Thanjavur,Cotton,Kharif,2020,Red Loam,92,44,37,6.72
6877,Andhra Pradesh,Kurnool,Wheat,Rabi,2020,Red Soil,131,73,26,7.34
6878,Andhra Pradesh,Kurnool,Rice,Kharif,2020,Red Soil,102,49,39,6.98
6879,Andhra Pradesh,Kurnool,Maize,Kharif,2020,Red Soil,4,12,5,4.55
6880,Andhra Pradesh,Kurnool,Cotton,Kharif,2020,Red Soil,74,42,51,6.77
6881,Punjab,Ludhiana,Wheat,Rabi,2021,Alluvial,137,69,48,7.25
6882,Punjab,Ludhiana,Rice,Kharif,2021,Alluvial,77,67,52,7.05
6883,Punjab,Ludhiana,Maize,Kharif,2021,Alluvial,106,22,6,7.37
6884,Punjab,Ludhiana,Cotton,Kharif,2021,Alluvial,79,27,41,7.42
6885,Punjab,Patiala,Wheat,Rabi,2021,Alluvial,0,2,10,5.19
6886,Punjab,Patiala,Rice,Kharif,2021,Alluvial,85,36,61,8.16
6887,Punjab,Patiala,Maize,Kharif,2021,Alluvial,95,54,50,8.07
6888,Punjab,Patiala,Cotton,Kharif,2021,Alluvial,93,40,36,7.13
6889,Uttar Pradesh,Kanpur,Wheat,Rabi,2021,Alluvial,130,50,50,7.49
6890,Uttar Pradesh,Kanpur,Rice,Kharif,2021,Alluvial,74,51,47,7.14
6891,Uttar Pradesh,Kanpur,Maize,Kharif,2021,Alluvial,105,49,28,7.4
6892,Uttar Pradesh,Kanpur,Cotton,Kharif,2021,Alluvial,7,1,6,5.28
6893,Uttar Pradesh,Varanasi,Wheat,Rabi,2021,Alluvial,122,63,39,6.87
6894,Uttar Pradesh,Varanasi,Rice,Kharif,2021,Alluvial,104,39,58,7.2
6895,Uttar Pradesh,Varanasi,Maize,Kharif,2021,Alluvial,79,27,39,6.82
6896,Uttar Pradesh,Varanasi,Cotton,Kharif,2021,Alluvial,52,48,45,6.55
6897,West Bengal,Hooghly,Wheat,Rabi,2021,Alluvial,110,57,46,6.27
6898,West Bengal,Hooghly,Rice,Kharif,2021,Alluvial,84,48,41,6.43
6899,West Bengal,Hooghly,Maize,Kharif,2021,Alluvial,75,46,38,6.79
6900,West Bengal,Hooghly,Cotton,Kharif,2021,Alluvial,91,36,44,6.3
6901,West Bengal,Bardhaman,Wheat,Rabi,2021,Clay Loam,114,48,33,6.09
6902,West Bengal,Bardhaman,Rice,Kharif,2021,Clay Loam,99,55,54,6.62
6903,West Bengal,Bardhaman,Maize,Kharif,2021,Clay Loam,101,41,21,6.25
6904,West Bengal,Bardhaman,Cotton,Kharif,2021,Clay Loam,22,13,8,5.04
6905,Maharashtra,Nashik,Wheat,Rabi,2021,Black Soil,116,56,36,7.76
6906,Maharashtra,Nashik,Rice,Kharif,2021,Black Soil,108,62,55,7.59
6907,Maharashtra,Nashik,Maize,Kharif,2021,Black Soil,90,41,12,7.94
6908,Maharashtra,Nashik,Cotton,Kharif,2021,Black Soil,84,26,30,7.99
6909,Maharashtra,Pune,Wheat,Rabi,2021,Black Soil,130,58,40,7.32
6910,Maharashtra,Pune,Rice,Kharif,2021,Black Soil,126,63,37,7.56
6911,Maharashtra,Pune,Maize,Kharif,2021,Black Soil,122,35,20,7.87
6912,Maharashtra,Pune,Cotton,Kharif,2021,Black Soil,72,44,31,7.45
6913,Tamil Nadu,Thanjavur,Wheat,Rabi,2021,Red Loam,143,56,38,7.03
6914,Tamil Nadu,Thanjavur,Rice,Kharif,2021,Red Loam,111,57,75,6.92
6915,Tamil Nadu,Thanjavur,Maize,Kharif,2021,Red Loam,12,2,0,4.49
6916,Tamil Nadu,Thanjavur,Cotton,Kharif,2021,Red Loam,79,29,25,6.66
6917,Andhra Pradesh,Kurnool,Wheat,Rabi,2021,Red Soil,104,55,31,7.03
6918,Andhra Pradesh,Kurnool,Rice,Kharif,2021,Red Soil,16,13,5,4.45
6919,Andhra Pradesh,Kurnool,Maize,Kharif,2021,Red Soil,69,52,19,6.83
6920,Andhra Pradesh,Kurnool,Cotton,Kharif,2021,Red Soil,14,0,0,4.08
6921,Punjab,Ludhiana,Wheat,Rabi,2022,Alluvial,165,76,50,7.11
6922,Punjab,Ludhiana,Rice,Kharif,2022,Alluvial,109,65,51,6.99
6923,Punjab,Ludhiana,Maize,Kharif,2022,Alluvial,82,31,26,7.66
6924,Punjab,Ludhiana,Cotton,Kharif,2022,Alluvial,99,36,40,7.46
6925,Punjab,Patiala,Wheat,Rabi,2022,Alluvial,125,59,50,8.04
6926,Punjab,Patiala,Rice,Kharif,2022,Alluvial,107,62,53,7.53
6927,Punjab,Patiala,Maize,Kharif,2022,Alluvial,28,9,10,4.99
6928,Punjab,Patiala,Cotton,Kharif,2022,Alluvial,65,41,33,7.39
6929,Uttar Pradesh,Kanpur,Wheat,Rabi,2022,Alluvial,106,60,38,7.35
6930,Uttar Pradesh,Kanpur,Rice,Kharif,2022,Alluvial,18,15,0,4.92
6931,Uttar Pradesh,Kanpur,Maize,Kharif,2022,Alluvial,75,50,26,7.78
6932,Uttar Pradesh,Kanpur,Cotton,Kharif,2022,Alluvial,63,47,66,7.01
6933,Uttar Pradesh,Varanasi,Wheat,Rabi,2022,Alluvial,105,55,61,6.81
6934,Uttar Pradesh,Varanasi,Rice,Kharif,2022,Alluvial,94,53,53,7.52
6935,Uttar Pradesh,Varanasi,Maize,Kharif,2022,Alluvial,89,40,29,6.7
6936,Uttar Pradesh,Varanasi,Cotton,Kharif,2022,Alluvial,27,5,11,5.33
6937,West Bengal,Hooghly,Wheat,Rabi,2022,Alluvial,121,68,60,6.23
6938,West Bengal,Hooghly,Rice,Kharif,2022,Alluvial,21,0,4,4.67
6939,West Bengal,Hooghly,Maize,Kharif,2022,Alluvial,12,1,8,4.74
6940,West Bengal,Hooghly,Cotton,Kharif,2022,Alluvial,60,50,49,6.58
6941,West Bengal,Bardhaman,Wheat,Rabi,2022,Clay Loam,96,49,29,6.32
6942,West Bengal,Bardhaman,Rice,Kharif,2022,Clay Loam,104,60,52,5.64
6943,West Bengal,Bardhaman,Maize,Kharif,2022,Clay Loam,62,43,29,6.68
6944,West Bengal,Bardhaman,Cotton,Kharif,2022,Clay Loam,8,2,3,5.16
6945,Maharashtra,Nashik,Wheat,Rabi,2022,Black Soil,123,52,35,7.51
6946,Maharashtra,Nashik,Rice,Kharif,2022,Black Soil,113,40,57,7.6
6947,Maharashtra,Nashik,Maize,Kharif,2022,Black Soil,105,31,16,7.96
6948,Maharashtra,Nashik,Cotton,Kharif,2022,Black Soil,63,19,62,7.23
6949,Maharashtra,Pune,Wheat,Rabi,2022,Black Soil,91,51,31,7.26
6950,Maharashtra,Pune,Rice,Kharif,2022,Black Soil,73,50,55,7.94
6951,Maharashtra,Pune,Maize,Kharif,2022,Black Soil,23,2,8,4.16
6952,Maharashtra,Pune,Cotton,Kharif,2022,Black Soil,19,13,13,5.32
6953,Tamil Nadu,Thanjavur,Wheat,Rabi,2022,Red Loam,73,62,43,7.31
6954,Tamil Nadu,Thanjavur,Rice,Kharif,2022,Red Loam,96,50,41,7.34
6955,Tamil Nadu,Thanjavur,Maize,Kharif,2022,Red Loam,92,42,36,7.2
6956,Tamil Nadu,Thanjavur,Cotton,Kharif,2022,Red Loam,80,35,27,7.0
6957,Andhra Pradesh,Kurnool,Wheat,Rabi,2022,Red Soil,104,42,43,7.28
6958,Andhra Pradesh,Kurnool,Rice,Kharif,2022,Red Soil,87,59,55,6.3
6959,Andhra Pradesh,Kurnool,Maize,Kharif,2022,Red Soil,110,57,42,7.23
6960,Andhra Pradesh,Kurnool,Cotton,Kharif,2022,Red Soil,74,41,34,7.31
6961,Punjab,Ludhiana,Wheat,Rabi,2023,Alluvial,142,66,18,7.44
6962,Punjab,Ludhiana,Rice,Kharif,2023,Alluvial,108,55,56,7.6
6963,Punjab,Ludhiana,Maize,Kharif,2023,Alluvial,16,15,8,5.4
6964,Punjab,Ludhiana,Cotton,Kharif,2023,Alluvial,68,44,7,7.28
6965,Punjab,Patiala,Wheat,Rabi,2023,Alluvial,114,73,60,7.58
6966,Punjab,Patiala,Rice,Kharif,2023,Alluvial,86,38,59,8.09
6967,Punjab,Patiala,Maize,Kharif,2023,Alluvial,69,24,48,8.1
6968,Punjab,Patiala,Cotton,Kharif,2023,Alluvial,85,40,45,7.36
6969,Uttar Pradesh,Kanpur,Wheat,Rabi,2023,Alluvial,127,66,42,7.08
6970,Uttar Pradesh,Kanpur,Rice,Kharif,2023,Alluvial,91,59,50,7.22
6971,Uttar Pradesh,Kanpur,Maize,Kharif,2023,Alluvial,100,65,22,7.25
6972,Uttar Pradesh,Kanpur,Cotton,Kharif,2023,Alluvial,76,38,54,6.97
6973,Uttar Pradesh,Varanasi,Wheat,Rabi,2023,Alluvial,112,64,31,7.22
6974,Uttar Pradesh,Varanasi,Rice,Kharif,2023,Alluvial,116,58,50,7.4
6975,Uttar Pradesh,Varanasi,Maize,Kharif,2023,Alluvial,16,14,6,4.07
6976,Uttar Pradesh,Varanasi,Cotton,Kharif,2023,Alluvial,90,46,50,7.21
6977,West Bengal,Hooghly,Wheat,Rabi,2023,Alluvial,126,61,41,6.38
6978,West Bengal,Hooghly,Rice,Kharif,2023,Alluvial,90,53,49,6.16
6979,West Bengal,Hooghly,Maize,Kharif,2023,Alluvial,81,30,36,6.92
6980,West Bengal,Hooghly,Cotton,Kharif,2023,Alluvial,67,53,32,6.39
6981,West Bengal,Bardhaman,Wheat,Rabi,2023,Clay Loam,125,63,37,6.38
6982,West Bengal,Bardhaman,Rice,Kharif,2023,Clay Loam,21,16,2,4.32
6983,West Bengal,Bardhaman,Maize,Kharif,2023,Clay Loam,77,47,27,5.95
6984,West Bengal,Bardhaman,Cotton,Kharif,2023,Clay Loam,97,54,33,6.43
6985,Maharashtra,Nashik,Wheat,Rabi,2023,Black Soil,111,68,35,7.57
6986,Maharashtra,Nashik,Rice,Kharif,2023,Black Soil,6,5,4,4.33
6987,Maharashtra,Nashik,Maize,Kharif,2023,Black Soil,112,34,39,7.3
6988,Maharashtra,Nashik,Cotton,Kharif,2023,Black Soil,96,39,46,7.91
6989,Maharashtra,Pune,Wheat,Rabi,2023,Black Soil,103,54,37,7.66
6990,Maharashtra,Pune,Rice,Kharif,2023,Black Soil,95,28,49,7.5
6991,Maharashtra,Pune,Maize,Kharif,2023,Black Soil,78,42,21,7.78
6992,Maharashtra,Pune,Cotton,Kharif,2023,Black Soil,26,13,8,4.09
6993,Tamil Nadu,Thanjavur,Wheat,Rabi,2023,Red Loam,91,57,45,6.43
6994,Tamil Nadu,Thanjavur,Rice,Kharif,2023,Red Loam,122,60,41,6.43
6995,Tamil Nadu,Thanjavur,Maize,Kharif,2023,Red Loam,93,34,19,6.35
6996,Tamil Nadu,Thanjavur,Cotton,Kharif,2023,Red Loam,45,39,38,6.73
6997,Andhra Pradesh,Kurnool,Wheat,Rabi,2023,Red Soil,114,56,47,7.14
6998,Andhra Pradesh,Kurnool,Rice,Kharif,2023,Red Soil,117,65,55,7.12
6999,Andhra Pradesh,Kurnool,Maize,Kharif,2023,Red Soil,110,27,27,6.78
7000,Andhra Pradesh,Kurnool,Cotton,Kharif,2023,Red Soil,72,25,45,7.2
